created,contract_time,latitude,description,__CLASS__,redirect_url,id,title,salary_is_predicted,adref,longitude,location.area,location.__CLASS__,location.display_name,company.display_name,company.__CLASS__,category.label,category.tag,category.__CLASS__,salary_min,salary_max,contract_type,date_collected
2026-08-25T10:07:51Z,full_time,12.95703,"This job is with Kyndryl, an inclusive employer and a member of myGwork – the largest global platform for the LGBTQ business community. Please do not contact the recruiter directly. Who We Are At Kyndryl, we run and reimagine the mission-critical technology systems that drive advantage for the world's leading businesses. We are at the heart of progress; with proven expertise and a continuous flow of AI-powered insight, enabling smarter decisions, faster innovation, and a lasting competitive edg…",Adzuna::API::Response::Job,https://www.adzuna.in/details/5855006986?utm_medium=api&utm_source=7a21a92b,5855006986,Data Analyst / Engineer,0,eyJhbGciOiJIUzI1NiJ9.eyJpIjoiNTg1NTAwNjk4NiIsInMiOiJ3QmFkSnJ2QThSR3ZMb3ZGaF8wa3R3In0.nbxs6sXFdJvYc8r7S8BHAfbMLZqvUBuZB4Yx1mwv_u4,77.59837,"['India', 'Karnataka', 'Bangalore']",Adzuna::API::Response::Location,"Bangalore, Karnataka",Kyndryl,Adzuna::API::Response::Company,IT Jobs,it-jobs,Adzuna::API::Response::Category,,,,2026-10-05
2026-08-25T10:08:09Z,full_time,12.95703,"This job is with Kyndryl, an inclusive employer and a member of myGwork – the largest global platform for the LGBTQ business community. Please do not contact the recruiter directly. Who We Are At Kyndryl, we run and reimagine the mission-critical technology systems that drive advantage for the world's leading businesses. We are at the heart of progress; with proven expertise and a continuous flow of AI-powered insight, enabling smarter decisions, faster innovation, and a lasting competitive edg…",Adzuna::API::Response::Job,https://www.adzuna.in/details/5855007053?utm_medium=api&utm_source=7a21a92b,5855007053,Data Analyst / Engineer,0,eyJhbGciOiJIUzI1NiJ9.eyJzIjoid0JhZEpydkE4Ukd2TG92RmhfMGt0dyIsImkiOiI1ODU1MDA3MDUzIn0.wlxmvJbjSsy7w7D4HMCjALI5QGyhekJD_mYs8LHgq38,77.59837,"['India', 'Karnataka', 'Bangalore']",Adzuna::API::Response::Location,"Bangalore, Karnataka",Kyndryl,Adzuna::API::Response::Company,Accounting & Finance Jobs,accounting-finance-jobs,Adzuna::API::Response::Category,,,,2026-10-05
2026-08-18T18:03:42Z,full_time,17.40275,"This job is with Wise, an inclusive employer and a member of myGwork – the largest global platform for the LGBTQ business community. Please do not contact the recruiter directly. Wise is a global technology company, building the best way to move and manage the world’s money. Min fees. Max ease. Full speed. Whether people and businesses are sending money to another country, spending abroad, or making and receiving international payments, Wise is on a mission to make their lives easier and save t…",Adzuna::API::Response::Job,https://www.adzuna.in/details/5846723639?utm_medium=api&utm_source=7a21a92b,5846723639,Senior People Analyst,0,eyJhbGciOiJIUzI1NiJ9.eyJpIjoiNTg0NjcyMzYzOSIsInMiOiJ3QmFkSnJ2QThSR3ZMb3ZGaF8wa3R3In0.OcgOGXbR50e_6bsTdiXnHKJAAMSgMzf508DRyf5gBGM,78.50806,"['India', 'Telangana', 'Hyderabad']",Adzuna::API::Response::Location,"Hyderabad, Telangana",Wise,Adzuna::API::Response::Company,IT Jobs,it-jobs,Adzuna::API::Response::Category,,,,2026-10-05
2024-05-10T07:38:46Z,,8.38159,Immediate requirement for the post of Data Analyst on rotation Shift (Male or Female). Persons only willing to work in both shifts need to apply.careers.coretechgmail.comorplease contact 9.4.nine.6.8.1.5.6.3.0,Adzuna::API::Response::Job,https://www.adzuna.in/details/4686704238?utm_medium=api&utm_source=7a21a92b,4686704238,Data Analyst,0,eyJhbGciOiJIUzI1NiJ9.eyJpIjoiNDY4NjcwNDIzOCIsInMiOiJ3QmFkSnJ2QThSR3ZMb3ZGaF8wa3R3In0.ahUXmldrH3JFFJ1itumQ5-1mOvoQEGPeAbgArfkvCfE,77.0037,"['India', 'Kerala', 'Thiruvananthapuram']",Adzuna::API::Response::Location,"Thiruvananthapuram, Kerala",,Adzuna::API::Response::Company,IT Jobs,it-jobs,Adzuna::API::Response::Category,,,,2026-10-05
2026-09-30T19:28:41Z,full_time,,"This role is for one of Weekday’s clients Salary range: Rs 100000 - Rs 350000 (ie INR 1 - 3.5 LPA) Min Experience: 0 years Location: Maharashtra, India, Telangana, India JobType: full-time We are looking for a motivated and analytical Data Analyst with 0–2 years of experience to join our team. The ideal candidate will have a strong interest in data analysis, Machine Learning, Artificial Intelligence for Business, and .NET development , with the ability to translate business requirements into me…",Adzuna::API::Response::Job,https://www.adzuna.in/details/5903927781?utm_medium=api&utm_source=7a21a92b,5903927781,Data Analyst,0,eyJhbGciOiJIUzI1NiJ9.eyJzIjoid0JhZEpydkE4Ukd2TG92RmhfMGt0dyIsImkiOiI1OTAzOTI3NzgxIn0.iJBYKtfT88h0CoacFQ5YgBTXrGvQIpmfuGSqsHI0AyQ,,['India'],Adzuna::API::Response::Location,India,Weekday AI,Adzuna::API::Response::Company,IT Jobs,it-jobs,Adzuna::API::Response::Category,,,,2026-10-05
2026-10-03T19:54:01Z,full_time,,"       '   :   -   (  - ) Experience: 4 yrs Location: Bengaluru Job Type: Full-time We are looking for an experienced Full-Stack Senior Product Software Engineer to design, build, and support scalable products and mission-critical systems. The role combines strong backend engineering with modern frontend development, technical ownership, system reliability, and cross-functional collaboration. The ideal candidate will have strong expertise in Java, Spring Boot, React.js, microservices, REST APIs…",Adzuna::API::Response::Job,https://www.adzuna.in/details/5910115026?utm_medium=api&utm_source=7a21a92b,5910115026,Data Analyst,0,eyJhbGciOiJIUzI1NiJ9.eyJzIjoid0JhZEpydkE4Ukd2TG92RmhfMGt0dyIsImkiOiI1OTEwMTE1MDI2In0.WESKjcYf53S5ST2XsgVDF19_H88U1aRG5Tmxk-NgJN4,,['India'],Adzuna::API::Response::Location,India,Weekday AI,Adzuna::API::Response::Company,IT Jobs,it-jobs,Adzuna::API::Response::Category,,,,2026-10-05
2026-09-30T00:11:50Z,,18.51875,"Job Description: Develop, maintain, and validate data mapping documentation to support business and technical requirements. Define, implement, and monitor data quality rules to improve data accuracy, consistency, and reliability. Support strategic initiatives by analyzing data, identifying issues, and recommending practical solutions. Partner with business and technical stakeholders to gather requirements, clarify objectives, and align data efforts with organizational priorities. Perform comple…",Adzuna::API::Response::Job,https://www.adzuna.in/details/5903008902?utm_medium=api&utm_source=7a21a92b,5903008902,Data Analyst,0,eyJhbGciOiJIUzI1NiJ9.eyJpIjoiNTkwMzAwODkwMiIsInMiOiJ3QmFkSnJ2QThSR3ZMb3ZGaF8wa3R3In0.xNIwQ8vgSpjjkKEG-Qp5rQ5R6LIZp-aC3__qjFBqHgA,73.88075,"['India', 'Maharashtra', 'Pune', 'Yerwada']",Adzuna::API::Response::Location,"Yerwada, Pune",Acme Services Private Limited,Adzuna::API::Response::Company,IT Jobs,it-jobs,Adzuna::API::Response::Category,2000000.0,2100000.0,,2026-10-05
2026-07-29T20:47:45Z,full_time,28.56579,"Responsibilities Ability to work on low complexity projects independently (Data Validation, Data Delivery &Tabulation/Data Outputs) Understand client requirement specifications and ensure to deliver them in time Organizing and shaping the data through the internal standards Escalate problems to manager for assistance as needed Experience 2-5 years of work experience in market research or equivalent. Knowledge & Skill Knowledge in Microsoft Office(Excel, Word and powerPoint). Knowledge of SPSS K…",Adzuna::API::Response::Job,https://www.adzuna.in/details/5819873638?utm_medium=api&utm_source=7a21a92b,5819873638,Data Analyst/ Senior Data Analyst,0,eyJhbGciOiJIUzI1NiJ9.eyJpIjoiNTgxOTg3MzYzOCIsInMiOiJ3QmFkSnJ2QThSR3ZMb3ZGaF8wa3R3In0.IKLjfAiZ5X_JNP0ooajt1Z_zr2fgHwhO57lh_yxgslQ,77.3225,"['India', 'Uttar Pradesh', 'Ghaziabad', 'Noida']",Adzuna::API::Response::Location,"Noida, Ghaziabad",Dynata,Adzuna::API::Response::Company,IT Jobs,it-jobs,Adzuna::API::Response::Category,,,,2026-10-05
2026-09-12T08:31:36Z,full_time,17.40275,"This job is with Wise, an inclusive employer and a member of myGwork – the largest global platform for the LGBTQ business community. Please do not contact the recruiter directly. Wise is a global technology company, building the best way to move and manage the world’s money. Min fees. Max ease. Full speed. Whether people and businesses are sending money to another country, spending abroad, or making and receiving international payments, Wise is on a mission to make their lives easier and save t…",Adzuna::API::Response::Job,https://www.adzuna.in/details/5880523767?utm_medium=api&utm_source=7a21a92b,5880523767,Staff Backend Engineer,0,eyJhbGciOiJIUzI1NiJ9.eyJzIjoid0JhZEpydkE4Ukd2TG92RmhfMGt0dyIsImkiOiI1ODgwNTIzNzY3In0.PBOwKa_wtYLS7CWCzuucezo4v16bkEkK70PGCYhMza4,78.50806,"['India', 'Telangana', 'Hyderabad']",Adzuna::API::Response::Location,"Hyderabad, Telangana",Wise,Adzuna::API::Response::Company,IT Jobs,it-jobs,Adzuna::API::Response::Category,,,,2026-10-05
2026-05-21T02:12:34Z,,18.5062,"Job Summary - Data Analyst We are looking to hire a data analyst to join our enterprise customer solutions team. As a Data Analyst, one will take responsibility for developing reports, and troubleshooting data issues. To do well in this role you need attention to detail, past experience as a data analyst, and a deep understanding of the popular data analysis tools and databases. Data Analyst Responsibilities: ● Commissioning and decommissioning of data sets. ● Processing confidential data and i…",Adzuna::API::Response::Job,https://www.adzuna.in/details/5735463452?utm_medium=api&utm_source=7a21a92b,5735463452,Data Analyst,0,eyJhbGciOiJIUzI1NiJ9.eyJzIjoid0JhZEpydkE4Ukd2TG92RmhfMGt0dyIsImkiOiI1NzM1NDYzNDUyIn0.VW1nzKr7UK4h75xK7Fh28uniZgFFgqcLgL-MGWnPUZc,73.84735,"['India', 'Maharashtra', 'Pune']",Adzuna::API::Response::Location,"Pune, Maharashtra",Digital Twin,Adzuna::API::Response::Company,IT Jobs,it-jobs,Adzuna::API::Response::Category,,,,2026-10-05
2021-02-15T04:27:43Z,full_time,,"Data Analyst Job Duties Data analyst responsibilities include conducting full lifecycle analysis to include requirements, activities and design. Data analysts will develop analysis and reporting capabilities. They will also monitor performance and quality control plans to identify improvements. Responsibilities Interpret data, analyze results using statistical techniques and provide ongoing reports Develop and implement databases, data collection systems, data analytics and other strategies tha…",Adzuna::API::Response::Job,https://www.adzuna.in/details/1993882092?utm_medium=api&utm_source=7a21a92b,1993882092,Data Analyst,0,eyJhbGciOiJIUzI1NiJ9.eyJpIjoxOTkzODgyMDkyLCJzIjoid0JhZEpydkE4Ukd2TG92RmhfMGt0dyJ9.kBZENll99a4j2jZQYsGq_tj9AbilrIvrW_6fakcV-x8,,"['India', 'Delhi']",Adzuna::API::Response::Location,"Delhi, India",SveltetechTechnologies Pvt Ltd,Adzuna::API::Response::Company,IT Jobs,it-jobs,Adzuna::API::Response::Category,0.0,300000.0,,2026-10-05
2026-09-03T08:01:51Z,,18.5062,"Develop complex queries and procedures to extract data for game analytics. Create dashboards on a daily basis handling multiple games simultaneously. Present the insights and findings to key stakeholders. Work closely with Product Managers to identify analytical questions. Work independently on the assigned tasks. Assist in development of processes to automate data analysis. Learn and adapt to new methods, tools and technologies. Relevant experience in SQL Querying, Data Analysis using Microsof…",Adzuna::API::Response::Job,https://www.adzuna.in/details/5868120206?utm_medium=api&utm_source=7a21a92b,5868120206,Data Analyst,0,eyJhbGciOiJIUzI1NiJ9.eyJzIjoid0JhZEpydkE4Ukd2TG92RmhfMGt0dyIsImkiOiI1ODY4MTIwMjA2In0.j2ShCinIhXxbuYWwumaMUslj7CQ9DXMbOuC34CpPL9M,73.84735,"['India', 'Maharashtra', 'Pune']",Adzuna::API::Response::Location,"Pune, Maharashtra",Reliance Games,Adzuna::API::Response::Company,IT Jobs,it-jobs,Adzuna::API::Response::Category,,,,2026-10-05
2025-04-16T01:41:37Z,full_time,,"Position Description Data Analyst Location: Remote/Bangalore Amicus Therapeutics is a global, patient-dedicated biotechnology company focused on discovering, developing and delivering high-quality medicines for people living with rare metabolic diseases. Position Summary Data analyst responsibilities include conducting full lifecycle analysis to include requirements, activities and design. Data analysts will develop analysis and reporting capabilities. They will also monitor performance and qua…",Adzuna::API::Response::Job,https://www.adzuna.in/details/5146507084?utm_medium=api&utm_source=7a21a92b,5146507084,Data Analyst,0,eyJhbGciOiJIUzI1NiJ9.eyJpIjoiNTE0NjUwNzA4NCIsInMiOiJ3QmFkSnJ2QThSR3ZMb3ZGaF8wa3R3In0.mLdB8gNps_N0ZVn2WqET0Yee8n8pjLOkPiRxEcLAnOk,,"['India', 'Karnataka', 'Bangalore']",Adzuna::API::Response::Location,"Bangalore, Karnataka",Amicus Therapeutics,Adzuna::API::Response::Company,IT Jobs,it-jobs,Adzuna::API::Response::Category,,,,2026-10-05
2024-01-07T15:08:07Z,full_time,28.62523,"Job Title: Data Analyst Job Brief: The successful candidate will turn data into information, information into insight and insight into business decisions. Data Analyst Job Duties Data analyst responsibilities include conducting full lifecycle analysis to include requirements, activities and design. Data analysts will develop analysis and reporting capabilities. They will also monitor performance and quality control plans to identify improvements. About Us We began in 2015 with an entrepreneuria…",Adzuna::API::Response::Job,https://www.adzuna.in/details/4514376622?utm_medium=api&utm_source=7a21a92b,4514376622,Data Analyst,0,eyJhbGciOiJIUzI1NiJ9.eyJpIjoiNDUxNDM3NjYyMiIsInMiOiJ3QmFkSnJ2QThSR3ZMb3ZGaF8wa3R3In0.vaQkXzQF9Fho-ojlibkHWPoXoPpJ7KqXzRUkku3UJr4,77.224601,"['India', 'Delhi']",Adzuna::API::Response::Location,"Delhi, India",Qrata,Adzuna::API::Response::Company,IT Jobs,it-jobs,Adzuna::API::Response::Category,1000000.0,1200000.0,,2026-10-05
2026-05-30T02:27:15Z,full_time,,"Data Analyst Location: Remote/Bangalore Amicus Therapeutics is a global, patient-dedicated biotechnology company focused on discovering, developing, and delivering high-quality medicines for people living with rare metabolic diseases. Position Summary Data analyst responsibilities include conducting full lifecycle analysis to include requirements, activities and design. Data analysts will develop analysis and reporting capabilities. They will also monitor performance and quality control plans t…",Adzuna::API::Response::Job,https://www.adzuna.in/details/5744868780?utm_medium=api&utm_source=7a21a92b,5744868780,Data Analyst,0,eyJhbGciOiJIUzI1NiJ9.eyJzIjoid0JhZEpydkE4Ukd2TG92RmhfMGt0dyIsImkiOiI1NzQ0ODY4NzgwIn0.kqxy2gAKGE3stx7t1ute8-HdFPFDhl9VygMDXmEkkYA,,"['India', 'Karnataka', 'Bangalore']",Adzuna::API::Response::Location,"Bangalore, Karnataka",Amicus India,Adzuna::API::Response::Company,IT Jobs,it-jobs,Adzuna::API::Response::Category,,,,2026-10-05
2026-08-21T07:38:38Z,,17.40275,"Bachelor's degree or equivalent in Information Technology, Computer Science, CIS, Engineering, or Math 5 year's proven working experience as a data analyst or business data analyst 3 years' Experience with BI Solutions (Micro Strategy, Looker, Tableau), databases (SQL), programming (Python, XML, JavaScript, or ETL frameworks) Technical experience regarding data models, database design development, data mining and segmentation techniques Knowledge of statistics and experience analyzing datasets …",Adzuna::API::Response::Job,https://www.adzuna.in/details/5850375334?utm_medium=api&utm_source=7a21a92b,5850375334,Data Analyst,0,eyJhbGciOiJIUzI1NiJ9.eyJpIjoiNTg1MDM3NTMzNCIsInMiOiJ3QmFkSnJ2QThSR3ZMb3ZGaF8wa3R3In0.yfuQkspIMcKuCtW_PlfQo-TU92YGW4mvR-I5nbVzDP0,78.50806,"['India', 'Telangana', 'Hyderabad']",Adzuna::API::Response::Location,"Hyderabad, Telangana",TechnoGen,Adzuna::API::Response::Company,IT Jobs,it-jobs,Adzuna::API::Response::Category,,,,2026-10-05
2024-01-07T15:07:49Z,full_time,28.62523,"Job Title Data Analyst Job Brief The successful candidate will turn data into information, information into insight and insight into business decisions. Data Analyst Job Duties Data analyst responsibilities include conducting full lifecycle analysis to include requirements, activities and design. Data analysts will develop analysis and reporting capabilities. They will also monitor performance and quality control plans to identify improvements. Responsibilities ● Interpret data, analyze results…",Adzuna::API::Response::Job,https://www.adzuna.in/details/4514376189?utm_medium=api&utm_source=7a21a92b,4514376189,Data Analyst,0,eyJhbGciOiJIUzI1NiJ9.eyJpIjoiNDUxNDM3NjE4OSIsInMiOiJ3QmFkSnJ2QThSR3ZMb3ZGaF8wa3R3In0.iZt2MtJeC0SsnlW0lmkOlseir305pgLng5_vMMVVDeg,77.224601,"['India', 'Delhi']",Adzuna::API::Response::Location,"Delhi, India",Qrata,Adzuna::API::Response::Company,IT Jobs,it-jobs,Adzuna::API::Response::Category,800000.0,1300000.0,,2026-10-05
2026-05-14T02:27:02Z,full_time,22.57285,"Job Description: Job Title: Data Analyst Job Description: We are looking for a skilled Data Analyst to collect, analyze, and interpret large datasets to help drive business decisions. The ideal candidate will have strong analytical skills, attention to detail, and experience with data visualization tools. Key Responsibilities: Analyze data to identify trends and insights. Create dashboards and reports for internal stakeholders. Collaborate with teams to understand data needs. Ensure data accura…",Adzuna::API::Response::Job,https://www.adzuna.in/details/5728436260?utm_medium=api&utm_source=7a21a92b,5728436260,Data analyst,0,eyJhbGciOiJIUzI1NiJ9.eyJpIjoiNTcyODQzNjI2MCIsInMiOiJ3QmFkSnJ2QThSR3ZMb3ZGaF8wa3R3In0._sKTTUSA6Qjo6xAAiTbsZin0nagPNJYxTAz6-93W4pY,88.34373,"['India', 'West Bengal', 'Kolkata']",Adzuna::API::Response::Location,"Kolkata, West Bengal",RECEX,Adzuna::API::Response::Company,IT Jobs,it-jobs,Adzuna::API::Response::Category,2880000.0,3600000.0,,2026-10-05
2024-12-07T13:03:54Z,full_time,,"Job Title : Data Analyst-Fintech Job Description : We are seeking a highly motivated and detail-oriented Data Analyst with 2 to 4 years of work experience to join our team. The ideal candidate will have a strong analytical mindset, excellent problem-solving skills, and a passion for transforming data into actionable insights. In this role, you will play a pivotal role in gathering, analyzing, and interpreting data to support informed decision-making and drive business growth. Key Responsibiliti…",Adzuna::API::Response::Job,https://www.adzuna.in/details/4966721625?utm_medium=api&utm_source=7a21a92b,4966721625,Data Analyst,0,eyJhbGciOiJIUzI1NiJ9.eyJzIjoid0JhZEpydkE4Ukd2TG92RmhfMGt0dyIsImkiOiI0OTY2NzIxNjI1In0.v2CsZAXINL7EPqhVZNnWvh4233bNqmZOl9EtEBCqn0c,,['India'],Adzuna::API::Response::Location,India,Fatakpay,Adzuna::API::Response::Company,IT Jobs,it-jobs,Adzuna::API::Response::Category,800000.0,1500000.0,,2026-10-05
2026-09-29T09:28:23Z,full_time,28.56579,"Position - Data Analyst Exp - 1-6 yrs Location - Noida (Sec- 62) Notice Period - Immediate joiner- 15 days Skills - Data Analyst, ETL Developer, SQL skills (mandatory), ETL concepts, data validation, quality checks, and troubleshooting, data extraction, transformation, loading, and monitoring About the Role We are looking for a Data Analyst with strong hands-on experience in SQL and ETL pipelines . The ideal candidate should be proficient in data extraction, transformation, loading, validation,…",Adzuna::API::Response::Job,https://www.adzuna.in/details/5902511235?utm_medium=api&utm_source=7a21a92b,5902511235,Data Analyst,0,eyJhbGciOiJIUzI1NiJ9.eyJzIjoid0JhZEpydkE4Ukd2TG92RmhfMGt0dyIsImkiOiI1OTAyNTExMjM1In0.t5Bb_iUbIs6XsXYj5yWk3RPKAK6YnQeskRDYBYdSjbY,77.3225,"['India', 'Uttar Pradesh', 'Ghaziabad', 'Noida']",Adzuna::API::Response::Location,"Noida, Ghaziabad",Arting Digital Private Limited,Adzuna::API::Response::Company,IT Jobs,it-jobs,Adzuna::API::Response::Category,,,permanent,2026-10-05
2026-09-30T16:17:45Z,full_time,28.6735,"FULLTIME Data Analyst Innodata Inc. 4 days ago Data Analyst Innodata Inc. Data Science / Analytics FULLTIME 18001 - 20000 1 - 2 Years Ghaziabad Job Description We are looking for an Advanced Excel/MIS Executive to manage, analyze, and maintain company data and reports. The candidate will be responsible for preparing daily, weekly, and monthly MIS reports, creating Excel dashboards, analyzing data, maintaining records, and ensuring data accuracy. The role requires strong knowledge of Advanced Ex…",Adzuna::API::Response::Job,https://www.adzuna.in/details/5903790480?utm_medium=api&utm_source=7a21a92b,5903790480,Data Analyst,0,eyJhbGciOiJIUzI1NiJ9.eyJzIjoid0JhZEpydkE4Ukd2TG92RmhfMGt0dyIsImkiOiI1OTAzNzkwNDgwIn0.7zE3Ct6uXEq7W-HyD_GPXQWr3X3vH1CSvyLi45bbr3c,77.4199,"['India', 'Uttar Pradesh', 'Ghaziabad']",Adzuna::API::Response::Location,"Ghaziabad, Uttar Pradesh",Softcrayons IT Education,Adzuna::API::Response::Company,IT Jobs,it-jobs,Adzuna::API::Response::Category,,,,2026-10-05
2026-05-27T02:25:11Z,full_time,19.72098,"Job Description: *]:pointer-events-auto R6Vx5W_threadScrollVars scroll-mb-[calc(var(scroll-root-safe-area-inset-bottom,0px)var(thread-response-height))] scroll-mt-[calc(var(header-height)min(200px,max(70px,20svh)))]"" data-scroll-anchor=""false"" data-testid=""conversation-turn-2"" data-turn=""assistant"" data-turn-id=""request-WEB:a09f2817-6254-4ccc-9fb6-39e39dbcb8e3-0"" data-turn-id-container=""request-WEB:a09f2817-6254-4ccc-9fb6-39e39dbcb8e3-0"" dir=""auto""> Job Description – Data Analyst Position: Data…",Adzuna::API::Response::Job,https://www.adzuna.in/details/5741536696?utm_medium=api&utm_source=7a21a92b,5741536696,Data Analyst,0,eyJhbGciOiJIUzI1NiJ9.eyJpIjoiNTc0MTUzNjY5NiIsInMiOiJ3QmFkSnJ2QThSR3ZMb3ZGaF8wa3R3In0.0MGng3vbNA1AGfyCwl2r4MBoxSasrcSsgmTmXVlA-lo,73.40553,"['India', 'Maharashtra', 'Thane', 'Vasai']",Adzuna::API::Response::Location,"Vasai, Thane",RECEX,Adzuna::API::Response::Company,IT Jobs,it-jobs,Adzuna::API::Response::Category,300000.0,500000.0,,2026-10-05
2019-06-05T21:12:29Z,full_time,,"MaGIC Technology and Product team is looking for a data analyst to help expand and improve data on startups, investors, and founders in the ASEAN region. As part of the data team on our Startup Database product, you will assist in maintaining the accuracy of information on startups and investors, and continuously update our repository with latest publicly available data on the same. The job offers a high degree of autonomy and will also see you playing a leading role in the analysis of the data…",Adzuna::API::Response::Job,https://www.adzuna.in/details/1171509680?utm_medium=api&utm_source=7a21a92b,1171509680,Data Analyst,0,eyJhbGciOiJIUzI1NiJ9.eyJpIjoxMTcxNTA5NjgwLCJzIjoid0JhZEpydkE4Ukd2TG92RmhfMGt0dyJ9.971iwK6twukPqMWH0jF1q-3qVDEf6_RTBzK59k6hTZc,,['India'],Adzuna::API::Response::Location,India,Malaysian Global Innovation and Creativity Centre,Adzuna::API::Response::Company,IT Jobs,it-jobs,Adzuna::API::Response::Category,500000.0,1000000.0,contract,2026-10-05
2020-09-19T01:45:32Z,full_time,,"About the Role The following Job Specification is intended to reflect the nature, range and context of the work. It identifies the main requirements of the job but is not an exhaustive list of duties. The Data Analyst role is a vital role as to be a sole point of contact responsible for closely working with various teams internally and closely working with the CTO. This role typically requires the resource to analyse the vast number of datasets and provide a meaningful impact and the result of …",Adzuna::API::Response::Job,https://www.adzuna.in/details/1712428599?utm_medium=api&utm_source=7a21a92b,1712428599,Data Analyst,0,eyJhbGciOiJIUzI1NiJ9.eyJpIjoxNzEyNDI4NTk5LCJzIjoid0JhZEpydkE4Ukd2TG92RmhfMGt0dyJ9.zq-lBcwEc6Rp4FDWKt97weqm-luGC87hk8BxU2HxPKc,,"['India', 'Karnataka', 'Bangalore']",Adzuna::API::Response::Location,"Bangalore, Karnataka",Namaste Credit,Adzuna::API::Response::Company,IT Jobs,it-jobs,Adzuna::API::Response::Category,500000.0,1000000.0,,2026-10-05
2025-11-20T00:58:08Z,full_time,,"About the Role We are looking for a highly skilled Data Analyst or Data Scientist with strong expertise in Python and SQL to join our client’s team. The primary responsibility will be to automate data-driven workflows and processes based on detailed business steps provided by the Product and Business teams. The ideal candidate will bridge the gap between analytics, process understanding, and automation execution. Key Responsibilities ● Collaborate with the Business and Product teams to understa…",Adzuna::API::Response::Job,https://www.adzuna.in/details/5503836577?utm_medium=api&utm_source=7a21a92b,5503836577,Data Analyst,0,eyJhbGciOiJIUzI1NiJ9.eyJzIjoid0JhZEpydkE4Ukd2TG92RmhfMGt0dyIsImkiOiI1NTAzODM2NTc3In0.99ZCrm_w4Cgp-VAeaZjKcXY68rAE-fs9aAkO4aNqJOU,,['India'],Adzuna::API::Response::Location,India,NAVVYASA CONSULTING PRIVATE LIMITED,Adzuna::API::Response::Company,IT Jobs,it-jobs,Adzuna::API::Response::Category,,,,2026-10-05
2026-08-07T07:26:13Z,,18.5062,"Expert knowledge of one or more reporting platforms (Tableau, Business Objects, etc.) Expert in constructing and optimizing complex SQL queries across large volumes of data Expert knowledge of one or more data quality management platforms (Informatica IDQ / CDQ, Ataccama, Information Builders) and using that platform to conduct data discovery and analysis Strong analytical skills and an understanding of the appropriate statistical techniques to use under different circumstances Experience desig…",Adzuna::API::Response::Job,https://www.adzuna.in/details/5831395731?utm_medium=api&utm_source=7a21a92b,5831395731,Data Analyst,0,eyJhbGciOiJIUzI1NiJ9.eyJzIjoid0JhZEpydkE4Ukd2TG92RmhfMGt0dyIsImkiOiI1ODMxMzk1NzMxIn0.MnFT5SFQqfxe6kU49NQ9K8fxeh6Ln5E-UgfeKexiS0A,73.84735,"['India', 'Maharashtra', 'Pune']",Adzuna::API::Response::Location,"Pune, Maharashtra",Whisk Software Private Limited,Adzuna::API::Response::Company,IT Jobs,it-jobs,Adzuna::API::Response::Category,,,,2026-10-05
2026-10-03T16:26:15Z,full_time,26.52495,Position – Data Analyst R-Insights Research Company is looking for a Data Analyst to develop insightful and comprehensive data analysis and reporting for social and market research projects. Schedule – Full time Main Responsibilities Methodology design for marketing and social research projects Data collection tool design Programing and testing of online questionnaires Database cleaning and data processing Data analytics and preparation of compelling visualizations Conducting statistical power …,Adzuna::API::Response::Job,https://www.adzuna.in/details/5909826687?utm_medium=api&utm_source=7a21a92b,5909826687,Data analyst,0,eyJhbGciOiJIUzI1NiJ9.eyJzIjoid0JhZEpydkE4Ukd2TG92RmhfMGt0dyIsImkiOiI1OTA5ODI2Njg3In0.awHenCsXl21_5Uo3LH6b-b-_YB5py6A6J83vub56nLQ,74.604,"['India', 'Rajasthan', 'Ajmer']",Adzuna::API::Response::Location,"Ajmer, Rajasthan",R-Insights Research Company,Adzuna::API::Response::Company,Consultancy Jobs,consultancy-jobs,Adzuna::API::Response::Category,,,,2026-10-05
2025-11-19T22:19:09Z,full_time,,"Data Analyst – Job Decription Connecting people with each other and the right information is mission critical. Our Company develops innovative cloud-based technology to make it easier, more effective and more efficient to make the right connections. Our solutions put people in sync with each other and the right information, so they gain the insight needed to reach better decisions on the issues that matter most. We do it with a laser focus on reliability. The Company is a leading provider of te…",Adzuna::API::Response::Job,https://www.adzuna.in/details/5503284671?utm_medium=api&utm_source=7a21a92b,5503284671,Data Analyst,0,eyJhbGciOiJIUzI1NiJ9.eyJzIjoid0JhZEpydkE4Ukd2TG92RmhfMGt0dyIsImkiOiI1NTAzMjg0NjcxIn0.BJrpfee4z2uR5NJfMufJu_g-lbAxeQHwQj8Ynv7AuJU,,"['India', 'Karnataka', 'Bangalore']",Adzuna::API::Response::Location,"Bangalore, Karnataka",Intelliatx Therapeutics,Adzuna::API::Response::Company,IT Jobs,it-jobs,Adzuna::API::Response::Category,,,,2026-10-05
2026-09-09T21:36:43Z,,18.5062,"We're looking for a Data Analyst This role is Office Based, Pune Office Data Analyst – Enterprise Data Management Location: Hyderabad, India About the Role: We are seeking an experienced Data Analyst to join our Enterprise Data Management team , with a core focus on Data Quality, Data Governance, and Master Data Management (MDM). In this role, you will be responsible for analyzing, profiling, and enhancing data within critical enterprise applications, including Salesforce, Oracle ERP, and Marke…",Adzuna::API::Response::Job,https://www.adzuna.in/details/5877293479?utm_medium=api&utm_source=7a21a92b,5877293479,Data Analyst,0,eyJhbGciOiJIUzI1NiJ9.eyJzIjoid0JhZEpydkE4Ukd2TG92RmhfMGt0dyIsImkiOiI1ODc3MjkzNDc5In0.NqS-y0rRI1glzTHmlJf9OHnlSKAnIRqqkasbf59FT9w,73.84735,"['India', 'Maharashtra', 'Pune']",Adzuna::API::Response::Location,"Pune, Maharashtra",Cornerstone OnDemand,Adzuna::API::Response::Company,IT Jobs,it-jobs,Adzuna::API::Response::Category,,,,2026-10-05
2026-09-18T21:52:19Z,full_time,,"Company Overview MedTourEasy, a global healthcare company, provides you the informational resources needed to evaluate your global options. MedTourEasy provides analytical solutions to our partner healthcare providers globally. Job Title Data Analyst Job Location Bengaluru, India Gurgaon, India New Delhi, India Noida, India Years of Experience 0-5 years Job Description As a Data Analyst at Medtoureasy, you will play a crucial role in analyzing and interpreting complex data sets to help drive st…",Adzuna::API::Response::Job,https://www.adzuna.in/details/5889560006?utm_medium=api&utm_source=7a21a92b,5889560006,Data Analyst,0,eyJhbGciOiJIUzI1NiJ9.eyJzIjoid0JhZEpydkE4Ukd2TG92RmhfMGt0dyIsImkiOiI1ODg5NTYwMDA2In0.I8VIrVkOM4wKD5GXWXo2U-kUA8zJiD2tDa7StLD0GZg,,['India'],Adzuna::API::Response::Location,India,MedTourEasy,Adzuna::API::Response::Company,IT Jobs,it-jobs,Adzuna::API::Response::Category,600000.0,600000.0,,2026-10-05
2021-09-29T05:01:45Z,full_time,18.5062,"We at Reality Premedia pvt ltd is looking for Data Analyst for Pune location. Must have experience in BFSC domain. Exp- Min 3yrs Location- Pune Mandatory Skills- Exp in powerBI/Tableau, SQL Basic Python Skills:- Tableau, PowerBI and Data Analytics",Adzuna::API::Response::Job,https://www.adzuna.in/details/2500155500?utm_medium=api&utm_source=7a21a92b,2500155500,Data Analyst,0,eyJhbGciOiJIUzI1NiJ9.eyJpIjoiMjUwMDE1NTUwMCIsInMiOiJ3QmFkSnJ2QThSR3ZMb3ZGaF8wa3R3In0.HDCTRGcEG8MoC076fmsvPLYJLuqGDXvJnbcrvHdtNT0,73.84735,"['India', 'Maharashtra', 'Pune']",Adzuna::API::Response::Location,"Pune, Maharashtra",Reality Premedia Services Pvt Ltd,Adzuna::API::Response::Company,IT Jobs,it-jobs,Adzuna::API::Response::Category,0.0,800000.0,,2026-10-05
2026-09-09T10:19:37Z,full_time,18.5062,"This job is with Cornerstone OnDemand, an inclusive employer and a member of myGwork – the largest global platform for the LGBTQ business community. Please do not contact the recruiter directly. Data Analyst - Enterprise Data Management Location: Hyderabad, India About the Role: We are seeking an experienced Data Analyst to join our Enterprise Data Management team , with a core focus on Data Quality, Data Governance, and Master Data Management (MDM). In this role, you will be responsible for an…",Adzuna::API::Response::Job,https://www.adzuna.in/details/5876645051?utm_medium=api&utm_source=7a21a92b,5876645051,Data Analyst,0,eyJhbGciOiJIUzI1NiJ9.eyJzIjoid0JhZEpydkE4Ukd2TG92RmhfMGt0dyIsImkiOiI1ODc2NjQ1MDUxIn0.ex2BR4kQr_3H-U3bEKSXJAb06em8Lt8pYXvRLOopaHM,73.84735,"['India', 'Maharashtra', 'Pune']",Adzuna::API::Response::Location,"Pune, Maharashtra",Cornerstone OnDemand,Adzuna::API::Response::Company,IT Jobs,it-jobs,Adzuna::API::Response::Category,,,,2026-10-05
2025-01-01T11:53:10Z,full_time,,"Job Description: Data Analyst Position: Data Analyst Location: Gurgaon Experience Level: 1-3 Years Employment Type: Full-Time Role Overview We are looking for a results-driven Data Analyst to join our team and support business decision-making through data insights and analytics. The ideal candidate will be highly proficient in Python, skilled in data visualization tools, and experienced in solving complex problems to drive measurable business outcomes such as revenue growth or cost reduction. K…",Adzuna::API::Response::Job,https://www.adzuna.in/details/4993547435?utm_medium=api&utm_source=7a21a92b,4993547435,Data Analyst,0,eyJhbGciOiJIUzI1NiJ9.eyJpIjoiNDk5MzU0NzQzNSIsInMiOiJ3QmFkSnJ2QThSR3ZMb3ZGaF8wa3R3In0.FiW2lxE5tmy6tvnywj_3sZL_84H0SagcPDbmVXnfF2g,,['India'],Adzuna::API::Response::Location,India,RegisterKaro,Adzuna::API::Response::Company,IT Jobs,it-jobs,Adzuna::API::Response::Category,400000.0,1000000.0,,2026-10-05
2026-09-22T16:13:39Z,full_time,,"We're hiring a Data Analyst to turn raw data into clear, actionable insight. You'll partner with product, sales, marketing, and operations teams to answer their most important questions with data — building dashboards, running deep-dive analyses, and defining the metrics the business runs on. The ideal candidate is fluent in SQL, comfortable wrangling messy datasets, and just as strong at telling the story behind the numbers as they are at producing them. You'll own the accuracy and trustworthi…",Adzuna::API::Response::Job,https://www.adzuna.in/details/5893825602?utm_medium=api&utm_source=7a21a92b,5893825602,Data Analyst,0,eyJhbGciOiJIUzI1NiJ9.eyJzIjoid0JhZEpydkE4Ukd2TG92RmhfMGt0dyIsImkiOiI1ODkzODI1NjAyIn0.50lu7nIO0WYPDil_1OrRAb20sO4RG-C6NmsWOWhSUlQ,,"['India', 'Karnataka', 'Bangalore']",Adzuna::API::Response::Location,"Bangalore, Karnataka",Gravity Engineering Services Pvt Ltd,Adzuna::API::Response::Company,IT Jobs,it-jobs,Adzuna::API::Response::Category,800000.0,2000000.0,,2026-10-05
2026-08-25T07:43:27Z,,,"We are seeking a meticulous and analytical Data Analyst to manage master data, ensure data quality, and support reporting and analysis initiatives. You will be responsible for overseeing the reporting environment, identifying and revising reporting requirements, and providing technical expertise in data management. This role involves working with confidential data, training end-users, and contributing to data integrity efforts. Roles & Responsibilities: Manage master data, including its creatio…",Adzuna::API::Response::Job,https://www.adzuna.in/details/5854880422?utm_medium=api&utm_source=7a21a92b,5854880422,Data Analyst,0,eyJhbGciOiJIUzI1NiJ9.eyJpIjoiNTg1NDg4MDQyMiIsInMiOiJ3QmFkSnJ2QThSR3ZMb3ZGaF8wa3R3In0.bOx_xezT0kajClqEu7LFNa-jmuJaf4ZoYka0yeRFiIs,,"['India', 'Karnataka', 'Bangalore']",Adzuna::API::Response::Location,"Bangalore, Karnataka",Apex 2000,Adzuna::API::Response::Company,IT Jobs,it-jobs,Adzuna::API::Response::Category,,,,2026-10-05
2026-09-13T21:42:16Z,full_time,,"At Ecolab, you can help take on some of the world’s most meaningful challenges, delivering critical insights and innovative solutions to help our customers achieve clean water, safe food, abundant energy and healthy environments. With our worldwide reach and ambitious growth plans, you will have the opportunity to own your future and impact what matters. Are you ready to make an impact? Ecolab is searching for a driven Data Analyst for our Enterprise Growth Operations Team in Pune, India . The …",Adzuna::API::Response::Job,https://www.adzuna.in/details/5882775660?utm_medium=api&utm_source=7a21a92b,5882775660,Data Analyst,0,eyJhbGciOiJIUzI1NiJ9.eyJpIjoiNTg4Mjc3NTY2MCIsInMiOiJ3QmFkSnJ2QThSR3ZMb3ZGaF8wa3R3In0.vvx7xXEMNlDYL0qjs6Tzb5QzpFAX55Ihl4JwB87bpoQ,,['India'],Adzuna::API::Response::Location,India,Ecolab,Adzuna::API::Response::Company,Sales Jobs,sales-jobs,Adzuna::API::Response::Category,,,,2026-10-05
2025-12-07T22:44:33Z,full_time,,"Sagility combines industry-leading technology and transformation-driven BPM services with decades of healthcare domain expertise to help clients draw closer to their members. The company optimizes the entire member/patient experience through service offerings for clinical, case management, member engagement, provider solutions, payment integrity, claims cost containment, and analytics. Sagility has more than 25,000 employees across 5 countries. ""To conduct data analysis, provide insights, and c…",Adzuna::API::Response::Job,https://www.adzuna.in/details/5532438214?utm_medium=api&utm_source=7a21a92b,5532438214,Data Analyst,0,eyJhbGciOiJIUzI1NiJ9.eyJzIjoid0JhZEpydkE4Ukd2TG92RmhfMGt0dyIsImkiOiI1NTMyNDM4MjE0In0.dEF_msPo3j85O9iOsm7cztwutLKo6naQv560UMO65xw,,['India'],Adzuna::API::Response::Location,India,Sagility,Adzuna::API::Response::Company,IT Jobs,it-jobs,Adzuna::API::Response::Category,,,,2026-10-05
2021-06-12T12:42:07Z,full_time,,"The Data Analyst in the CoE will provide end to end solution development, working in conjunction with the Domain Leads and Technology Partners. He is responsible for the delivery of solutions and solution changes which are driven by the business requirements as well as providing technical and development capabilities. Knowledge Skills:- Apache Synapse, SQL, SAP MDG ( Master Data Governance), Python and Data Analytics",Adzuna::API::Response::Job,https://www.adzuna.in/details/2247134476?utm_medium=api&utm_source=7a21a92b,2247134476,Data Analyst,0,eyJhbGciOiJIUzI1NiJ9.eyJpIjoiMjI0NzEzNDQ3NiIsInMiOiJ3QmFkSnJ2QThSR3ZMb3ZGaF8wa3R3In0.T-WrO08_3KqiIOcYRa2JCcRku2v-WSPqHdd6wHnidqo,,['India'],Adzuna::API::Response::Location,India,Indium Software,Adzuna::API::Response::Company,IT Jobs,it-jobs,Adzuna::API::Response::Category,250000.0,800000.0,,2026-10-05
2026-09-09T11:07:12Z,,17.40275,"Data Analyst - Enterprise Data Management Location: Hyderabad, India About the Role: We are seeking an experienced Data Analyst to join our Enterprise Data Management team, with a core focus on Data Quality, Data Governance, and Master Data Management (MDM). In this role, you will be responsible for analyzing, profiling, and enhancing data within critical enterprise applications, including Salesforce, Oracle ERP, and Marketo. A key part of your responsibilities involves establishing and maintai…",Adzuna::API::Response::Job,https://www.adzuna.in/details/5876718084?utm_medium=api&utm_source=7a21a92b,5876718084,Data Analyst,0,eyJhbGciOiJIUzI1NiJ9.eyJzIjoid0JhZEpydkE4Ukd2TG92RmhfMGt0dyIsImkiOiI1ODc2NzE4MDg0In0.LWuVZUA_2cqSCGiGSVp4svCWbifDeRWllZIUyDkdb-E,78.50806,"['India', 'Telangana', 'Hyderabad']",Adzuna::API::Response::Location,"Hyderabad, Telangana",Cornerstone onDemand,Adzuna::API::Response::Company,IT Jobs,it-jobs,Adzuna::API::Response::Category,,,,2026-10-05
2026-09-09T11:07:12Z,,18.5062,"Data Analyst - Enterprise Data Management Location: Hyderabad, India About the Role: We are seeking an experienced Data Analyst to join our Enterprise Data Management team, with a core focus on Data Quality, Data Governance, and Master Data Management (MDM). In this role, you will be responsible for analyzing, profiling, and enhancing data within critical enterprise applications, including Salesforce, Oracle ERP, and Marketo. A key part of your responsibilities involves establishing and maintai…",Adzuna::API::Response::Job,https://www.adzuna.in/details/5876718085?utm_medium=api&utm_source=7a21a92b,5876718085,Data Analyst,0,eyJhbGciOiJIUzI1NiJ9.eyJpIjoiNTg3NjcxODA4NSIsInMiOiJ3QmFkSnJ2QThSR3ZMb3ZGaF8wa3R3In0.X0s-OWnbhB6Tn2QJVPArmHTrC5VraAKXUDix4CEpJ-4,73.84735,"['India', 'Maharashtra', 'Pune']",Adzuna::API::Response::Location,"Pune, Maharashtra",Cornerstone onDemand,Adzuna::API::Response::Company,IT Jobs,it-jobs,Adzuna::API::Response::Category,,,,2026-10-05
2025-08-04T05:33:07Z,full_time,11.017171,"We’re seeking a detail-oriented Data Analyst with proven experience in corporate settings to transform raw data into actionable insights. You’ll collaborate across departments to support strategic decision-making, optimize operations, and enhance business performance through data-driven analysis. Skills:- PowerBI, Tableau, Data Analytics, Dashboard, MS-Office, Data Visualization and Advanced analytics",Adzuna::API::Response::Job,https://www.adzuna.in/details/5336689191?utm_medium=api&utm_source=7a21a92b,5336689191,Data Analyst,0,eyJhbGciOiJIUzI1NiJ9.eyJzIjoid0JhZEpydkE4Ukd2TG92RmhfMGt0dyIsImkiOiI1MzM2Njg5MTkxIn0.VLYlJZt0v8G5AzocP87r7tt9Wao8HpZIawkJc6T8CaQ,77.100203,"['India', 'Tamil Nadu', 'Coimbatore']",Adzuna::API::Response::Location,"Coimbatore, Tamil Nadu",EWU,Adzuna::API::Response::Company,IT Jobs,it-jobs,Adzuna::API::Response::Category,400000.0,700000.0,,2026-10-05
2024-09-07T11:25:36Z,full_time,,"Job Title: Data Analyst Location: Permanent Work from Home Job Type: Full-Time Job Description: We are seeking a highly motivated and skilled Data Analyst to join our team. The ideal candidate will have a strong background in data analysis, incident management, and real-time data reporting. The role demands exceptional communication skills, both written and spoken, as well as the ability to work flexible shifts to support our global operations. Key Responsibilities: - Perform data analysis to i…",Adzuna::API::Response::Job,https://www.adzuna.in/details/4855397054?utm_medium=api&utm_source=7a21a92b,4855397054,data analyst,0,eyJhbGciOiJIUzI1NiJ9.eyJzIjoid0JhZEpydkE4Ukd2TG92RmhfMGt0dyIsImkiOiI0ODU1Mzk3MDU0In0.Wpp8DUAaMmQiDOXQJhODuAi28kWwkOyDS0nEToqxVkQ,,['India'],Adzuna::API::Response::Location,India,Epik Solutions,Adzuna::API::Response::Company,IT Jobs,it-jobs,Adzuna::API::Response::Category,50000.0,700000.0,permanent,2026-10-05
2022-01-30T04:34:26Z,full_time,,"We are looking for a Business Intelligence (BI)/Data Analyst to create and manage Power Bl and analytics solutions that turn data into knowledge. In this role, you should have a background in data and business analysis. If you are self-directed, passionate about data, and have business acumen and problem-solving aptitude, we'd like to meet you. Ultimately, you will enhance our business intelligence system to help us make better decisions. Requirements and Qualifications BSc/BA in Computer Scien…",Adzuna::API::Response::Job,https://www.adzuna.in/details/2853927974?utm_medium=api&utm_source=7a21a92b,2853927974,Data Analyst,0,eyJhbGciOiJIUzI1NiJ9.eyJpIjoiMjg1MzkyNzk3NCIsInMiOiJ3QmFkSnJ2QThSR3ZMb3ZGaF8wa3R3In0.c20gcHkMfkc9OScDEDV76MWbH4x9b57t19kdwyg-D30,,"['India', 'Karnataka', 'Bangalore']",Adzuna::API::Response::Location,"Bangalore, Karnataka",Multi Recruit,Adzuna::API::Response::Company,IT Jobs,it-jobs,Adzuna::API::Response::Category,1200000.0,1400000.0,,2026-10-05
2026-08-08T07:31:06Z,,23.042,"Job description Need Data Analysts with good understanding of Python (pandas), Excel, tools like Tableau and Power BI. BTech (CS/IT/EC/EE), MBA, MTech, MCA, BCA, BSc, MSc freshers from 2024, 2023, 2022, 2021 should apply. Candidate should know Data Analytics. Skills: Power Bi, Sql, Python Experience: 0.00-1.00 Years",Adzuna::API::Response::Job,https://www.adzuna.in/details/5832798180?utm_medium=api&utm_source=7a21a92b,5832798180,Data Analyst,0,eyJhbGciOiJIUzI1NiJ9.eyJpIjoiNTgzMjc5ODE4MCIsInMiOiJ3QmFkSnJ2QThSR3ZMb3ZGaF8wa3R3In0.Y4A4NQ5tFHx9VK64uuktZE6_Au_0_3jvvPuNV7djKWg,72.59465,"['India', 'Gujarat', 'Ahmedabad']",Adzuna::API::Response::Location,"Ahmedabad, Gujarat",Milestone Online Technology,Adzuna::API::Response::Company,IT Jobs,it-jobs,Adzuna::API::Response::Category,,,,2026-10-05
2026-08-08T07:31:05Z,,,"Job description Need Data Analysts with good understanding of Python (pandas), Excel, tools like Tableau and Power BI. BTech (CS/IT/EC/EE), MBA, MTech, MCA, BCA, BSc, MSc freshers from 2024, 2023, 2022, 2021 should apply. Candidate should know Data Analytics. Skills: Power Bi, Sql, Python Experience: 0.00-1.00 Years",Adzuna::API::Response::Job,https://www.adzuna.in/details/5832798159?utm_medium=api&utm_source=7a21a92b,5832798159,Data Analyst,0,eyJhbGciOiJIUzI1NiJ9.eyJzIjoid0JhZEpydkE4Ukd2TG92RmhfMGt0dyIsImkiOiI1ODMyNzk4MTU5In0.ITKWKXw6SC6pYoWbVnZgV1w6uUXAUm03AfKcDkuZtGA,,"['India', 'Karnataka', 'Bangalore']",Adzuna::API::Response::Location,"Bangalore, Karnataka",Milestone Online Technology,Adzuna::API::Response::Company,IT Jobs,it-jobs,Adzuna::API::Response::Category,,,,2026-10-05
2026-08-08T07:31:06Z,,28.323996,"Job description Need Data Analysts with good understanding of Python (pandas), Excel, tools like Tableau and Power BI. BTech (CS/IT/EC/EE), MBA, MTech, MCA, BCA, BSc, MSc freshers from 2024, 2023, 2022, 2021 should apply. Candidate should know Data Analytics. Skills: Power Bi, Sql, Python Experience: 0.00-1.00 Years",Adzuna::API::Response::Job,https://www.adzuna.in/details/5832798167?utm_medium=api&utm_source=7a21a92b,5832798167,Data Analyst,0,eyJhbGciOiJIUzI1NiJ9.eyJzIjoid0JhZEpydkE4Ukd2TG92RmhfMGt0dyIsImkiOiI1ODMyNzk4MTY3In0.pO91ebFRdwpbnsWW72wafyzHpwd72fXf4zDXYpTfdF0,76.983738,"['India', 'Haryana', 'Gurgaon']",Adzuna::API::Response::Location,"Gurgaon, Haryana",Milestone Online Technology,Adzuna::API::Response::Company,IT Jobs,it-jobs,Adzuna::API::Response::Category,,,,2026-10-05
2026-08-08T07:31:07Z,,26.8677,"Job description Need Data Analysts with good understanding of Python (pandas), Excel, tools like Tableau and Power BI. BTech (CS/IT/EC/EE), MBA, MTech, MCA, BCA, BSc, MSc freshers from 2024, 2023, 2022, 2021 should apply. Candidate should know Data Analytics. Skills: Power Bi, Sql, Python Experience: 0.00-1.00 Years",Adzuna::API::Response::Job,https://www.adzuna.in/details/5832798187?utm_medium=api&utm_source=7a21a92b,5832798187,Data Analyst,0,eyJhbGciOiJIUzI1NiJ9.eyJpIjoiNTgzMjc5ODE4NyIsInMiOiJ3QmFkSnJ2QThSR3ZMb3ZGaF8wa3R3In0.KgW4_C31tUwN2JvkyTLeOlpxZX1zO-kAwvnu_b-Ou_Y,80.8897,"['India', 'Uttar Pradesh', 'Lucknow']",Adzuna::API::Response::Location,"Lucknow, Uttar Pradesh",Milestone Online Technology,Adzuna::API::Response::Company,IT Jobs,it-jobs,Adzuna::API::Response::Category,,,,2026-10-05
2026-08-08T07:31:06Z,,25.4198,"Job description Need Data Analysts with good understanding of Python (pandas), Excel, tools like Tableau and Power BI. BTech (CS/IT/EC/EE), MBA, MTech, MCA, BCA, BSc, MSc freshers from 2024, 2023, 2022, 2021 should apply. Candidate should know Data Analytics. Skills: Power Bi, Sql, Python Experience: 0.00-1.00 Years",Adzuna::API::Response::Job,https://www.adzuna.in/details/5832798181?utm_medium=api&utm_source=7a21a92b,5832798181,Data Analyst,0,eyJhbGciOiJIUzI1NiJ9.eyJzIjoid0JhZEpydkE4Ukd2TG92RmhfMGt0dyIsImkiOiI1ODMyNzk4MTgxIn0.61Qspj5j8n5jiJjogzcHaLLZ_A_wbcZ4m5rt8yCeEBE,85.4278,"['India', 'Bihar', 'Patna']",Adzuna::API::Response::Location,"Patna, Bihar",Milestone Online Technology,Adzuna::API::Response::Company,IT Jobs,it-jobs,Adzuna::API::Response::Category,,,,2026-10-05
2026-08-08T07:31:05Z,,22.57285,"Job description Need Data Analysts with good understanding of Python (pandas), Excel, tools like Tableau and Power BI. BTech (CS/IT/EC/EE), MBA, MTech, MCA, BCA, BSc, MSc freshers from 2024, 2023, 2022, 2021 should apply. Candidate should know Data Analytics. Skills: Power Bi, Sql, Python Experience: 0.00-1.00 Years",Adzuna::API::Response::Job,https://www.adzuna.in/details/5832798158?utm_medium=api&utm_source=7a21a92b,5832798158,Data Analyst,0,eyJhbGciOiJIUzI1NiJ9.eyJzIjoid0JhZEpydkE4Ukd2TG92RmhfMGt0dyIsImkiOiI1ODMyNzk4MTU4In0.Xihav1pJZsvta-LlKAIOE9liSl7IF-wUrYEtvN1MDoo,88.34373,"['India', 'West Bengal', 'Kolkata']",Adzuna::API::Response::Location,"Kolkata, West Bengal",Milestone Online Technology,Adzuna::API::Response::Company,IT Jobs,it-jobs,Adzuna::API::Response::Category,,,,2026-10-05
2021-09-05T02:42:02Z,full_time,19.00821,We are looking for a Data Analyst that oversees organisational data analytics. This will require you to design and help implement the data analytics platform that will keep the organisation running. The team will be the go-to for all data needs for the app and we are looking for a self-starter who is hands on and yet able to abstract problems and anticipate data requirements. This person should be very strong technical data analyst who can design and implement data systems on his own. Along wit…,Adzuna::API::Response::Job,https://www.adzuna.in/details/2433361449?utm_medium=api&utm_source=7a21a92b,2433361449,Data Analyst,0,eyJhbGciOiJIUzI1NiJ9.eyJzIjoid0JhZEpydkE4Ukd2TG92RmhfMGt0dyIsImkiOiIyNDMzMzYxNDQ5In0.UwjK7g1j9oZgKK1lLPt6ho2bawOQejbuXnoBXfxkiRs,72.84415,"['India', 'Maharashtra', 'Mumbai']",Adzuna::API::Response::Location,"Mumbai, Maharashtra",MSMEx,Adzuna::API::Response::Company,IT Jobs,it-jobs,Adzuna::API::Response::Category,0.0,1200000.0,,2026-10-05
2026-08-26T10:41:26Z,,,"Data Analyst We are seeking a Data Analyst to join Ariane Fine Porcelain's operations team. This role centers on extracting, transforming and analyzing data from ERP systems to support production, inventory, quality and finance functions within a ceramics manufacturing environment. The successful candidate will combine domain knowledge of manufacturing with technical ERP and analytics expertise to enable data-driven decisions, improve process efficiency and support ERP optimizations. Responsibi…",Adzuna::API::Response::Job,https://www.adzuna.in/details/5856408833?utm_medium=api&utm_source=7a21a92b,5856408833,Data Analyst,0,eyJhbGciOiJIUzI1NiJ9.eyJpIjoiNTg1NjQwODgzMyIsInMiOiJsbG1OSjd2QThSR1RNZWtrQVltV1B3In0.Trfvym_rgwrO2_Q63aTGnPSRlO84MZ-o3oVXWiM0mSg,,['India'],Adzuna::API::Response::Location,India,Umberto Ceramics International Private Limited,Adzuna::API::Response::Company,IT Jobs,it-jobs,Adzuna::API::Response::Category,500000.0,600000.0,,2026-10-05
2021-09-11T02:17:17Z,full_time,17.40275,"Our growing technology firm is looking for an experienced Data Analyst who is able to turn project requirements into custom-formatted data reports. The ideal candidate for this position is able to do complete life cycle data generation and outline critical information for each Project Manager. We also need someone who is able to analyze business procedures and recommend specific types of data that can be used to improve upon them. Skills:- SQL, SAP and Data Analytics",Adzuna::API::Response::Job,https://www.adzuna.in/details/2449398766?utm_medium=api&utm_source=7a21a92b,2449398766,Data Analyst,0,eyJhbGciOiJIUzI1NiJ9.eyJpIjoiMjQ0OTM5ODc2NiIsInMiOiJsbG1OSjd2QThSR1RNZWtrQVltV1B3In0.UHyP3XLb5Agrfhb6pFGXUpfXLnPe_nnX88HdhJHi8Zo,78.50806,"['India', 'Telangana', 'Hyderabad']",Adzuna::API::Response::Location,"Hyderabad, Telangana",Syrencloud,Adzuna::API::Response::Company,IT Jobs,it-jobs,Adzuna::API::Response::Category,0.0,800000.0,,2026-10-05
2022-02-12T04:45:18Z,full_time,,"Good grasp and hands-on exposure to SQL, Hive. Good to have- Azure cloud, Spark sql. 1. Will be the point of contact for reporting/data management needs and will be responsible to drive complex data analysis and propose improvement opportunities in existing tools and reports. 2. The Data Analyst will be responsible to establish best practices in data management, data visualization, and report distribution. 3. Understanding requirements and converting into technical and business delivers. 4. Lev…",Adzuna::API::Response::Job,https://www.adzuna.in/details/2890608757?utm_medium=api&utm_source=7a21a92b,2890608757,Data Analyst,0,eyJhbGciOiJIUzI1NiJ9.eyJzIjoibGxtTko3dkE4UkdUTWVra0FZbVdQdyIsImkiOiIyODkwNjA4NzU3In0.JgWpAANz-XHlZc0Q2JG-5c7DXql-kqzc1JvYftPlKc0,,['India'],Adzuna::API::Response::Location,India,Fragma Data Systems,Adzuna::API::Response::Company,IT Jobs,it-jobs,Adzuna::API::Response::Category,600000.0,800000.0,,2026-10-05
2024-05-10T07:38:51Z,,22.2891,"We are Hiring for ( Data Analyst ) ( Desired Candidate Profile: Checking ) Analysis and entering data in databases working in a Emergency Control Room and working on Logistics Portal Interface and GPS, Good Communication skill (Hindi & English) Employee Condition:- · Job Location is Vadodara · Girls only work in ‘A’ and ‘B’ Shift · Bond Period is 1 Years and breach to which is strictly not allowed. Special Request / Permissions shall be reviewed for by higher management is case of relieving · R…",Adzuna::API::Response::Job,https://www.adzuna.in/details/4686704927?utm_medium=api&utm_source=7a21a92b,4686704927,Data Analyst,0,eyJhbGciOiJIUzI1NiJ9.eyJzIjoibGxtTko3dkE4UkdUTWVra0FZbVdQdyIsImkiOiI0Njg2NzA0OTI3In0.oAo6xaATq-t462_C8gKO2v5ANrcyml9XfqQ7BZXPp7g,73.1924,"['India', 'Gujarat', 'Vadodara']",Adzuna::API::Response::Location,"Vadodara, Gujarat",,Adzuna::API::Response::Company,IT Jobs,it-jobs,Adzuna::API::Response::Category,,,,2026-10-05
2026-09-30T07:50:53Z,full_time,,"Description Innovexis is seeking a Data Analyst Intern to join our team in India. This is a remote internship opportunity within the Education Management industry, offering a unique chance to apply data analytics skills to real-world challenges in the education sector. As a Data Analyst Intern at Innovexis, you will work closely with experienced professionals to collect, analyze, and interpret data that supports informed decision-making and drives improvements in educational programs and servic…",Adzuna::API::Response::Job,https://www.adzuna.in/details/5903291634?utm_medium=api&utm_source=7a21a92b,5903291634,Data Analyst,0,eyJhbGciOiJIUzI1NiJ9.eyJzIjoibGxtTko3dkE4UkdUTWVra0FZbVdQdyIsImkiOiI1OTAzMjkxNjM0In0.fO-9W9-WoGCKHWetKug5AL0BJmnNWhI6OlmcrRRVX0M,,['India'],Adzuna::API::Response::Location,India,Innovexis,Adzuna::API::Response::Company,IT Jobs,it-jobs,Adzuna::API::Response::Category,,,contract,2026-10-05
2026-09-10T07:36:32Z,,19.02,"Manage HRIS, ensure data accuracy, and streamline HR processes. Analyze HR data (performance, turnover, recruitment) and provide insights. Develop HR reports and dashboards for decision-making. Assist in workforce planning and compensation analysis. Evaluate employee engagement, retention, and recruitment effectiveness. Ensure HR compliance and mitigate risks. Support training evaluation and strategic HR initiatives. Skills: Proficient in data analysis (Excel, SQL, R, Python), HRIS, and data vi…",Adzuna::API::Response::Job,https://www.adzuna.in/details/5877842241?utm_medium=api&utm_source=7a21a92b,5877842241,Data Analyst,0,eyJhbGciOiJIUzI1NiJ9.eyJzIjoibGxtTko3dkE4UkdUTWVra0FZbVdQdyIsImkiOiI1ODc3ODQyMjQxIn0.3tY9TCWTQBpouTeiGJVMYr6b8axtBl4U3-glHKcRarQ,73.02,"['India', 'Maharashtra', 'Navi Mumbai']",Adzuna::API::Response::Location,"Navi Mumbai, Maharashtra",3i Infotech Limited,Adzuna::API::Response::Company,HR & Recruitment Jobs,hr-jobs,Adzuna::API::Response::Category,,,,2026-10-05
2024-06-01T09:41:50Z,full_time,,"Must have skills 3 to 6 years Data Science SQL, Excel, Big Query - mandate 3 years Python/ML, Hadoop, Spark - 2 years Requirements • 3 years prior experience as a data analyst • Detail oriented, structural thinking and analytical mindset. • Proven analytic skills, including data analysis and data validation. • Technical writing experience in relevant areas, including queries, reports, and presentations. • Strong SQL and Excel skills with the ability to learn other analytic tools • Good communic…",Adzuna::API::Response::Job,https://www.adzuna.in/details/4715697356?utm_medium=api&utm_source=7a21a92b,4715697356,Data analyst,0,eyJhbGciOiJIUzI1NiJ9.eyJpIjoiNDcxNTY5NzM1NiIsInMiOiJsbG1OSjd2QThSR1RNZWtrQVltV1B3In0.-8Rh1FBxUPLSTbPw1fy9mO52K2_uYAt1zsvJLSS3Hgk,,"['India', 'Karnataka', 'Bangalore']",Adzuna::API::Response::Location,"Bangalore, Karnataka",Sadup Softech,Adzuna::API::Response::Company,IT Jobs,it-jobs,Adzuna::API::Response::Category,1200000.0,1500000.0,,2026-10-05
2026-07-15T10:21:31Z,,28.56579,"Job Description– Data Analyst Qualification: Bachelor's degree in Computer Science, Statistics, Mathematics, or related field Location: Noida sector 127 Experience: • 1–3 years • Proficiency in MS Excel (pivot tables, VLOOKUP, formulas) • Basicknowledge of SQLfor data querying • Familiarity with data visualization tools (Power BI/Tableau)– preferred • Stronganalytical and problem-solving skills • Goodcommunicationskills Roles and Responsibilities: • Collect, clean, and organize data from multip…",Adzuna::API::Response::Job,https://www.adzuna.in/details/5800765376?utm_medium=api&utm_source=7a21a92b,5800765376,Data Analyst,0,eyJhbGciOiJIUzI1NiJ9.eyJzIjoibGxtTko3dkE4UkdUTWVra0FZbVdQdyIsImkiOiI1ODAwNzY1Mzc2In0.lfyhmzUyfeln4Q4smQe4qo2EDs6BNd9qTn4Qca4W2Jw,77.3225,"['India', 'Uttar Pradesh', 'Ghaziabad', 'Noida']",Adzuna::API::Response::Location,"Noida, Ghaziabad",Jetking Technologies Private Limited,Adzuna::API::Response::Company,IT Jobs,it-jobs,Adzuna::API::Response::Category,20000.0,25000.0,,2026-10-05
2021-08-24T22:37:13Z,full_time,,Measure the sales effectiveness efforts using data science/app/digital nudges. Should be able to work on the clickstream data Should be well versed and willing to work hands-on various Machine Learning techniques Skills Ability to lead a team of 5-6 members. Ability to work with large data sets and present conclusions to key stakeholders. Develop a clear understanding of the client’s business issue to inform the best approach to the problem. Root-cause analysis Define data requirements for crea…,Adzuna::API::Response::Job,https://www.adzuna.in/details/2403881225?utm_medium=api&utm_source=7a21a92b,2403881225,Data Analyst,0,eyJhbGciOiJIUzI1NiJ9.eyJzIjoibGxtTko3dkE4UkdUTWVra0FZbVdQdyIsImkiOiIyNDAzODgxMjI1In0.ElpWAvHBTZbnJD8TY8eJikp6BRlE_D-LsuEPurmVPAk,,"['India', 'Karnataka', 'Bangalore']",Adzuna::API::Response::Location,"Bangalore, Karnataka",Multi Recruit,Adzuna::API::Response::Company,IT Jobs,it-jobs,Adzuna::API::Response::Category,500000.0,1500000.0,,2026-10-05
2026-03-28T11:28:26Z,full_time,,"Role- Data Analyst Experience- 2 to 5 years Location-Bangalore Job Role- ● Experience: Minimum of 2 years of professional experience in a data-heavy environment (E-commerce or Fintech experience is a plus). ● SQL Mastery: Exceptional ability to write complex joins, window functions, Analytical functions, and CTEs. Experience with high-scale databases (e.g., BigQuery, Hive, or Postgres). ● Scripting: Functional knowledge of Python for data manipulation (Pandas, NumPy) and basic automation script…",Adzuna::API::Response::Job,https://www.adzuna.in/details/5681009000?utm_medium=api&utm_source=7a21a92b,5681009000,Data Analyst,0,eyJhbGciOiJIUzI1NiJ9.eyJpIjoiNTY4MTAwOTAwMCIsInMiOiJsbG1OSjd2QThSR1RNZWtrQVltV1B3In0.Xoh6nBhurj-gRjHsAD29oyCqD8PySAe-ip_gaYPAmDQ,,"['India', 'Karnataka', 'Bangalore']",Adzuna::API::Response::Location,"Bangalore, Karnataka",Wissen Technology,Adzuna::API::Response::Company,IT Jobs,it-jobs,Adzuna::API::Response::Category,,,,2026-10-05
2026-08-27T07:40:46Z,,28.323996,"Candidate with 2 Years of experience in Google Analytics and BI Should have working experience into Tableau and Power BI Job Description : Work requires ability to deliver complex reports via Google Analytics, previous experience with Google Analytics Experience with creating automated reports via Tableau and Power BI Practical experience with at least two business insights platforms such as: Domo, Tableau, QlikView, Data Studio, Sisense, PowerBI Experience with Google tag management solutions …",Adzuna::API::Response::Job,https://www.adzuna.in/details/5857746715?utm_medium=api&utm_source=7a21a92b,5857746715,Data Analyst,0,eyJhbGciOiJIUzI1NiJ9.eyJpIjoiNTg1Nzc0NjcxNSIsInMiOiJsbG1OSjd2QThSR1RNZWtrQVltV1B3In0.BIyAPb8OQYIv4cB_eQ91zwnGJ0B81x8pgSBtx3z5J8k,76.983738,"['India', 'Haryana', 'Gurgaon']",Adzuna::API::Response::Location,"Gurgaon, Haryana",Square Yards,Adzuna::API::Response::Company,IT Jobs,it-jobs,Adzuna::API::Response::Category,,,,2026-10-05
2021-10-13T05:52:44Z,full_time,,"About Graphene Graphene is a Singapore Head quartered AI company which has been recognized as Singapore’s Best Start Up By Switzerland’s Seedstarsworld, and also been awarded as best AI platform for healthcare in Vivatech Paris. Graphene India is also a member of the exclusive NASSCOM Deeptech club. We are developing an AI plaform which is disrupting and replacing traditional Market Research with unbiased insights with a focus on healthcare, consumer goods and financial services. Graphene was f…",Adzuna::API::Response::Job,https://www.adzuna.in/details/2539490267?utm_medium=api&utm_source=7a21a92b,2539490267,Data Analyst,0,eyJhbGciOiJIUzI1NiJ9.eyJzIjoibGxtTko3dkE4UkdUTWVra0FZbVdQdyIsImkiOiIyNTM5NDkwMjY3In0.H4svOtucaFl2w-__LiAMEdSTHmm8PztoTU0cCBd8shI,,"['India', 'Karnataka', 'Bangalore']",Adzuna::API::Response::Location,"Bangalore, Karnataka",Graphene Services Pte Ltd,Adzuna::API::Response::Company,IT Jobs,it-jobs,Adzuna::API::Response::Category,,,,2026-10-05
2026-08-30T07:40:00Z,,,"Job Title - Data Analyst Position type - Full Time Work Location - Bangalore, Noida, Gurgaon Working style - Hybrid Cab Facility - Yes Shift Time - 10am-7pm IST People Manager role No Required education and certifications critical for the role Bachelors or Masters degree in Computer Science, Engineering, or a related field Required years of experience 7-10 years experience in relevant field AON IS IN THE BUSINESS OF BETTER DECISIONS At Aon, we shape decisions for the better to protect and enric…",Adzuna::API::Response::Job,https://www.adzuna.in/details/5861793858?utm_medium=api&utm_source=7a21a92b,5861793858,Data Analyst,0,eyJhbGciOiJIUzI1NiJ9.eyJzIjoibGxtTko3dkE4UkdUTWVra0FZbVdQdyIsImkiOiI1ODYxNzkzODU4In0.iFR8hSO1u1_xY2a6WRuHA698qnN8pRRR0dtm0HZbqO4,,"['India', 'Karnataka', 'Bangalore']",Adzuna::API::Response::Location,"Bangalore, Karnataka",Aon,Adzuna::API::Response::Company,IT Jobs,it-jobs,Adzuna::API::Response::Category,,,,2026-10-05
2026-07-25T03:27:49Z,full_time,18.5062,"Description Must-Have: ● 4 / 5 years of professional experience as a Data Analyst with good decision-making, analytical and problem-solving skills. ● SQL, Pyspark, Python with Banking Domain knowledge - Credit & Lending. Working knowledge / experience of Big Data frameworks like Hadoop, Hive and Spark. ● Hands-on experience in query languages like HQL or SQL (Spark SQL) for Data exploration. ● Data mapping: Determine the data mapping required to join multiple data sets together across multiple …",Adzuna::API::Response::Job,https://www.adzuna.in/details/5814494533?utm_medium=api&utm_source=7a21a92b,5814494533,Data Analyst,0,eyJhbGciOiJIUzI1NiJ9.eyJzIjoibGxtTko3dkE4UkdUTWVra0FZbVdQdyIsImkiOiI1ODE0NDk0NTMzIn0.df0-bbJpLLsVA7UvLnJrdTQx_ia8bUbxGhWmXYoVJOI,73.84735,"['India', 'Maharashtra', 'Pune']",Adzuna::API::Response::Location,"Pune, Maharashtra",EXL,Adzuna::API::Response::Company,IT Jobs,it-jobs,Adzuna::API::Response::Category,,,,2026-10-05
2025-12-20T11:07:17Z,full_time,,"We are seeking a motivated Data Analyst to support business operations by analyzing data, preparing reports, and delivering meaningful insights. The ideal candidate should be comfortable working with data, identifying patterns, and presenting findings in a clear and actionable way. Key Responsibilities: Collect, clean, and organize data from internal and external sources Analyze large datasets to identify trends, patterns, and opportunities Prepare regular and ad-hoc reports for business stakeh…",Adzuna::API::Response::Job,https://www.adzuna.in/details/5549594782?utm_medium=api&utm_source=7a21a92b,5549594782,Data Analyst,0,eyJhbGciOiJIUzI1NiJ9.eyJzIjoibGxtTko3dkE4UkdUTWVra0FZbVdQdyIsImkiOiI1NTQ5NTk0NzgyIn0.YSthRMO_gkVHTOe_7GJlJf2G4mEJrGajcJspUpALJUQ,,['India'],Adzuna::API::Response::Location,India,Highfly Sourcing,Adzuna::API::Response::Company,IT Jobs,it-jobs,Adzuna::API::Response::Category,1500000.0,2500000.0,,2026-10-05
2026-01-28T11:24:00Z,full_time,22.2891,"Job Overview As a Profile Data Setup Analyst, you will play a key role in configuring, analysing, and managing product data for our customers. You will work closely with internal teams and clients to ensure accurate, optimized, and timely data setup in Windowmaker software. This role is perfect for someone who enjoys problem-solving, working with data, and continuously learning. Key Responsibilities • Understand customer product configurations and translate them into structured data using Windo…",Adzuna::API::Response::Job,https://www.adzuna.in/details/5602825903?utm_medium=api&utm_source=7a21a92b,5602825903,Data Analyst,0,eyJhbGciOiJIUzI1NiJ9.eyJzIjoibGxtTko3dkE4UkdUTWVra0FZbVdQdyIsImkiOiI1NjAyODI1OTAzIn0.AUaw-J2FsfBrgI60X8g1njmR-YbD2aMTa8u0Ch6opIg,73.1924,"['India', 'Gujarat', 'Vadodara']",Adzuna::API::Response::Location,"Vadodara, Gujarat",Hunarstreet Technologies Pvt Ltd,Adzuna::API::Response::Company,IT Jobs,it-jobs,Adzuna::API::Response::Category,600000.0,800000.0,,2026-10-05
2026-04-22T01:59:28Z,full_time,,"Be part of something altogether life-changing Working at Cytiva in the Life Sciences industry means being at the forefront of providing new solutions to transform human health. Our incredible customers undertake life-saving activities ranging from fundamental biological research to developing innovative vaccines, new medicines, and cell and gene therapies. At Cytiva you will be able to continuously improve yourself and us – working on challenges that truly matter with people that care for each …",Adzuna::API::Response::Job,https://www.adzuna.in/details/5706462425?utm_medium=api&utm_source=7a21a92b,5706462425,Data Analyst,0,eyJhbGciOiJIUzI1NiJ9.eyJzIjoibGxtTko3dkE4UkdUTWVra0FZbVdQdyIsImkiOiI1NzA2NDYyNDI1In0.xlm7J6xG5V2Pq7yk9TpADGgqJjisVGwdGOilfdkJxm0,,"['India', 'Karnataka', 'Bangalore']",Adzuna::API::Response::Location,"Bangalore, Karnataka",Cytiva Life Science,Adzuna::API::Response::Company,IT Jobs,it-jobs,Adzuna::API::Response::Category,,,,2026-10-05
2023-10-02T13:22:30Z,full_time,,"About the role: We are looking for a motivated data analyst with sound experience in handling web/ digital analytics, to join us as part of the Kapiva D2C Business Team. This team is primarily responsible for driving sales and customer engagement on our website. This channel has grown 5x in revenue over the last 12 months and is poised to grow another 5x over the next six. It represents a high-growth, important part of our overall e-commerce growth strategy. The mandate here is to run an end-to…",Adzuna::API::Response::Job,https://www.adzuna.in/details/4344578568?utm_medium=api&utm_source=7a21a92b,4344578568,Data Analyst,0,eyJhbGciOiJIUzI1NiJ9.eyJpIjoiNDM0NDU3ODU2OCIsInMiOiJsbG1OSjd2QThSR1RNZWtrQVltV1B3In0.kyRCedyCbpY2TmX6KPc2_PmSLCsb6stq-E3C76m6QLU,,"['India', 'Karnataka', 'Bangalore']",Adzuna::API::Response::Location,"Bangalore, Karnataka",Jobdost,Adzuna::API::Response::Company,IT Jobs,it-jobs,Adzuna::API::Response::Category,0.0,500000.0,,2026-10-05
2026-08-22T16:04:47Z,full_time,,"CAP-190 : Senior Data Analyst  Location : Bangalore / Hyderabad / Chennai / Pune / NCR  Experience : 7 - 15 Years  Job Code : CAP-190  Work Type : Hybrid - 3 Days in a Week About the Client (CODE: CAP) CAP operates at the forefront of the financial services industry, providing consulting, technology, and digital transformation solutions to leading organizations worldwide. With a focus on innovation, CAP empowers clients to navigate complex regulatory landscapes, optimize operations, and drive b…",Adzuna::API::Response::Job,https://www.adzuna.in/details/5852342307?utm_medium=api&utm_source=7a21a92b,5852342307,Data Analyst,0,eyJhbGciOiJIUzI1NiJ9.eyJpIjoiNTg1MjM0MjMwNyIsInMiOiJsbG1OSjd2QThSR1RNZWtrQVltV1B3In0.5BhE200529TRw-YEvxLrkyko3yEsoEaFIa1cjVKzW38,,"['India', 'Karnataka', 'Bangalore']",Adzuna::API::Response::Location,"Bangalore, Karnataka",Straatix Partners,Adzuna::API::Response::Company,IT Jobs,it-jobs,Adzuna::API::Response::Category,2500000.0,3500000.0,,2026-10-05
2026-08-25T07:40:46Z,,18.5062,"We are actively seeking a Hand on Data Analyst who possesses excellent organizational and planning skills, along with a proven ability to handle multiple tasks in a fast-paced environment. We are looking for someone who is highly motivated and self-driven, capable of working independently with minimal guidance or supervision. The ideal candidate will have a strong analytical mindset, utilizing metrics and data to constantly evaluate success and drive improvements in tools, content, and programs…",Adzuna::API::Response::Job,https://www.adzuna.in/details/5854877435?utm_medium=api&utm_source=7a21a92b,5854877435,Data Analyst,0,eyJhbGciOiJIUzI1NiJ9.eyJpIjoiNTg1NDg3NzQzNSIsInMiOiJsbG1OSjd2QThSR1RNZWtrQVltV1B3In0.q38Ia9SZeeRRpFksF7_XGUJHgTK9Q81PZ_pZj1vWE3M,73.84735,"['India', 'Maharashtra', 'Pune']",Adzuna::API::Response::Location,"Pune, Maharashtra",Purview India Consulting And Services Llp,Adzuna::API::Response::Company,IT Jobs,it-jobs,Adzuna::API::Response::Category,,,,2026-10-05
2026-01-20T11:16:34Z,full_time,22.385318,"Job Role : Profile Data Setup Analyst Job Title : Data Analyst Location : Vadodara | Department: Customer Service | Experience : 3 - 5 Years Job Overview A company, we’ve been transforming the window and door industry with intelligent software for over 40 years. Our solutions power manufacturers, dealers, and installers globally, enabling efficiency, accuracy, and growth. We are now looking for curious, data-driven professionals to join our mission of delivering world-class digital solutions to…",Adzuna::API::Response::Job,https://www.adzuna.in/details/5592093935?utm_medium=api&utm_source=7a21a92b,5592093935,Data Analyst,0,eyJhbGciOiJIUzI1NiJ9.eyJzIjoibGxtTko3dkE4UkdUTWVra0FZbVdQdyIsImkiOiI1NTkyMDkzOTM1In0.963ZoaDZa4vHBjueXfxBTBRkTRREPjkVcOMce0xAO5U,72.365866,"['India', 'Gujarat']",Adzuna::API::Response::Location,"Gujarat, India",Hunarstreet Technologies Pvt Ltd,Adzuna::API::Response::Company,IT Jobs,it-jobs,Adzuna::API::Response::Category,60000.0,700000.0,,2026-10-05
2026-06-19T02:45:54Z,full_time,,"Job Characteristics: Demonstrates use and application of data analysis principles to examine data systems and determine relationships and meaning of data, as it relates to business and system technical processes, and document accordingly. The employee should demonstrate mastering of skills in at least two of the following data analysis areas: SQL language usage, data governance and security practices, ELT/ETL strategy, quality-of-data evaluation and assessment, and data requirements generation …",Adzuna::API::Response::Job,https://www.adzuna.in/details/5768623778?utm_medium=api&utm_source=7a21a92b,5768623778,Data Analyst,0,eyJhbGciOiJIUzI1NiJ9.eyJpIjoiNTc2ODYyMzc3OCIsInMiOiJsbG1OSjd2QThSR1RNZWtrQVltV1B3In0.tOGpaAB6Fi_m2iOv79JS8LSalTdQXLTvwQxXQ_1PzCM,,['India'],Adzuna::API::Response::Location,India,Ecolab,Adzuna::API::Response::Company,IT Jobs,it-jobs,Adzuna::API::Response::Category,,,,2026-10-05
2026-09-26T16:20:45Z,full_time,,"We are looking for a detail-oriented and analytical Data Analyst to join our team. The ideal candidate will be responsible for collecting, analyzing, and interpreting data to identify trends, generate insights, and support business decision-making. The candidate should be comfortable working with large datasets, creating reports and dashboards, and communicating findings clearly to business stakeholders. Key Responsibilities Collect, clean, organize, and analyze data from multiple sources. Iden…",Adzuna::API::Response::Job,https://www.adzuna.in/details/5899555543?utm_medium=api&utm_source=7a21a92b,5899555543,Data Analyst,0,eyJhbGciOiJIUzI1NiJ9.eyJpIjoiNTg5OTU1NTU0MyIsInMiOiJsbG1OSjd2QThSR1RNZWtrQVltV1B3In0.DjJrGbV5e7_SXrWODa36fiA8Du7kW7SUeyGejNzRF8s,,['India'],Adzuna::API::Response::Location,India,Uniabroad,Adzuna::API::Response::Company,IT Jobs,it-jobs,Adzuna::API::Response::Category,500000.0,2500000.0,,2026-10-05
2026-08-28T07:38:06Z,,28.56579,"Job Summary/Overview: Claight Corporation (Expert Market Research) is seeking a Data Analyst to join our dynamic team and contribute to data-driven decision-making. The ideal candidate will be responsible for managing, analyzing, and maintaining large data sets while ensuring data integrity, consistency, and security. This position offers an excellent opportunity to develop analytical and technical skills in a fast-paced, research-focused environment. Key Responsibilities: Data Management: Mana…",Adzuna::API::Response::Job,https://www.adzuna.in/details/5859124126?utm_medium=api&utm_source=7a21a92b,5859124126,Data Analyst,0,eyJhbGciOiJIUzI1NiJ9.eyJpIjoiNTg1OTEyNDEyNiIsInMiOiJsbG1OSjd2QThSR1RNZWtrQVltV1B3In0.IMBtw9oxRiq85TRiAe5d5fnXDv1_MUWkbZjbMwttaFQ,77.3225,"['India', 'Uttar Pradesh', 'Ghaziabad', 'Noida']",Adzuna::API::Response::Location,"Noida, Ghaziabad",Claight Corporation Expert Market Research,Adzuna::API::Response::Company,IT Jobs,it-jobs,Adzuna::API::Response::Category,,,,2026-10-05
2026-10-02T21:42:00Z,full_time,,"Job Description Purpose of the role To enable data-driven strategic and operational decision making through extracting actionable insights from large datasets, performing statistical and advanced analytics to uncover trends and patterns, and presenting findings through clear visualisations and reports. Accountabilities Investigation and analysis of data issues related to quality, lineage, controls, and authoritative source identification, documenting data sources, methodologies, and quality fin…",Adzuna::API::Response::Job,https://www.adzuna.in/details/5908393012?utm_medium=api&utm_source=7a21a92b,5908393012,Data Analyst,0,eyJhbGciOiJIUzI1NiJ9.eyJzIjoibGxtTko3dkE4UkdUTWVra0FZbVdQdyIsImkiOiI1OTA4MzkzMDEyIn0.zFUTTB954pCNm7dYuVZReMq2Ii6Ul80ctozhzsUGnsE,,['India'],Adzuna::API::Response::Location,India,Barclays,Adzuna::API::Response::Company,IT Jobs,it-jobs,Adzuna::API::Response::Category,,,,2026-10-05
2022-07-22T06:48:32Z,full_time,26.7441,"Requirements: Bachelor’s degree from university or college in computer science. Work experience as a data analyst or in a related field. Ability to work with stakeholders to assess potential risks. Ability to analyse existing tools and databases and provide software solution recommendations. Ability to translate business requirements into non-technical, lay terms. High-level experience in methodologies and processes for managing large-scale databases. Demonstrated experience in handling large d…",Adzuna::API::Response::Job,https://www.adzuna.in/details/3337906172?utm_medium=api&utm_source=7a21a92b,3337906172,Data Analyst,0,eyJhbGciOiJIUzI1NiJ9.eyJpIjoiMzMzNzkwNjE3MiIsInMiOiJsbG1OSjd2QThSR1RNZWtrQVltV1B3In0.o08LzesWNzuPa-Jb_xGopODOno1gPilKfgPSIOq4EK4,75.9469,"['India', 'Rajasthan', 'Jaipur']",Adzuna::API::Response::Location,"Jaipur, Rajasthan",Mr n Mrs Pet,Adzuna::API::Response::Company,IT Jobs,it-jobs,Adzuna::API::Response::Category,100000.0,300000.0,,2026-10-05
2026-09-27T11:04:31Z,,18.51292,"Location: Hybrid (Pune, India - Up to 3 Days Per Week Onsite) Employment Type: Contract Experience Level: Proficient (8 Years) Join a High-Impact Data & Analytics Team Are you passionate about transforming complex data into meaningful business insights? Trissential is seeking an experienced Data Analyst to join our client's team in Pune, India. This is an exciting opportunity to work within a collaborative Agile/Scrum environment where you'll partner with business stakeholders, architects, engi…",Adzuna::API::Response::Job,https://www.adzuna.in/details/5900348948?utm_medium=api&utm_source=7a21a92b,5900348948,Data Analyst,0,eyJhbGciOiJIUzI1NiJ9.eyJpIjoiNTkwMDM0ODk0OCIsInMiOiJsbG1OSjd2QThSR1RNZWtrQVltV1B3In0.ZxURXHGldVGRS6IqtpkQF3VU-DE9TVk642FYVcvWCtc,73.864,"['India', 'Maharashtra', 'Pune', 'Nana Peth']",Adzuna::API::Response::Location,"Nana Peth, Pune",Expleo,Adzuna::API::Response::Company,IT Jobs,it-jobs,Adzuna::API::Response::Category,,,contract,2026-10-05
2026-09-30T21:06:30Z,full_time,,"Company Detail CU Rise Analytics Pvt. Ltd. is a wholly owned subsidiary of Trellance, Inc. CU Rise Analytics is an offshore development centre of Trellance Inc., working collaboratively to offer comprehensive solutions for data analytics, technology and talent to allow our credit union clients to provide high quality service to their members and remain competitive. Our core expertise lies in data science and technology, encompassing data analytics, predictive modelling, business intelligence, a…",Adzuna::API::Response::Job,https://www.adzuna.in/details/5904030865?utm_medium=api&utm_source=7a21a92b,5904030865,Data Analyst,0,eyJhbGciOiJIUzI1NiJ9.eyJzIjoibGxtTko3dkE4UkdUTWVra0FZbVdQdyIsImkiOiI1OTA0MDMwODY1In0.pn9CHGHntnSShGxY0i5Br_uTOPqexK5usrbqlaMGDdQ,,['India'],Adzuna::API::Response::Location,India,Trellance,Adzuna::API::Response::Company,IT Jobs,it-jobs,Adzuna::API::Response::Category,,,,2026-10-05
2026-10-01T07:25:25Z,full_time,23.042,"Company Detail CU Rise Analytics Pvt. Ltd. is a wholly owned subsidiary of Trellance, Inc. CU Rise Analytics is an offshore development centre of Trellance Inc., working collaboratively to offer comprehensive solutions for data analytics, technology and talent to allow our credit union clients to provide high quality service to their members and remain competitive. Our core expertise lies in data science and technology, encompassing data analytics, predictive modelling, business intelligence, a…",Adzuna::API::Response::Job,https://www.adzuna.in/details/5904434879?utm_medium=api&utm_source=7a21a92b,5904434879,Data Analyst,0,eyJhbGciOiJIUzI1NiJ9.eyJzIjoibGxtTko3dkE4UkdUTWVra0FZbVdQdyIsImkiOiI1OTA0NDM0ODc5In0.TD2lsLYFmL6W0cRPHlVJ1LetIWysZyWOJKV9mAn7ZVY,72.59465,"['India', 'Gujarat', 'Ahmedabad']",Adzuna::API::Response::Location,"Ahmedabad, Gujarat","Trellance Cooperative Holdings, Inc.",Adzuna::API::Response::Company,IT Jobs,it-jobs,Adzuna::API::Response::Category,,,permanent,2026-10-05
2026-06-13T13:33:59Z,full_time,,"Experience: 2 Years Mandatory Skills: Data Analysis, Data Mining, Data Validation, Python, SQL, Power BI, Advanced Excel Data Analyst We are looking for 1 Developer/Analyst to support data analysis, data mapping, and report automation initiatives. This is an entry-level role with structured training, ideal for candidates who are detail-oriented, proactive, and capable of working independently in a fast-paced environment. Key Responsibilities Perform data analysis and data validation across vari…",Adzuna::API::Response::Job,https://www.adzuna.in/details/5762286343?utm_medium=api&utm_source=7a21a92b,5762286343,Data Analyst,0,eyJhbGciOiJIUzI1NiJ9.eyJzIjoibGxtTko3dkE4UkdUTWVra0FZbVdQdyIsImkiOiI1NzYyMjg2MzQzIn0.QnwTGPXnejg5nZsqfX18WVjlt9_Pr9K5RAiJhryMoxQ,,"['India', 'Karnataka', 'Bangalore']",Adzuna::API::Response::Location,"Bangalore, Karnataka",Wissen Technology,Adzuna::API::Response::Company,IT Jobs,it-jobs,Adzuna::API::Response::Category,,,contract,2026-10-05
2020-10-15T02:16:09Z,full_time,,We are looking for a result-driven candidate to join our analytics team as a Data Analyst. Duties And Responsibilities 1. Work closely with Operation Head to setup reporting structures using complex formula(s) over Google Sheets. 2. Should be able to use Google Apps Script towards creating simple applications for ongoing projects/clients. 3. To run a detailed analysis of project-level data to generate additional insights for clients in the form of analytical dashboards. 4. To build trackers for…,Adzuna::API::Response::Job,https://www.adzuna.in/details/1762829126?utm_medium=api&utm_source=7a21a92b,1762829126,Data Analyst,0,eyJhbGciOiJIUzI1NiJ9.eyJpIjoxNzYyODI5MTI2LCJzIjoibGxtTko3dkE4UkdUTWVra0FZbVdQdyJ9.Jx6A9xUZ0am6tTXg2sUaNFIEr7YHTbweexkbShAW5f8,,"['India', 'Karnataka', 'Bangalore']",Adzuna::API::Response::Location,"Bangalore, Karnataka",Awign,Adzuna::API::Response::Company,IT Jobs,it-jobs,Adzuna::API::Response::Category,400000.0,700000.0,,2026-10-05
2026-09-18T21:57:43Z,full_time,,"About Fleek Fleek is a B2B Marketplace for wholesale second-hand fashion. We enable resellers and retail stores to buy from vintage clothing suppliers worldwide. We are backed by top Silicon Valley VCs such as Andreessen Horowitz (a16z), Y Combinator, and founders/CEOs of Depop, Shopify, and Postmates. About The Team Fleek is a diverse set of funky individuals with the single mission of helping sustainability and promoting circular fashion while building a beautiful product experience. Our 50 p…",Adzuna::API::Response::Job,https://www.adzuna.in/details/5889572874?utm_medium=api&utm_source=7a21a92b,5889572874,Data Analyst,0,eyJhbGciOiJIUzI1NiJ9.eyJpIjoiNTg4OTU3Mjg3NCIsInMiOiJsbG1OSjd2QThSR1RNZWtrQVltV1B3In0.fQDhiiZUmSgpZtpm8VyRKhjHNF0HAyMmPyF3o-PPGaA,,"['India', 'Karnataka', 'Bangalore']",Adzuna::API::Response::Location,"Bangalore, Karnataka",Joinfleek,Adzuna::API::Response::Company,IT Jobs,it-jobs,Adzuna::API::Response::Category,600000.0,600000.0,,2026-10-05
2024-12-30T12:10:27Z,full_time,,"Job role: As a data analyst, you will be responsible for compiling actionable insights from data and assisting program, sales and marketing managers build data-driven processes. Your role will involve driving initiatives to optimize for operational excellence and revenue. Responsibilities: Ensure that data flows smoothly from source to destination so that it can be processed Utilize strong database skills to work with large, complex data sets to extract insights Filter and cleanse unstructured …",Adzuna::API::Response::Job,https://www.adzuna.in/details/4992020344?utm_medium=api&utm_source=7a21a92b,4992020344,Data Analyst,0,eyJhbGciOiJIUzI1NiJ9.eyJzIjoibGxtTko3dkE4UkdUTWVra0FZbVdQdyIsImkiOiI0OTkyMDIwMzQ0In0.kv37nNQVqP_d0YyaOLz-EocaBqtU5cAy8F4mHi_ibQY,,['India'],Adzuna::API::Response::Location,India,Appitsimple infotek Pvt. Ltd.,Adzuna::API::Response::Company,IT Jobs,it-jobs,Adzuna::API::Response::Category,100000.0,300000.0,,2026-10-05
2024-01-07T15:07:43Z,full_time,19.00821,"DATA ANALYST About: We allows customers to ""buy now and pay later"" for goods and services purchased online and offline portals. It's a rapidly growing organization opening up new avenues of payments for online and offline customers. Role: Define and continuously refine the analytics roadmap. Build, Deploy and Maintain the data infrastructure that supports all of the analysis, including the data warehouse and various data marts Build, deploy and maintain the predictive models and scoring infrast…",Adzuna::API::Response::Job,https://www.adzuna.in/details/4514376058?utm_medium=api&utm_source=7a21a92b,4514376058,Data Analyst,0,eyJhbGciOiJIUzI1NiJ9.eyJzIjoibGxtTko3dkE4UkdUTWVra0FZbVdQdyIsImkiOiI0NTE0Mzc2MDU4In0.V7bX2950654MQLAWFF0u-3hAPwg4QshMTHvdacABDQw,72.84415,"['India', 'Maharashtra', 'Mumbai']",Adzuna::API::Response::Location,"Mumbai, Maharashtra",Qrata,Adzuna::API::Response::Company,IT Jobs,it-jobs,Adzuna::API::Response::Category,500000.0,1000000.0,,2026-10-05
2021-10-24T04:00:25Z,full_time,,"BitClass, a VC funded startup (backed by the investors or Unacademy, Doubtnut, ShareChat, Meesho among others) in the domain of edtech, is looking for a data analyst to help in making better business decisions using information from the available data. The responsibility is to gather and prepare data from multiple sources, run statistical analyses, and communicate your findings in a clear and objective way. Responsibilities - Understanding the business requirements so as to formulate the proble…",Adzuna::API::Response::Job,https://www.adzuna.in/details/2572832371?utm_medium=api&utm_source=7a21a92b,2572832371,Data Analyst,0,eyJhbGciOiJIUzI1NiJ9.eyJpIjoiMjU3MjgzMjM3MSIsInMiOiJsbG1OSjd2QThSR1RNZWtrQVltV1B3In0.fQikSgHPhjctFgW-kMdHH02Q2QWS4v25RtT71gzOUD8,,"['India', 'Karnataka', 'Bangalore']",Adzuna::API::Response::Location,"Bangalore, Karnataka",BitClass,Adzuna::API::Response::Company,IT Jobs,it-jobs,Adzuna::API::Response::Category,0.0,1600000.0,,2026-10-05
2026-08-15T08:33:34Z,,28.323996,"Leadership and Team Management: Lead, mentor, and develop a team of data analysts and data scientists. Foster a collaborative and innovative team environment. Conduct predictive analysis to identify trends, patterns, and insights from large data sets. Develop and implement machine learning models and algorithms for predictive analytics. Strategic Planning: Develop and implement the data analytics strategy aligned with the company's goals. Identify opportunities for leveraging company data to dr…",Adzuna::API::Response::Job,https://www.adzuna.in/details/5842590109?utm_medium=api&utm_source=7a21a92b,5842590109,Data Analyst,0,eyJhbGciOiJIUzI1NiJ9.eyJpIjoiNTg0MjU5MDEwOSIsInMiOiJsbG1OSjd2QThSR1RNZWtrQVltV1B3In0.MbsroPSUcEwQCsA3J0xrRAoNBbBtReBrPHCrGWi0zGU,76.983738,"['India', 'Haryana', 'Gurgaon']",Adzuna::API::Response::Location,"Gurgaon, Haryana",Agiliad Technologies,Adzuna::API::Response::Company,IT Jobs,it-jobs,Adzuna::API::Response::Category,,,,2026-10-05
2026-08-07T07:27:22Z,,17.40275,"Job Purpose We are looking for a passionate Data Analyst to support the Operations Analytics department at ICE. The successful candidate will play a crucial role in extracting actionable insights from large datasets to guide strategic decision making within the organization. Primary responsibilities will revolve around analyzing complex data sets, identifying patterns, and developing models to provide actionable recommendations to our stakeholders. Responsibilities Data Analysis: Collect, clean…",Adzuna::API::Response::Job,https://www.adzuna.in/details/5831397285?utm_medium=api&utm_source=7a21a92b,5831397285,Data Analyst,0,eyJhbGciOiJIUzI1NiJ9.eyJpIjoiNTgzMTM5NzI4NSIsInMiOiJsbG1OSjd2QThSR1RNZWtrQVltV1B3In0.s-fwHjRt36Z7qhYByFKnuo2EqweAjnQLkvxOzKCK3G0,78.50806,"['India', 'Telangana', 'Hyderabad']",Adzuna::API::Response::Location,"Hyderabad, Telangana",ICE,Adzuna::API::Response::Company,IT Jobs,it-jobs,Adzuna::API::Response::Category,,,,2026-10-05
2021-11-12T04:18:09Z,full_time,,"Data Analyst Job Description : About GlowRoad: GlowRoad is building India's most profitable social e-commerce platform where resellers share the catalog of products through their network on Facebook, Whatsapp, Instagram, etc and convert them to sales. GlowRoad is on a mission to create micro-entrepreneurs (resellers) who can set up their web-store, market their products and track all transactions through its platform. GlowRoad app has 15M downloads and 1- million  MAU's.- GlowRoad has been fund…",Adzuna::API::Response::Job,https://www.adzuna.in/details/2635526340?utm_medium=api&utm_source=7a21a92b,2635526340,Data Analyst,0,eyJhbGciOiJIUzI1NiJ9.eyJpIjoiMjYzNTUyNjM0MCIsInMiOiJsbG1OSjd2QThSR1RNZWtrQVltV1B3In0.-OEPWkLQ5-2SrujXWDesylH_2iOp3o8iQ73iyuD9NC4,,"['India', 'Karnataka', 'Bangalore']",Adzuna::API::Response::Location,"Bangalore, Karnataka",Amazon,Adzuna::API::Response::Company,IT Jobs,it-jobs,Adzuna::API::Response::Category,0.0,800000.0,,2026-10-05
2026-07-06T03:28:04Z,full_time,12.95703,"ZEISS in India ZEISS in India is headquartered in Bengaluru and present in the fields of Industrial Quality Solutions, Research Microscopy Solutions, Medical Technology, Vision Care and Sports & Cine Optics. ZEISS India has 3 production facilities, R&D center, Global IT services and about 40 Sales & Service offices in almost all Tier I and Tier II cities in India. With 2200 employees and continued investments over 25 years in India, ZEISS’ success story in India is continuing at a rapid pace. F…",Adzuna::API::Response::Job,https://www.adzuna.in/details/5789394746?utm_medium=api&utm_source=7a21a92b,5789394746,Data Analyst,0,eyJhbGciOiJIUzI1NiJ9.eyJzIjoibGxtTko3dkE4UkdUTWVra0FZbVdQdyIsImkiOiI1Nzg5Mzk0NzQ2In0.RHtq7Al8AUeFBz3q5S4t8r2Jro3N76xC6su_lShPoZ8,77.59837,"['India', 'Karnataka', 'Bangalore']",Adzuna::API::Response::Location,"Bangalore, Karnataka",ZEISS,Adzuna::API::Response::Company,IT Jobs,it-jobs,Adzuna::API::Response::Category,,,,2026-10-05
2026-08-12T20:42:00Z,full_time,,"Job Description: Responsibilities as the Data/Business Analyst: Analyzing the as-is data structures and mapping to new to-be data structures Writing high quality, testable user stories to ensure that these can be estimated, delivered by developers and used to define test automation and which. Analyzing, understanding and documenting existing system behavior, including data mapping and transformation to support integration design as well as identification of system features and data requirements…",Adzuna::API::Response::Job,https://www.adzuna.in/details/5838433598?utm_medium=api&utm_source=7a21a92b,5838433598,Data Analyst,0,eyJhbGciOiJIUzI1NiJ9.eyJzIjoibGxtTko3dkE4UkdUTWVra0FZbVdQdyIsImkiOiI1ODM4NDMzNTk4In0.F0yOO2qcNIH3Z8ySxE5GMUp5qWyiHxj1Gmh3E7ewLTs,,['India'],Adzuna::API::Response::Location,India,DXC Technology,Adzuna::API::Response::Company,IT Jobs,it-jobs,Adzuna::API::Response::Category,,,,2026-10-05
2026-01-09T00:41:11Z,,28.56579,"Position Overview We are seeking a detail-oriented Data Analyst who will ensure that organizational data is accurately transformed, validated, and prepared for downstream consumption. Key Responsibilities Data Transformation & Integration Design, develop, and maintain ETL/ELT pipelines to consolidate data from disparate systems (databases, APIs, flat files) Apply business logic to normalize, enrich, and standardize incoming datasets Data Quality Assurance Implement validation rules and automate…",Adzuna::API::Response::Job,https://www.adzuna.in/details/5574398026?utm_medium=api&utm_source=7a21a92b,5574398026,Data Analyst,0,eyJhbGciOiJIUzI1NiJ9.eyJpIjoiNTU3NDM5ODAyNiIsInMiOiJsbG1OSjd2QThSR1RNZWtrQVltV1B3In0.JYnZKWhbStQSeo6Us8scCKxx5qfGIQaOBIvs6ENs82U,77.3225,"['India', 'Uttar Pradesh', 'Ghaziabad', 'Noida']",Adzuna::API::Response::Location,"Noida, Ghaziabad",Topcoder,Adzuna::API::Response::Company,IT Jobs,it-jobs,Adzuna::API::Response::Category,,,,2026-10-05
2022-01-30T04:34:28Z,full_time,28.56579,Required Experience · 3 years of relevant technical experience as a data analyst role · Intermediate / expert skills with SQL and basic statistics · Experience in Advance SQL · Python programming- Added advantage · Strong problem solving and structuring skills · Automation in connecting various sources to the data and representing it through various dashboards · Excellent with Numbers and communicate data points through various reports/templates · Ability to communicate effectively internally a…,Adzuna::API::Response::Job,https://www.adzuna.in/details/2853928118?utm_medium=api&utm_source=7a21a92b,2853928118,Data Analyst,0,eyJhbGciOiJIUzI1NiJ9.eyJpIjoiMjg1MzkyODExOCIsInMiOiJsbG1OSjd2QThSR1RNZWtrQVltV1B3In0.HZjeBxflpH2WvrXPalm1fZZs13m9_5wf1dOCo_cFuQ4,77.3225,"['India', 'Uttar Pradesh', 'Ghaziabad', 'Noida']",Adzuna::API::Response::Location,"Noida, Ghaziabad",Extramarks,Adzuna::API::Response::Company,IT Jobs,it-jobs,Adzuna::API::Response::Category,0.0,1000000.0,,2026-10-05
2025-05-23T06:51:59Z,full_time,19.00821,"Description of Role: We are looking for a career-minded professional with global perspective to join the Mumbai based Data & Analytics Group (DAG). Key responsibilities: As part of the Data & Analytics Group (DAG) and reporting to the Head of the India DAG locally, the individual is responsible for the following – 1.Review, analyze, and resolve data quality issues for enterprise core data in the IM Data Warehouse. 2.Coordinate with data owners and other teams to identify root-cause of data qual…",Adzuna::API::Response::Job,https://www.adzuna.in/details/5211779279?utm_medium=api&utm_source=7a21a92b,5211779279,Data Analyst,0,eyJhbGciOiJIUzI1NiJ9.eyJzIjoibGxtTko3dkE4UkdUTWVra0FZbVdQdyIsImkiOiI1MjExNzc5Mjc5In0.kLqTbLe4u-PcSpFZW-U7zjiOquEGzsimXV2V5XhklHc,72.84415,"['India', 'Maharashtra', 'Mumbai']",Adzuna::API::Response::Location,"Mumbai, Maharashtra",Wissen Technology,Adzuna::API::Response::Company,IT Jobs,it-jobs,Adzuna::API::Response::Category,,,,2026-10-05
2026-01-26T00:36:10Z,,,"Arcana is a portfolio intelligence platform used by hedge funds and asset managers to analyze performance and risk. We’re rethinking the tools institutional investors rely on—and we’re hiring analysts who want to help drive that transformation. We are looking for a Data Analyst to work with large-scale financial datasets, ensure high data quality, and deliver actionable insights through dashboards and reports. The role focuses on building and maintaining robust data quality frameworks and colla…",Adzuna::API::Response::Job,https://www.adzuna.in/details/5600377478?utm_medium=api&utm_source=7a21a92b,5600377478,Data Analyst,0,eyJhbGciOiJIUzI1NiJ9.eyJpIjoiNTYwMDM3NzQ3OCIsInMiOiJsbG1OSjd2QThSR1RNZWtrQVltV1B3In0.wCXUZi5y9K0tsNQm7uSeJIIhZuzzK2N6oaNXjVzUoR8,,['India'],Adzuna::API::Response::Location,India,Arcana Analytics,Adzuna::API::Response::Company,IT Jobs,it-jobs,Adzuna::API::Response::Category,,,,2026-10-05
2026-05-13T02:06:29Z,full_time,19.00821,"Job Description: Position : Data Analyst Location : Mumbai Experience requirement : 2-4Years Joining Date : Immediate to 30 days Job Description Responsibilities: · Utilize SQL, Alteryx, and Tableau/Power BI to extract, transform, and visualize data for analytical purposes. · Demonstrate intermediate-level proficiency in at least one of the major visualization tools (Tableau/Power BI). · Apply working knowledge of Apache Hive, Apache Spark, Impala, Presto, and Snowflake for data processing and …",Adzuna::API::Response::Job,https://www.adzuna.in/details/5727163751?utm_medium=api&utm_source=7a21a92b,5727163751,Data Analyst,0,eyJhbGciOiJIUzI1NiJ9.eyJzIjoibGxtTko3dkE4UkdUTWVra0FZbVdQdyIsImkiOiI1NzI3MTYzNzUxIn0.lGF1EpzdR46w4C1bdZjdnCBB_ihmz3YAKlu9kuoe160,72.84415,"['India', 'Maharashtra', 'Mumbai']",Adzuna::API::Response::Location,"Mumbai, Maharashtra",MM Staffing & Career Consultants,Adzuna::API::Response::Company,IT Jobs,it-jobs,Adzuna::API::Response::Category,100000.0,600000.0,,2026-10-05
2026-08-21T07:38:50Z,,28.323996,"The Analyst will be responsible for work on day-to-day Power BI requests. He/She should be able to help the stakeholders on improving the processes via automation of projects. The analysts should be able to deep dive into the data for insights and also be able to formulate Power BI tasks and solutions. Shift Timings: Flexible Principal Responsibilities Request processing - Working on ad-hoc requests, communication with stakeholders. Process management - Quality Control, Maintenance of Power BI …",Adzuna::API::Response::Job,https://www.adzuna.in/details/5850376089?utm_medium=api&utm_source=7a21a92b,5850376089,Data Analyst,0,eyJhbGciOiJIUzI1NiJ9.eyJzIjoibGxtTko3dkE4UkdUTWVra0FZbVdQdyIsImkiOiI1ODUwMzc2MDg5In0.o6A4ZAuhwzJlvA-rTUOIZvulJUmBodSKBUKdeoxxjdM,76.983738,"['India', 'Haryana', 'Gurgaon']",Adzuna::API::Response::Location,"Gurgaon, Haryana",Egon Zehnder,Adzuna::API::Response::Company,IT Jobs,it-jobs,Adzuna::API::Response::Category,,,,2026-10-05
2026-09-11T16:16:13Z,full_time,,"At Nineleaps, we work on bleeding-edge technology with class-leading engineering practices on products that touch the lives of millions of users. We endeavor on doing things the right way, while also promoting a culture of excellence. About the Role: We are looking for a Data Analyst with strong analytical and problem-solving skills to transform complex data into meaningful, actionable business insights. The role involves working with large datasets, conducting deep-dive analysis, driving autom…",Adzuna::API::Response::Job,https://www.adzuna.in/details/5879561813?utm_medium=api&utm_source=7a21a92b,5879561813,Data Analyst,0,eyJhbGciOiJIUzI1NiJ9.eyJzIjoibGxtTko3dkE4UkdUTWVra0FZbVdQdyIsImkiOiI1ODc5NTYxODEzIn0.2JoMH-kx89yQMKIotm4hhNsJAd9wF9tZPFuW7Fd6xMs,,"['India', 'Karnataka', 'Bangalore']",Adzuna::API::Response::Location,"Bangalore, Karnataka",Nineleaps,Adzuna::API::Response::Company,IT Jobs,it-jobs,Adzuna::API::Response::Category,,,,2026-10-05
2026-09-20T07:45:08Z,,28.323996,"About Ascendion Ascendion is a leader in AI-Native platform driven software engineering company that underwrites outcomes, helping businesses innovate faster, smarter, and with greater impact. We partner with Global 2000 clients across North America, UK, Europe, and APAC to solve complex challenges in data, experience design, software product engineering, and workforce transformation. Powered by expert engineers, thousands of AI agents, and our Engineering to the Power of AI™ (EngineeringAI) me…",Adzuna::API::Response::Job,https://www.adzuna.in/details/5891242055?utm_medium=api&utm_source=7a21a92b,5891242055,Data Analyst,0,eyJhbGciOiJIUzI1NiJ9.eyJzIjoibGxtTko3dkE4UkdUTWVra0FZbVdQdyIsImkiOiI1ODkxMjQyMDU1In0.xa-2WRCMXQjYw9rtOh4_u5qEYDNDaX993bHKSmCFsMM,76.983738,"['India', 'Haryana', 'Gurgaon']",Adzuna::API::Response::Location,"Gurgaon, Haryana",ascendion,Adzuna::API::Response::Company,IT Jobs,it-jobs,Adzuna::API::Response::Category,,,,2026-10-05
2025-09-02T07:56:40Z,full_time,21.1867,"Job Summary The Data Analyst is required to Data capture, data cleaning, data preparation, data management and data analysis and interpretations required by the Business. Handle data factory with precision and confidentiality. The role is crucial for providing actionable insights to improve teaching quality, enhance student performance, optimize business operations, and drive growth. Essential Job Responsibilities: Academic Data Analysis · Analyze student performance data from internal assessme…",Adzuna::API::Response::Job,https://www.adzuna.in/details/5379021882?utm_medium=api&utm_source=7a21a92b,5379021882,Data Analyst,0,eyJhbGciOiJIUzI1NiJ9.eyJzIjoibGxtTko3dkE4UkdUTWVra0FZbVdQdyIsImkiOiI1Mzc5MDIxODgyIn0.EScDZq4jm5ZTrXFyzfZKbbVP1VyLfKl7gnenDoBwe90,78.9786,"['India', 'Maharashtra', 'Nagpur']",Adzuna::API::Response::Location,"Nagpur, Maharashtra",ICAD school of Learning,Adzuna::API::Response::Company,IT Jobs,it-jobs,Adzuna::API::Response::Category,500000.0,800000.0,,2026-10-05
2025-12-01T22:55:55Z,full_time,,Job Code : JPC – 36740 We are looking for a creative data analyst who has strong experience in both data visualization and data workflow construction Analyst must be proficient in both Hadoop and Alteryx (Hadoop certification required) Analyst must have experience working with senior leadership to both comprehend and produce desired outputs Experience building Hadoop dashboards showing multiple visual views of performance with easy drill down capability Preferred candidate will be well versed i…,Adzuna::API::Response::Job,https://www.adzuna.in/details/5522126592?utm_medium=api&utm_source=7a21a92b,5522126592,Data Analyst,0,eyJhbGciOiJIUzI1NiJ9.eyJzIjoibGxtTko3dkE4UkdUTWVra0FZbVdQdyIsImkiOiI1NTIyMTI2NTkyIn0.7m-hljXfnUmilYOK_ZA6JOqpwnNaBr4608zbsmFBXoo,,"['India', 'Karnataka', 'Bangalore']",Adzuna::API::Response::Location,"Bangalore, Karnataka",Technogen,Adzuna::API::Response::Company,IT Jobs,it-jobs,Adzuna::API::Response::Category,,,,2026-10-05
2026-09-29T22:51:28Z,full_time,22.66215,"About Tarento Tarento is a fast-growing technology consulting company headquartered in Stockholm, with a strong presence in India and clients across the globe. We specialize in digital transformation, product engineering, and enterprise solutions, working across diverse industries including retail, manufacturing, and healthcare. Our teams combine Nordic values with Indian expertise to deliver innovative, scalable, and high-impact solutions. We're proud to be recognized as a Great Place to Work,…",Adzuna::API::Response::Job,https://www.adzuna.in/details/5902987684?utm_medium=api&utm_source=7a21a92b,5902987684,Data Analyst,0,eyJhbGciOiJIUzI1NiJ9.eyJpIjoiNTkwMjk4NzY4NCIsInMiOiJJRTZhS0x2QThSR1RNZWtrQVltV1B3In0.9QTSz8eG0S5FYWRs1vJ-2p6p98NT4WWWS78jchcGCwI,75.9035,"['India', 'Madhya Pradesh', 'Indore']",Adzuna::API::Response::Location,"Indore, Madhya Pradesh",Tarento Group,Adzuna::API::Response::Company,IT Jobs,it-jobs,Adzuna::API::Response::Category,,,permanent,2026-10-05
2024-12-25T11:57:39Z,full_time,23.27495,"The Clinton Health Access Initiative, Inc. (CHAI) is a global health organization committed to saving lives and reducing the burden of disease in low-and middle-income countries, while strengthening the capabilities of governments and the private sector in those countries to create and sustain high-quality health systems that can succeed without our assistance. For more information, please visit: http://www.clintonhealthaccess.org In India, CHAI has worked on various initiatives with the Nation…",Adzuna::API::Response::Job,https://www.adzuna.in/details/4988851694?utm_medium=api&utm_source=7a21a92b,4988851694,Data Analyst,0,eyJhbGciOiJIUzI1NiJ9.eyJzIjoiSUU2YUtMdkE4UkdUTWVra0FZbVdQdyIsImkiOiI0OTg4ODUxNjk0In0.xDXj4VZURBqGEzcw52UvFvSTQHVQF7aEmTDKscm5-6w,77.41355,"['India', 'Madhya Pradesh', 'Bhopal']",Adzuna::API::Response::Location,"Bhopal, Madhya Pradesh",Clinton Health Access Initiative,Adzuna::API::Response::Company,Admin Jobs,admin-jobs,Adzuna::API::Response::Category,300000.0,400000.0,,2026-10-05
2023-06-18T16:46:34Z,full_time,17.40275,"Is your next career move to work in a team which uses data, reporting and analytical skills to help answer business questions to make DAZN a data-driven company? DAZN is a tech-first sport streaming platform that reaches millions of users every week. We are challenging a traditional industry and giving power back to the fans. Our new Hyderabad tech hub will be the engine that drives us forward to the future. We’re pushing boundaries and doing things no-one has done before. Here, you have the op…",Adzuna::API::Response::Job,https://www.adzuna.in/details/4158049546?utm_medium=api&utm_source=7a21a92b,4158049546,Data Analyst,0,eyJhbGciOiJIUzI1NiJ9.eyJzIjoiSUU2YUtMdkE4UkdUTWVra0FZbVdQdyIsImkiOiI0MTU4MDQ5NTQ2In0.17VaTXLMJ_1XcXOrSzToplumdsZoSfsn7e-7XoeRnA8,78.50806,"['India', 'Telangana', 'Hyderabad']",Adzuna::API::Response::Location,"Hyderabad, Telangana",DAZN,Adzuna::API::Response::Company,IT Jobs,it-jobs,Adzuna::API::Response::Category,,,,2026-10-05
2026-08-28T07:37:34Z,,,"We are looking for a meticulous and analytical Data Analyst with strong SQL skills and cloud experience to join our team. The ideal candidate will have a solid background in data analysis, statistical techniques, with specific expertise in using SQL to manage and analyze large datasets in cloud environments. You will be responsible for interpreting data, analyzing results, and providing actionable insights to drive business decisions. Responsibilities: Gather data from various sources, ensuring…",Adzuna::API::Response::Job,https://www.adzuna.in/details/5859122688?utm_medium=api&utm_source=7a21a92b,5859122688,Data Analyst,0,eyJhbGciOiJIUzI1NiJ9.eyJzIjoiSUU2YUtMdkE4UkdUTWVra0FZbVdQdyIsImkiOiI1ODU5MTIyNjg4In0._Rx5-60iXqdaOsqXi2Thyttt8P2fu7N0P6oH-4nq_fw,,"['India', 'Karnataka', 'Bangalore']",Adzuna::API::Response::Location,"Bangalore, Karnataka",Robosoft Technologies,Adzuna::API::Response::Company,IT Jobs,it-jobs,Adzuna::API::Response::Category,,,,2026-10-05
2026-08-28T07:37:33Z,,19.02,"We are looking for a meticulous and analytical Data Analyst with strong SQL skills and cloud experience to join our team. The ideal candidate will have a solid background in data analysis, statistical techniques, with specific expertise in using SQL to manage and analyze large datasets in cloud environments. You will be responsible for interpreting data, analyzing results, and providing actionable insights to drive business decisions. Responsibilities: Gather data from various sources, ensuring…",Adzuna::API::Response::Job,https://www.adzuna.in/details/5859122647?utm_medium=api&utm_source=7a21a92b,5859122647,Data Analyst,0,eyJhbGciOiJIUzI1NiJ9.eyJzIjoiSUU2YUtMdkE4UkdUTWVra0FZbVdQdyIsImkiOiI1ODU5MTIyNjQ3In0.e-cmuRSDToMUqfVN56GuzVL9_3RPW-32xJ872Xm9DwY,73.02,"['India', 'Maharashtra', 'Navi Mumbai']",Adzuna::API::Response::Location,"Navi Mumbai, Maharashtra",Robosoft Technologies,Adzuna::API::Response::Company,IT Jobs,it-jobs,Adzuna::API::Response::Category,,,,2026-10-05
2026-10-01T21:18:00Z,full_time,,"Join us as a Data & Analytics Analyst This is an opportunity to take on a purpose-led role in a cutting edge Data & Analytics team You’ll be consulting with our stakeholders to understand their needs and identify suitable data and analytics solutions to meet them along with business challenges in line with our purpose You’ll bring advanced analytics to life through visualisation in a meaningful way for key stakeholders, giving you excellent recognition for your work We're offering this role at …",Adzuna::API::Response::Job,https://www.adzuna.in/details/5905899192?utm_medium=api&utm_source=7a21a92b,5905899192,Data Analyst,0,eyJhbGciOiJIUzI1NiJ9.eyJpIjoiNTkwNTg5OTE5MiIsInMiOiJJRTZhS0x2QThSR1RNZWtrQVltV1B3In0.ytdtCpu0-hpzXSQ514WkMjqPjZHbyCydjsnwh4FSnn0,,"['India', 'Karnataka', 'Bangalore']",Adzuna::API::Response::Location,"Bangalore, Karnataka",Natwest Group,Adzuna::API::Response::Company,IT Jobs,it-jobs,Adzuna::API::Response::Category,,,,2026-10-05
2024-07-31T03:15:22Z,full_time,,"About Immunogen Targeting a better life for people with cancer is why we get up in the morning. It’s not enough to disrupt the progress of someone’s cancer; we want to keep cancer from disrupting someone’s life. That’s why everything we do is about developing the most precise, targeted cancer therapies. We believe this is the best way to get people back to their lives – back to living today, tomorrow, and beyond. For us, targeting a better now is the only thing that matters. About the role Canc…",Adzuna::API::Response::Job,https://www.adzuna.in/details/4801558701?utm_medium=api&utm_source=7a21a92b,4801558701,Data Analyst,0,eyJhbGciOiJIUzI1NiJ9.eyJzIjoiSUU2YUtMdkE4UkdUTWVra0FZbVdQdyIsImkiOiI0ODAxNTU4NzAxIn0.B-_PMEr1srCu68sKT2CU2VDbV2o2NSmoVx-aCaFP-X0,,"['India', 'Karnataka', 'Bangalore']",Adzuna::API::Response::Location,"Bangalore, Karnataka",Immunogen Pharmaceutical,Adzuna::API::Response::Company,IT Jobs,it-jobs,Adzuna::API::Response::Category,,,,2026-10-05
2026-09-20T21:38:43Z,full_time,,"Job Description Summary The Data Analyst will develop technical architecture and automation support to regional and global GE Vernova Consulting Services team. This role employs a data-centric solutions approach to transform raw power system datasets into high-fidelity actionable insights, enhancing our tactical and strategic market position through robust analytical pipelines. Job Description Roles and Responsibilities Infrastructure Management: Design, build, and maintain scalable ELT/ETL (Ex…",Adzuna::API::Response::Job,https://www.adzuna.in/details/5891876431?utm_medium=api&utm_source=7a21a92b,5891876431,Data Analyst,0,eyJhbGciOiJIUzI1NiJ9.eyJpIjoiNTg5MTg3NjQzMSIsInMiOiJJRTZhS0x2QThSR1RNZWtrQVltV1B3In0.d5BCcfxTGg5LJZtaVLNBA3VXdGXsA27p6MTjU4sqtwM,,"['India', 'Karnataka', 'Bangalore']",Adzuna::API::Response::Location,"Bangalore, Karnataka",GE Vernova,Adzuna::API::Response::Company,IT Jobs,it-jobs,Adzuna::API::Response::Category,,,,2026-10-05
2026-09-18T16:13:37Z,full_time,22.2891,"Summary of the position: We are seeking a detail-oriented and highly skilled Data Analyst to join our dynamic team. This role is integral to the creation of Management Information (MI) Dashboards and will drive intelligence and insights across our organisation. The ideal candidate will have extensive experience in using Power BI and Microsoft Fabric, and will thrive in a demanding, data-led environment. They will have a solid understanding of Master Data Management & Data Science methodologies …",Adzuna::API::Response::Job,https://www.adzuna.in/details/5889085236?utm_medium=api&utm_source=7a21a92b,5889085236,Data Analyst,0,eyJhbGciOiJIUzI1NiJ9.eyJzIjoiSUU2YUtMdkE4UkdUTWVra0FZbVdQdyIsImkiOiI1ODg5MDg1MjM2In0.4aOxp_ggdAZa0GtNng5JloqngLPjDUBXYDaldfiGNFE,73.1924,"['India', 'Gujarat', 'Vadodara']",Adzuna::API::Response::Location,"Vadodara, Gujarat",PMC Commerce,Adzuna::API::Response::Company,IT Jobs,it-jobs,Adzuna::API::Response::Category,,,,2026-10-05
2026-09-20T11:11:31Z,,,"Job Description Summary The Data Analyst will develop technical architecture and automation support to regional and global GE Vernova Consulting Services team. This role employs a data-centric solutions approach to transform raw power system datasets into high-fidelity actionable insights, enhancing our tactical and strategic market position through robust analytical pipelines. Job Description Roles and Responsibilities  Infrastructure Management: Design, build, and maintain scalable ELT/ETL (E…",Adzuna::API::Response::Job,https://www.adzuna.in/details/5891404249?utm_medium=api&utm_source=7a21a92b,5891404249,Data Analyst,0,eyJhbGciOiJIUzI1NiJ9.eyJpIjoiNTg5MTQwNDI0OSIsInMiOiJJRTZhS0x2QThSR1RNZWtrQVltV1B3In0.SpD6p2yusWEMhLEbcyi6Lou-8aW42GZ7aJaYWEuBrvA,,"['India', 'Karnataka', 'Bangalore']",Adzuna::API::Response::Location,"Bangalore, Karnataka",GE Vernova,Adzuna::API::Response::Company,IT Jobs,it-jobs,Adzuna::API::Response::Category,,,,2026-10-05
2026-08-10T20:48:00Z,full_time,,"Portcast is a venture-backed, Singapore-based logistics technology startup building a real-time transportation visibility platform for global supply chains. We help shippers, manufacturers, and logistics service providers turn data into decisions and decisions into measurable business impact. Our platform goes beyond visibility. Portcast enables action at scale by surfacing the right risks early, helping teams prevent detention and demurrage, accelerate exception management, and close invoices …",Adzuna::API::Response::Job,https://www.adzuna.in/details/5835723885?utm_medium=api&utm_source=7a21a92b,5835723885,Data Analyst,0,eyJhbGciOiJIUzI1NiJ9.eyJzIjoiSUU2YUtMdkE4UkdUTWVra0FZbVdQdyIsImkiOiI1ODM1NzIzODg1In0.YQW1t7O6ARSzar8GHruJ8Ak8eWDekWXgxzWtGJR7wk0,,['India'],Adzuna::API::Response::Location,India,Portcast,Adzuna::API::Response::Company,Engineering Jobs,engineering-jobs,Adzuna::API::Response::Category,,,,2026-10-05
2022-01-21T04:29:35Z,full_time,,"Data Analyst Job Description Summary Are you passionate about handling large & complex data problems, want to make an impact and have the desire to work on ground-breaking big data technologies? Then we are looking for you. At Amagi, great ideas have a way of becoming great products, services, and customer experiences very quickly. Bring passion and dedication to your job and there's no telling what you could accomplish. Would you like to work in a fast-paced environment where your technical ab…",Adzuna::API::Response::Job,https://www.adzuna.in/details/2830210357?utm_medium=api&utm_source=7a21a92b,2830210357,Data Analyst,0,eyJhbGciOiJIUzI1NiJ9.eyJpIjoiMjgzMDIxMDM1NyIsInMiOiJJRTZhS0x2QThSR1RNZWtrQVltV1B3In0.c6XubjoWz311E1aqayHYxZAhWgqCxzoU9sT8k_EPQkQ,,"['India', 'Karnataka', 'Bangalore']",Adzuna::API::Response::Location,"Bangalore, Karnataka",Amagi Media Labs,Adzuna::API::Response::Company,IT Jobs,it-jobs,Adzuna::API::Response::Category,1000000.0,2000000.0,,2026-10-05
2026-09-24T22:38:45Z,full_time,26.37574,"Join our Team About Opportunity The role is accountable for identifying business insights and driving improvement opportunities through Statistical, Exploratory, and Advanced Analytics. The analyst will design, automate, and maintain analytical solutions across operational and network performance, enabling measurable on-ground improvements. This role requires an analytical thinker who can translate complex datasets into meaningful insights for business and network functions. Key Responsibilitie…",Adzuna::API::Response::Job,https://www.adzuna.in/details/5897176848?utm_medium=api&utm_source=7a21a92b,5897176848,Data Analyst,0,eyJhbGciOiJIUzI1NiJ9.eyJzIjoiSUU2YUtMdkE4UkdUTWVra0FZbVdQdyIsImkiOiI1ODk3MTc2ODQ4In0.Je7hiitK3qcJGnUM_vAfoTWVUeCb6-Gy3mTYFF72Mwc,80.10093,"['India', 'Uttar Pradesh', 'Kanpur Dehat']",Adzuna::API::Response::Location,"Kanpur Dehat, Uttar Pradesh",Ericsson,Adzuna::API::Response::Company,IT Jobs,it-jobs,Adzuna::API::Response::Category,,,permanent,2026-10-05
2022-01-21T04:29:34Z,full_time,,"1. 2 to 4 years of experience 2. hands on experience using python, sql, tablaue 3. Data Analyst About Amagi ( www.amagi.com ): Amagi is a market leader in cloud based media technology services for channel creation, distribution and ad monetization. Amagi’s cloud technology and managed services is used by TV networks, content owners, sports rights owners and pay TV / OTT platforms to create 24x7 linear channels for OTT and broadcast and deliver them to end consumers. Amagi’s pioneering and marke…",Adzuna::API::Response::Job,https://www.adzuna.in/details/2830210287?utm_medium=api&utm_source=7a21a92b,2830210287,Data Analyst,0,eyJhbGciOiJIUzI1NiJ9.eyJzIjoiSUU2YUtMdkE4UkdUTWVra0FZbVdQdyIsImkiOiIyODMwMjEwMjg3In0.PiIA6Y91l1zbvvFKeRtTqcOV2xSN0g4zM_nGQ0csZeI,,"['India', 'Karnataka', 'Bangalore']",Adzuna::API::Response::Location,"Bangalore, Karnataka",Amagi Media Labs,Adzuna::API::Response::Company,IT Jobs,it-jobs,Adzuna::API::Response::Category,1000000.0,1400000.0,,2026-10-05
2026-09-29T21:20:38Z,full_time,,"Data Analyst Description - Job Summary • This role is responsible for analyzing and interpreting complex data sets using statistical techniques to identify trends, patterns, and insights that can be used to form business decisions and improve organizational performance. The role brings cutting edge perspective on programming techniques for data exploration, mining, preparation, cleansing, manipulation, modeling and validation. The role explores potential opportunities for improving business out…",Adzuna::API::Response::Job,https://www.adzuna.in/details/5902914866?utm_medium=api&utm_source=7a21a92b,5902914866,Data Analyst,0,eyJhbGciOiJIUzI1NiJ9.eyJpIjoiNTkwMjkxNDg2NiIsInMiOiJJRTZhS0x2QThSR1RNZWtrQVltV1B3In0.BNfgCntvEEMdAZ3dRIlkv7zM4CcmHcHBEXIjsb-wfgE,,['India'],Adzuna::API::Response::Location,India,HP,Adzuna::API::Response::Company,IT Jobs,it-jobs,Adzuna::API::Response::Category,,,,2026-10-05
2026-09-23T16:15:32Z,full_time,13.06041,"WPP is the trusted growth partner for the world’s leading brands. We unite cutting-edge media intelligence and data solutions, world-class creativity, next-generation production, transformative enterprise solutions and expert strategic counsel in a single company – powered by exceptional talent and our agentic marketing platform, WPP Open, to help our clients navigate change, capture opportunity and deliver transformational growth. We work with the world's most valuable brands and have global r…",Adzuna::API::Response::Job,https://www.adzuna.in/details/5895065880?utm_medium=api&utm_source=7a21a92b,5895065880,Data Analyst,0,eyJhbGciOiJIUzI1NiJ9.eyJpIjoiNTg5NTA2NTg4MCIsInMiOiJJRTZhS0x2QThSR1RNZWtrQVltV1B3In0.HhlCx5oVmze7W5r3ZdUvcfBEpbYvf6wzhNyfBTcHLIM,80.24963,"['India', 'Tamil Nadu', 'Chennai']",Adzuna::API::Response::Location,"Chennai, Tamil Nadu",WPP,Adzuna::API::Response::Company,IT Jobs,it-jobs,Adzuna::API::Response::Category,,,,2026-10-05
2026-01-18T10:53:59Z,full_time,,"About Hudson Data At Hudson Data, we view AI as both an art and a science. Our cross-functional teams — spanning business leaders, data scientists, and engineers — blend AI/ML and Big Data technologies to solve real-world business challenges. We harness predictive analytics to uncover new revenue opportunities, optimize operational efficiency, and enable data-driven transformation for our clients. Beyond traditional AI/ML consulting, we actively collaborate with academic and industry partners t…",Adzuna::API::Response::Job,https://www.adzuna.in/details/5590143347?utm_medium=api&utm_source=7a21a92b,5590143347,Data Analyst,0,eyJhbGciOiJIUzI1NiJ9.eyJpIjoiNTU5MDE0MzM0NyIsInMiOiJJRTZhS0x2QThSR1RNZWtrQVltV1B3In0.5GdS43kRKYglAWnNVBdLYHW2VM_FiGcR3sjpkvsXPT4,,['India'],Adzuna::API::Response::Location,India,Hudson Data,Adzuna::API::Response::Company,IT Jobs,it-jobs,Adzuna::API::Response::Category,900000.0,1200000.0,,2026-10-05
2026-08-29T20:45:56Z,full_time,,"Location: India Function: Product Management Reports To: Sr Director, Cloud Platform Are you Interested in using data to help shape product and business decisions? Passionate about turning complex data into clear insights and intuitive Power BI dashboards? Curious about how customers use products and excited to uncover trends, patterns, and opportunities in the data? If so, we'd love to meet you. Why Esko? Esko, part of Veralto (NYSE: VLTO), is the global leader in packaging and product lifecyc…",Adzuna::API::Response::Job,https://www.adzuna.in/details/5861219353?utm_medium=api&utm_source=7a21a92b,5861219353,Data Analyst,0,eyJhbGciOiJIUzI1NiJ9.eyJpIjoiNTg2MTIxOTM1MyIsInMiOiJJRTZhS0x2QThSR1RNZWtrQVltV1B3In0.FVHbkugLZys11Cd5HwrYotwDuwYfrxSoK5T7ir-n-KA,,['India'],Adzuna::API::Response::Location,India,Esko,Adzuna::API::Response::Company,IT Jobs,it-jobs,Adzuna::API::Response::Category,,,,2026-10-05
2026-08-30T11:28:16Z,,12.95703,"Location: India Function: Product Management Reports To: Sr Director, Cloud Platform Are you  Interested in using data to help shape product and business decisions?  Passionate about turning complex data into clear insights and intuitive Power BI dashboards?  Curious about how customers use products and excited to uncover trends, patterns, and opportunities in the data? If so, we'd love to meet you. Why Esko? Esko, part of Veralto (NYSE: VLTO), is the global leader in packaging and product life…",Adzuna::API::Response::Job,https://www.adzuna.in/details/5861965986?utm_medium=api&utm_source=7a21a92b,5861965986,Data Analyst,0,eyJhbGciOiJIUzI1NiJ9.eyJzIjoiSUU2YUtMdkE4UkdUTWVra0FZbVdQdyIsImkiOiI1ODYxOTY1OTg2In0.sH_R6DxRPBCe9BXYlHcBYGQ4UWUEFid_QsNDEjr6gXE,77.59837,"['India', 'Karnataka', 'Bangalore']",Adzuna::API::Response::Location,"Bangalore, Karnataka",Veralto,Adzuna::API::Response::Company,IT Jobs,it-jobs,Adzuna::API::Response::Category,,,,2026-10-05
2019-06-20T23:29:15Z,full_time,28.56579,"• Act as a lead analyst on various data analytics projects aiding strategic decision making for Fortune 500 / FTSE 100 companies, Blue Chip Consulting Firms and Global Financial Services companies • Understand the client objectives, and work with the PL to design the analytical solution/framework. Be able to translate the client objectives / analytical plan into clear deliverables with associated priorities and constraints • Collect/Organize/Prepare/Manage data for the analysis and conduct qual…",Adzuna::API::Response::Job,https://www.adzuna.in/details/1186076365?utm_medium=api&utm_source=7a21a92b,1186076365,Data Analyst,0,eyJhbGciOiJIUzI1NiJ9.eyJpIjoxMTg2MDc2MzY1LCJzIjoiSUU2YUtMdkE4UkdUTWVra0FZbVdQdyJ9.fS3RTXVbOHARVaU4_Mxf1UP9dzQDdJP25gNuc8ufCRE,77.3225,"['India', 'Uttar Pradesh', 'Ghaziabad', 'Noida']",Adzuna::API::Response::Location,"Noida, Ghaziabad",The Smart Cube,Adzuna::API::Response::Company,IT Jobs,it-jobs,Adzuna::API::Response::Category,200000.0,500000.0,,2026-10-05
2026-05-18T02:08:37Z,full_time,,"Job Description: Principal Accountabilities and Responsibilities  The candidate is expected to perform basic data ETL (Extract-Transform-Load) tasks – starting with extraction of data from the source systems, cleaning it, handling exceptions and finally prepare them to feed into various systems/tools depending on the projects/PODs/delivery channels.  Testing and validation of data models/data tables/data assets  The role also requires the person to understand the data thoroughly and draw bus…",Adzuna::API::Response::Job,https://www.adzuna.in/details/5732584180?utm_medium=api&utm_source=7a21a92b,5732584180,Data Analyst,0,eyJhbGciOiJIUzI1NiJ9.eyJpIjoiNTczMjU4NDE4MCIsInMiOiJJRTZhS0x2QThSR1RNZWtrQVltV1B3In0.tsJVPOw2Gbxp-pl_fazup8x1bxfpadZrUPuL231-zho,,['India'],Adzuna::API::Response::Location,India,Acura Solution,Adzuna::API::Response::Company,IT Jobs,it-jobs,Adzuna::API::Response::Category,,,,2026-10-05
2026-09-28T16:17:31Z,full_time,,"The role We're looking for a sharp, hungry analyst to join the data team at Headout. This is a foundational role, you'll work closely with senior analysts and leadership to build the reports, dashboards, and automations that power decisions across the company. Depending on where the need is greatest and where your strengths lie, you could find yourself working on growth and marketing analytics, product analytics, operations and supply-side problems, or a mix of all three. The common thread: you…",Adzuna::API::Response::Job,https://www.adzuna.in/details/5901481088?utm_medium=api&utm_source=7a21a92b,5901481088,Data Analyst,0,eyJhbGciOiJIUzI1NiJ9.eyJpIjoiNTkwMTQ4MTA4OCIsInMiOiJJRTZhS0x2QThSR1RNZWtrQVltV1B3In0.5XILZ_EtShsjHszW4e7BMVyrWPFECYWukVVkW8dchlI,,"['India', 'Karnataka', 'Bangalore']",Adzuna::API::Response::Location,"Bangalore, Karnataka",Headout,Adzuna::API::Response::Company,IT Jobs,it-jobs,Adzuna::API::Response::Category,,,,2026-10-05
2026-07-09T03:05:53Z,,," Why Headout? We’re a rocketship: 9-figure revenue, record growth, and profitable With $200M in revenue, guests in 700 cities, and 18 months of profitability, Headout is the fastest-growing marketplace in the travel industry, and we’re just getting started. We've raised $60M from top-tier investors and are building a durable company for the long term — because that's what our mission needs and deserves. We’re growing, profitable and nowhere near done. What we do is important In an increasingly …",Adzuna::API::Response::Job,https://www.adzuna.in/details/5793185846?utm_medium=api&utm_source=7a21a92b,5793185846,Data Analyst,0,eyJhbGciOiJIUzI1NiJ9.eyJzIjoiSUU2YUtMdkE4UkdUTWVra0FZbVdQdyIsImkiOiI1NzkzMTg1ODQ2In0.eTIogxtsXQANhwbRT6Fy-nHyUhUjGEhofxIXstaQ3Pw,,"['India', 'Karnataka', 'Bangalore']",Adzuna::API::Response::Location,"Bangalore, Karnataka",Headout,Adzuna::API::Response::Company,IT Jobs,it-jobs,Adzuna::API::Response::Category,,,,2026-10-05
2022-03-08T05:06:27Z,full_time,28.56579,"Strong analytical skills with the ability to collect, organize, analyze, and disseminate significant amounts of information with attention to detail and accuracy Expertise of SQL/PL-SQL -ability to write procedures and create queries for reporting purpose. Must have worked on a reporting tool – Power BI/Tableau etc. Strong knowledge of excel/Google Sheets – must have worked with pivot tables, aggregate functions, logical if conditions. Strong verbal and written communication skills for coordina…",Adzuna::API::Response::Job,https://www.adzuna.in/details/2953661450?utm_medium=api&utm_source=7a21a92b,2953661450,Data Analyst,0,eyJhbGciOiJIUzI1NiJ9.eyJpIjoiMjk1MzY2MTQ1MCIsInMiOiJJRTZhS0x2QThSR1RNZWtrQVltV1B3In0.OCwPU-iDWD92SAR4qndn3T0b7-LpKgLCPZmsuIdi1N0,77.3225,"['India', 'Uttar Pradesh', 'Ghaziabad', 'Noida']",Adzuna::API::Response::Location,"Noida, Ghaziabad",Falcon Autotech,Adzuna::API::Response::Company,IT Jobs,it-jobs,Adzuna::API::Response::Category,400000.0,700000.0,,2026-10-05
2021-05-11T13:01:41Z,full_time,,"Immediate Joiners Preferred NOTE: Working Shift: 11 am - 8 pm IST (/- one hour on need basis) Monday to Friday Responsibilities : 1. Leverage Alteryx to build, maintain, execute and deliver data assets. This entails using data analytics tools (combination of proprietary tools, Excel, and scripting), validating raw data quality, and working with Tableau/ Power BI and other geospatial data visualization applications 2. Analyze large data sets in Alteryx, finding patterns and providing a concise s…",Adzuna::API::Response::Job,https://www.adzuna.in/details/2177266370?utm_medium=api&utm_source=7a21a92b,2177266370,Data Analyst,0,eyJhbGciOiJIUzI1NiJ9.eyJpIjoiMjE3NzI2NjM3MCIsInMiOiJJRTZhS0x2QThSR1RNZWtrQVltV1B3In0.wHF7YqjoBtDboGwE9l4j_zqo7ncAW3qlsQBZJcFlBUw,,"['India', 'Karnataka', 'Bangalore']",Adzuna::API::Response::Location,"Bangalore, Karnataka",Marktine,Adzuna::API::Response::Company,IT Jobs,it-jobs,Adzuna::API::Response::Category,0.0,1500000.0,,2026-10-05
2026-01-31T11:30:48Z,full_time,,"Microsoft Fabric, Power BI, Data modelling, ETL, Spark SQL Remote work- 5-7 hours 450 Rs hourly charges Skills:- PowerBI, Data modeling, ETL, Spark, SQL and ELT",Adzuna::API::Response::Job,https://www.adzuna.in/details/5607196899?utm_medium=api&utm_source=7a21a92b,5607196899,Data Analyst,0,eyJhbGciOiJIUzI1NiJ9.eyJpIjoiNTYwNzE5Njg5OSIsInMiOiJJRTZhS0x2QThSR1RNZWtrQVltV1B3In0.lEyoOMwCzOB8yYhoa4p8GNv1hHikrA6T5GsOPaXNrh8,,['India'],Adzuna::API::Response::Location,India,QAgile Services,Adzuna::API::Response::Company,IT Jobs,it-jobs,Adzuna::API::Response::Category,300000.0,500000.0,,2026-10-05
2025-12-01T04:52:26Z,full_time,12.91448,"Who is an ideal fit for us? We seek professionals who are analytical, demonstrate self-motivation, exhibit a proactive mindset, and possess a strong sense of responsibility and ownership in their work. What will you get to work on? As a member of the Implementation & Analytics team, you will: ● Design, develop, and optimize complex SQL queries to extract, transform, and analyze data ● Create advanced reports and dashboards using SQL, stored procedures, and other reporting tools ● Develop and ma…",Adzuna::API::Response::Job,https://www.adzuna.in/details/5520630121?utm_medium=api&utm_source=7a21a92b,5520630121,Data Analyst,0,eyJhbGciOiJIUzI1NiJ9.eyJpIjoiNTUyMDYzMDEyMSIsInMiOiJJRTZhS0x2QThSR1RNZWtrQVltV1B3In0.zUNjE3cCTPVnMeft13s_5vZuVmzNRN9zPTpx_aaUw68,75.18597,"['India', 'Karnataka', 'Dakshin Kannada', 'Mangalore']",Adzuna::API::Response::Location,"Mangalore, Dakshin Kannada",Jobdost,Adzuna::API::Response::Company,IT Jobs,it-jobs,Adzuna::API::Response::Category,800000.0,1000000.0,,2026-10-05
2025-03-26T06:46:55Z,full_time,,"Responsibilities: Data Collection and Preparation: Gather data from various sources, including databases, spreadsheets, and APIs. Clean, validate, and transform data to ensure accuracy and consistency. Develop and maintain data pipelines for efficient data processing. Data Analysis and Interpretation: Analyze large datasets to identify trends, patterns, and correlations. Perform statistical analysis and hypothesis testing to validate findings. Develop and implement data models and algorithms to…",Adzuna::API::Response::Job,https://www.adzuna.in/details/5111436575?utm_medium=api&utm_source=7a21a92b,5111436575,Data Analyst,0,eyJhbGciOiJIUzI1NiJ9.eyJzIjoiSUU2YUtMdkE4UkdUTWVra0FZbVdQdyIsImkiOiI1MTExNDM2NTc1In0.e8kDb3AUb2MVqptfk2akqFM47s4Hd_AFwdBI39apBpI,,['India'],Adzuna::API::Response::Location,India,Vector Labs Tech,Adzuna::API::Response::Company,IT Jobs,it-jobs,Adzuna::API::Response::Category,1200000.0,2100000.0,,2026-10-05
2024-07-31T03:18:00Z,full_time,,"About Intercept Pharmaceuticals Intercept Pharmaceuticals, Inc. is an American biopharmaceutical company incorporated in 2002, focusing on the development of novel synthetic bile acid analogs to treat chronic liver diseases, such as primary biliary cirrhosis (PBC) now called primary biliary cholangitis, non-alcoholic fatty liver disease (or non-alcoholic steatohepatitis , NASH), cirrhosis , portal hypertension , primary sclerosing cholangitis and also the intestinal disorder, bile acid diarrhea…",Adzuna::API::Response::Job,https://www.adzuna.in/details/4801598617?utm_medium=api&utm_source=7a21a92b,4801598617,Data Analyst,0,eyJhbGciOiJIUzI1NiJ9.eyJzIjoiSUU2YUtMdkE4UkdUTWVra0FZbVdQdyIsImkiOiI0ODAxNTk4NjE3In0.jOEKFtuc3NmCsR6sSw-HZMMQjiQ25pdPlprJw9RUbN4,,"['India', 'Karnataka', 'Bangalore']",Adzuna::API::Response::Location,"Bangalore, Karnataka",Intercept Pharmaceuticals,Adzuna::API::Response::Company,Scientific & QA Jobs,scientific-qa-jobs,Adzuna::API::Response::Category,,,,2026-10-05
2022-11-11T06:35:47Z,full_time,,"2 years of Analytics with predominant experience in SQL, SAS, Statistics, R , Python, Visualization Experienced in writing complex SQL select queries ( window functions & CTE’s) with advanced SQL experience Should be an individual contributor for initial few months based on project movement team will be aligned Strong in querying logic and data interpretation Solid communication and articulation skills Able to handle stakeholders independently with less interventions of reporting manager Develo…",Adzuna::API::Response::Job,https://www.adzuna.in/details/3679469504?utm_medium=api&utm_source=7a21a92b,3679469504,Data Analyst,0,eyJhbGciOiJIUzI1NiJ9.eyJpIjoiMzY3OTQ2OTUwNCIsInMiOiJJRTZhS0x2QThSR1RNZWtrQVltV1B3In0.lG9O8J8wjl07WUCoD3nQkmsBOPhxwxAGY8QHCLyKea4,,"['India', 'Karnataka', 'Bangalore']",Adzuna::API::Response::Location,"Bangalore, Karnataka",Indium Software,Adzuna::API::Response::Company,IT Jobs,it-jobs,Adzuna::API::Response::Category,100000.0,1500000.0,,2026-10-05
2024-12-25T11:57:34Z,full_time,18.5062,"Must have 5-8 years of experience in handling data Must have the ability to interpret large amounts of data and to multi-task Must have strong knowledge of and experience with programming (Python), Linux/Bash scripting, databases(SQL, etc) Must have strong analytical and critical thinking to resolve business problems using data and tech Must have domain familiarity and interest of – Cloud technologies (GCP/Azure Microsoft/ AWS Amazon), open-source technologies, Enterprise technologies Must have…",Adzuna::API::Response::Job,https://www.adzuna.in/details/4988851226?utm_medium=api&utm_source=7a21a92b,4988851226,Data Analyst,0,eyJhbGciOiJIUzI1NiJ9.eyJzIjoiSUU2YUtMdkE4UkdUTWVra0FZbVdQdyIsImkiOiI0OTg4ODUxMjI2In0.tQUMuRrVZ04JtQCid6YNyQxyV7a3C-XSvmb9XlAv464,73.84735,"['India', 'Maharashtra', 'Pune']",Adzuna::API::Response::Location,"Pune, Maharashtra",Millions Advisory,Adzuna::API::Response::Company,IT Jobs,it-jobs,Adzuna::API::Response::Category,500000.0,1700000.0,,2026-10-05
2023-10-02T13:22:26Z,full_time,28.62523,"What you will do: Understand the process of CaaStle business teams, KPIs, and pain points Build scalable data products, self-service tools, data cubes to analyze and present data associated with acquisition, retention, product performance, operations, client services, etc. Closely partner with data engineering, product, and business teams and participate in requirements capture, research design, data collection, dashboard generation, and translation of results into actionable insights that can …",Adzuna::API::Response::Job,https://www.adzuna.in/details/4344577959?utm_medium=api&utm_source=7a21a92b,4344577959,Data Analyst,0,eyJhbGciOiJIUzI1NiJ9.eyJpIjoiNDM0NDU3Nzk1OSIsInMiOiJJRTZhS0x2QThSR1RNZWtrQVltV1B3In0.0w1lc9l5_blCcxYb82j3L9PjgMzP0GJGsgOi7H8zrvE,77.224601,"['India', 'Delhi']",Adzuna::API::Response::Location,"Delhi, India",Jobdost,Adzuna::API::Response::Company,"Energy, Oil & Gas Jobs",energy-oil-gas-jobs,Adzuna::API::Response::Category,100000.0,600000.0,,2026-10-05
2024-01-28T15:26:17Z,full_time,,"Interpret data, analyze results using statistical techniques and provide ongoing reports Develop and implement databases, data collection systems, data analytics and other strategies that optimize statistical efficiency and quality Acquire data from primary or secondary data sources and maintain databases/data systems Identify, analyze, and interpret trends or patterns in complex data sets Filter and “clean” data by reviewing computer reports, printouts, and performance indicators to locate and…",Adzuna::API::Response::Job,https://www.adzuna.in/details/4547502405?utm_medium=api&utm_source=7a21a92b,4547502405,Data analyst,0,eyJhbGciOiJIUzI1NiJ9.eyJpIjoiNDU0NzUwMjQwNSIsInMiOiJJRTZhS0x2QThSR1RNZWtrQVltV1B3In0.j0EHr-0a-blcyi3_mAffUcykLkc43XuuJnXeY_TNVJA,,['India'],Adzuna::API::Response::Location,India,Cadila Zydus healthcare pvt ltd,Adzuna::API::Response::Company,IT Jobs,it-jobs,Adzuna::API::Response::Category,700000.0,1000000.0,,2026-10-05
2021-08-21T21:23:03Z,full_time,19.00821,"Data auditing, validating and monitoring all data for accuracy. Create daily, weekly, monthly and quarterly MIS report. Coordinating & collecting the data Updated the data in CRM Skills:- Microsoft Excel",Adzuna::API::Response::Job,https://www.adzuna.in/details/2398472037?utm_medium=api&utm_source=7a21a92b,2398472037,Data Analyst,0,eyJhbGciOiJIUzI1NiJ9.eyJpIjoiMjM5ODQ3MjAzNyIsInMiOiJJRTZhS0x2QThSR1RNZWtrQVltV1B3In0.Uu9P4z08GkATaguVworFpzvcf-WlgIqqkACiJzjbZuc,72.84415,"['India', 'Maharashtra', 'Mumbai']",Adzuna::API::Response::Location,"Mumbai, Maharashtra",Azent Overseas,Adzuna::API::Response::Company,Accounting & Finance Jobs,accounting-finance-jobs,Adzuna::API::Response::Category,0.0,700000.0,,2026-10-05
2021-07-28T21:11:50Z,full_time,19.00821,"Experience - 2 years to 5 years. Location - Andheri (Mumbai) Job Responsibilities: Excellent problem solving and analytical skills - ability to develop hypotheses, understand and interpret data within the context of the product / business - solve problems and distill data into actionable recommendations.  Strong communication skills with the ability to confidently work with cross- functional teams across the globe and to present information to all levels of the organization.  Intellectual and…",Adzuna::API::Response::Job,https://www.adzuna.in/details/2346068207?utm_medium=api&utm_source=7a21a92b,2346068207,Data Analyst,0,eyJhbGciOiJIUzI1NiJ9.eyJpIjoiMjM0NjA2ODIwNyIsInMiOiJJRTZhS0x2QThSR1RNZWtrQVltV1B3In0.OsPuNJ2ndxpQEep7zGgzzrRxiarBYPTOB5ZWyZ1zeoU,72.84415,"['India', 'Maharashtra', 'Mumbai']",Adzuna::API::Response::Location,"Mumbai, Maharashtra",Impact Guru,Adzuna::API::Response::Company,IT Jobs,it-jobs,Adzuna::API::Response::Category,300000.0,900000.0,,2026-10-05
2021-12-30T04:23:05Z,full_time,,"Responsible for gathering, crunching, collecting raw data. Own all data needs in the growth team and across key cross-functional initiatives from data extraction, dashboard creation, and data analysis. Provide insights and recommended actions as response to current situation, trend, as well as preventive one for better preparation. Collaborate with data engineering and cross-functional stakeholders to define data requirements, create dashboard, to drive business decisions and optimize business …",Adzuna::API::Response::Job,https://www.adzuna.in/details/2776008869?utm_medium=api&utm_source=7a21a92b,2776008869,Data Analyst,0,eyJhbGciOiJIUzI1NiJ9.eyJzIjoiSUU2YUtMdkE4UkdUTWVra0FZbVdQdyIsImkiOiIyNzc2MDA4ODY5In0.Fq8gnxeIcm_5EVmRpklsCDncZ6L_F-pCzNBwIxQc-fU,,['India'],Adzuna::API::Response::Location,India,Ayoconnect Technology,Adzuna::API::Response::Company,IT Jobs,it-jobs,Adzuna::API::Response::Category,400000.0,1000000.0,,2026-10-05
2022-04-05T05:16:09Z,full_time,,"Role Description: You will be part of the data delivery team and will have the opportunity to develop a deep understanding of the domain/function. You will design and drive the work plan for the optimization/automation and standardization of the processes incorporating best practices to achieve efficiency gains. You will run data engineering pipelines, link raw client data with data model, conduct data assessment, perform data quality checks, and transform data using ETL tools. You will perform…",Adzuna::API::Response::Job,https://www.adzuna.in/details/3025811339?utm_medium=api&utm_source=7a21a92b,3025811339,Data Analyst,0,eyJhbGciOiJIUzI1NiJ9.eyJpIjoiMzAyNTgxMTMzOSIsInMiOiJJRTZhS0x2QThSR1RNZWtrQVltV1B3In0.70W6PyQtJsoBSqmIYT6Hy4ma7cge6g5xrN6ZKp_PC7Q,,['India'],Adzuna::API::Response::Location,India,Srijan Technologies,Adzuna::API::Response::Company,IT Jobs,it-jobs,Adzuna::API::Response::Category,0.0,1200000.0,,2026-10-05
2021-11-11T04:22:56Z,full_time,25.23239,"Required Python ,R work in handling large-scale data engineering pipelines. Excellent verbal and written communication skills. Proficient in PowerPoint or other presentation tools. Ability to work quickly and accurately on multiple projects. Skills:- R Language and Python",Adzuna::API::Response::Job,https://www.adzuna.in/details/2631733820?utm_medium=api&utm_source=7a21a92b,2631733820,Data Analyst,0,eyJhbGciOiJIUzI1NiJ9.eyJpIjoiMjYzMTczMzgyMCIsInMiOiJJRTZhS0x2QThSR1RNZWtrQVltV1B3In0.A1k1C8FsS1YlTc-0zGBXDoJ441ViI3jcfMiESpDWFDE,75.92905,"['India', 'Rajasthan', 'Kota']",Adzuna::API::Response::Location,"Kota, Rajasthan",MedCords,Adzuna::API::Response::Company,IT Jobs,it-jobs,Adzuna::API::Response::Category,0.0,250000.0,,2026-10-05
2019-06-05T21:12:09Z,full_time,,"Good knowledge of SQL , Microsoft Excel One Programming language in SAA/Python or R Skills: R Programming, Python and MS-Excel",Adzuna::API::Response::Job,https://www.adzuna.in/details/1171507526?utm_medium=api&utm_source=7a21a92b,1171507526,Data Analyst,0,eyJhbGciOiJIUzI1NiJ9.eyJpIjoxMTcxNTA3NTI2LCJzIjoiSUU2YUtMdkE4UkdUTWVra0FZbVdQdyJ9.zu9B5z3tHRRLGuDd-kOm18mI8B21TUNVcPc_mlonaVg,,"['India', 'Karnataka', 'Bangalore']",Adzuna::API::Response::Location,"Bangalore, Karnataka",Ingrainhub,Adzuna::API::Response::Company,IT Jobs,it-jobs,Adzuna::API::Response::Category,300000.0,1200000.0,,2026-10-05
2019-05-17T21:02:48Z,full_time,18.5062,"Good Opportunity to work with an IT Company. Can Learn new things with out any experience. And many other good thing. Skills: MS Office, Typing and English Proficiency",Adzuna::API::Response::Job,https://www.adzuna.in/details/1155089882?utm_medium=api&utm_source=7a21a92b,1155089882,Data Analyst,0,eyJhbGciOiJIUzI1NiJ9.eyJpIjoxMTU1MDg5ODgyLCJzIjoiSUU2YUtMdkE4UkdUTWVra0FZbVdQdyJ9.ezx0WqKJsSOe9oXb0eNaaQwh8bxH4Nmy7VtN_61OiYA,73.84735,"['India', 'Maharashtra', 'Pune']",Adzuna::API::Response::Location,"Pune, Maharashtra",TechNex Technologies Private Limited,Adzuna::API::Response::Company,Admin Jobs,admin-jobs,Adzuna::API::Response::Category,,,,2026-10-05
2019-11-27T10:00:27Z,full_time,28.323996,"What you will be doing: As a part of the Global Credit Risk and Data Analytics team, this person will be responsible for carrying out analytical initiatives which will be as follows: - Dive into the data and identify patterns Development of end-to-end Credit models and credit policy for our existing credit products Leverage alternate data to develop best-in-class underwriting models Working on Big Data to develop risk analytical solutions Development of Fraud models and fraud rule engine Collab…",Adzuna::API::Response::Job,https://www.adzuna.in/details/1353179357?utm_medium=api&utm_source=7a21a92b,1353179357,Data Analyst,0,eyJhbGciOiJIUzI1NiJ9.eyJzIjoiSUU2YUtMdkE4UkdUTWVra0FZbVdQdyIsImkiOjEzNTMxNzkzNTd9.toU9MetIXuqXpukzcNdxPhqinQFSj-5WLNp6bMWL7Ow,76.983738,"['India', 'Haryana', 'Gurgaon']",Adzuna::API::Response::Location,"Gurgaon, Haryana",PayU,Adzuna::API::Response::Company,IT Jobs,it-jobs,Adzuna::API::Response::Category,700000.0,1500000.0,,2026-10-05
2019-06-20T21:36:33Z,full_time,,"- Excellent skill in SQL and SQL tools - Fantasy Gamer - Excited to dive deep into data and derive insights - Decent communication and writing skills - Interested in Automated solutions - Startup and Growth Mindset - Analytical Data mining thinking - Python - Good programmer Skills: Python, Data Analytics and SQL server",Adzuna::API::Response::Job,https://www.adzuna.in/details/1186010488?utm_medium=api&utm_source=7a21a92b,1186010488,Data Analyst,0,eyJhbGciOiJIUzI1NiJ9.eyJpIjoxMTg2MDEwNDg4LCJzIjoiSUU2YUtMdkE4UkdUTWVra0FZbVdQdyJ9.Kwp1cV-GtF63JyknVzOfZOeVqhtqlpziaC2McX1sN6A,,"['India', 'Karnataka', 'Bangalore']",Adzuna::API::Response::Location,"Bangalore, Karnataka",Dotball Interactive Private Limited,Adzuna::API::Response::Company,IT Jobs,it-jobs,Adzuna::API::Response::Category,300000.0,600000.0,,2026-10-05
2024-04-26T16:15:16Z,full_time,23.042,"Job Responsibility: * Coordinate with CSMs to complete Pilot sales tracker, QBR Decks, End of pilot Decks *Monitor Daily Sales volume and alert CSMs of Locations with Low volume counts *Collaborate with other teammates to extract data figures, data entry (Google Sheets & Google Slides), and monitor key performance indicators (KPIs) to determine business initiatives’ success *Helping in Minor Integration Changes *Helping with Tickets and giving support when required * Basic product knowledge of …",Adzuna::API::Response::Job,https://www.adzuna.in/details/4665943640?utm_medium=api&utm_source=7a21a92b,4665943640,Data Analyst,0,eyJhbGciOiJIUzI1NiJ9.eyJzIjoiSUU2YUtMdkE4UkdUTWVra0FZbVdQdyIsImkiOiI0NjY1OTQzNjQwIn0.stkD8L_wX0whKFVAKnSRxrlVq3zlJQ9HMwhS33H9_uo,72.59465,"['India', 'Gujarat', 'Ahmedabad']",Adzuna::API::Response::Location,"Ahmedabad, Gujarat",Grubbrr systems Pvt Ltd,Adzuna::API::Response::Company,IT Jobs,it-jobs,Adzuna::API::Response::Category,300000.0,900000.0,,2026-10-05
2021-10-26T04:51:56Z,full_time,,"Location: Bangalore Work Timing: 5 Days A Week Responsibilities include: • Ensure right stakeholders gets right information at right time • Requirement gathering with stakeholders to understand their data requirement • Creating and deploying reports • Participate actively in datamarts design discussions • Work on both RDBMS as well as Big Data for designing BI Solutions • Write code (queries/procedures) in SQL / Hive / Drill that is both functional and elegant, following appropriate design patt…",Adzuna::API::Response::Job,https://www.adzuna.in/details/2577819167?utm_medium=api&utm_source=7a21a92b,2577819167,Data Analyst,0,eyJhbGciOiJIUzI1NiJ9.eyJzIjoiSUU2YUtMdkE4UkdUTWVra0FZbVdQdyIsImkiOiIyNTc3ODE5MTY3In0.zv5SymZosfBMpB7yAyO3ljUrnW16ekv3haf8tKkWCms,,"['India', 'Karnataka', 'Bangalore']",Adzuna::API::Response::Location,"Bangalore, Karnataka",zyoin,Adzuna::API::Response::Company,IT Jobs,it-jobs,Adzuna::API::Response::Category,500000.0,2100000.0,,2026-10-05
2021-11-18T04:24:02Z,full_time,,"Analytical tool: Redpoint Research and drawing insights Excellent written, oral and presentation skill Critical thinking and problem-solving skill Applications: SQL, Redpoint Description: Create unique fleet rich database using multi step matching rules Critical thinking in identifying record survivor ship rules for identifying master record Data roll-up at different levels, by providing linkage across databases Learn issues clients are currently facing with their dataset Foresee the problems i…",Adzuna::API::Response::Job,https://www.adzuna.in/details/2653476396?utm_medium=api&utm_source=7a21a92b,2653476396,Data Analyst,0,eyJhbGciOiJIUzI1NiJ9.eyJzIjoiSUU2YUtMdkE4UkdUTWVra0FZbVdQdyIsImkiOiIyNjUzNDc2Mzk2In0.Ik_hQPsB0-P2OJdfzZIzyBm4utsXQD9tm7qkJoTuQVk,,"['India', 'Karnataka', 'Bangalore']",Adzuna::API::Response::Location,"Bangalore, Karnataka",CIEL HR Services,Adzuna::API::Response::Company,IT Jobs,it-jobs,Adzuna::API::Response::Category,0.0,1500000.0,,2026-10-05
2022-12-26T06:16:30Z,full_time,,"Primary Duties and Responsibilities Experience with Informatica Multidomain MDM 10.4 tool suite preferred Partnering with data architects and engineers to ensure an optimal data model design and implementation for each MDM domain in accordance with industry and MDM best practices Works with data governance and business steward(s) to design, develop, and configure business rules for data validation, standardize, match, and merge Implementation of Data Quality policies, procedures and standards a…",Adzuna::API::Response::Job,https://www.adzuna.in/details/3801594068?utm_medium=api&utm_source=7a21a92b,3801594068,Data Analyst,0,eyJhbGciOiJIUzI1NiJ9.eyJpIjoiMzgwMTU5NDA2OCIsInMiOiJJRTZhS0x2QThSR1RNZWtrQVltV1B3In0.GrwkuqY9VE4J-nsaPdCrwe-33o_N68Ag9hnhrPN6brs,,"['India', 'Karnataka', 'Bangalore']",Adzuna::API::Response::Location,"Bangalore, Karnataka",Talent500 by ANSR,Adzuna::API::Response::Company,IT Jobs,it-jobs,Adzuna::API::Response::Category,1000000.0,3000000.0,,2026-10-05
2022-06-02T06:13:33Z,full_time,,"Knowledge of database languages such as SQL, NoSQL, AWS services, linux or Python Knowledge in PowerBI Good to have knowledge in Kibana (visualization) and Kibana Development tools Analytical and problem-solving skills Proficiency in Microsoft Excel Data visualization (simple aggregation-based charts to complex geo-based visualizations) Accuracy and excellent attention to detail Strong written/verbal communication skills Qualifications and Experience 3 years’ experience in Data Analysis or rele…",Adzuna::API::Response::Job,https://www.adzuna.in/details/3189580389?utm_medium=api&utm_source=7a21a92b,3189580389,Data Analyst,0,eyJhbGciOiJIUzI1NiJ9.eyJpIjoiMzE4OTU4MDM4OSIsInMiOiJJRTZhS0x2QThSR1RNZWtrQVltV1B3In0.-KJmJuxhv_q9lFCX7_IXfJxlPhMG2yA_2_jCnNsYI3M,,['India'],Adzuna::API::Response::Location,India,Beauto Systems Private Limited,Adzuna::API::Response::Company,IT Jobs,it-jobs,Adzuna::API::Response::Category,100000.0,500000.0,,2026-10-05
2020-01-25T17:57:23Z,full_time,,"Skill Set SQL, Python, Numpy,Pandas,Knowledge of Hive and Data warehousing concept will be a plus point. JD - Strong analytical skills with the ability to collect, organise, analyse and interpret trends or patterns in complex data sets and provide reports & visualisations. - Work with management to prioritise business KPIs and information needs Locate and define new process improvement opportunities. - Technical expertise with data models, database design and development, data mining and segmen…",Adzuna::API::Response::Job,https://www.adzuna.in/details/1422966819?utm_medium=api&utm_source=7a21a92b,1422966819,Data Analyst,0,eyJhbGciOiJIUzI1NiJ9.eyJpIjoxNDIyOTY2ODE5LCJzIjoiSUU2YUtMdkE4UkdUTWVra0FZbVdQdyJ9.aOLZg4E4d9elQVZ1GJt1EoCICnPnsMu325Uc26MEGLE,,"['India', 'Karnataka', 'Bangalore']",Adzuna::API::Response::Location,"Bangalore, Karnataka",Yulu Bikes,Adzuna::API::Response::Company,IT Jobs,it-jobs,Adzuna::API::Response::Category,700000.0,1200000.0,,2026-10-05
2022-01-18T04:28:04Z,full_time,,"What You’ll Do Synthesize data to provide actionable insights to the leadership and the product team to influence strategy and growth. Build dashboards and tools, craft analysis, and tell stories with data to help our teams make better decisions. Track user performance data and map it to key learning metrics for deeper insights Monitor the performance of new features and recommend iterations based on your findings Partner with other stakeholders to scope features that solve user problems Owners…",Adzuna::API::Response::Job,https://www.adzuna.in/details/2821621318?utm_medium=api&utm_source=7a21a92b,2821621318,Data Analyst,0,eyJhbGciOiJIUzI1NiJ9.eyJpIjoiMjgyMTYyMTMxOCIsInMiOiJJRTZhS0x2QThSR1RNZWtrQVltV1B3In0.tbctN8SUKoac2sstKUmbZXda_1Cx9Cfw0n-ua0KwOyk,,['India'],Adzuna::API::Response::Location,India,Humanitus Learning Science and Consultancy Pvt Limited,Adzuna::API::Response::Company,IT Jobs,it-jobs,Adzuna::API::Response::Category,500000.0,700000.0,,2026-10-05
2019-06-05T21:12:28Z,full_time,,"Rocket Kommerce LLP: We are a Bangalore-based top-tier stealth-mode e-commerce enabling technology & solutions company powering several brands and leading e-commerce companies in India. Our product is a Cloud-based SaaS Inventory, Warehouse Management & Omni-Channel Solution. We have deep relationships with leading e-commerce companies in India and have processed over Rs 1500 crore of GMV. We are building out our product and technology platform and other services anticipating HUGE demand over n…",Adzuna::API::Response::Job,https://www.adzuna.in/details/1171509599?utm_medium=api&utm_source=7a21a92b,1171509599,Data Analyst,0,eyJhbGciOiJIUzI1NiJ9.eyJpIjoxMTcxNTA5NTk5LCJzIjoiSUU2YUtMdkE4UkdUTWVra0FZbVdQdyJ9.6lPlApZZpR1oryIocr0KbPtls7lev6Z7n4F1Z9X5WvU,,"['India', 'Karnataka', 'Bangalore']",Adzuna::API::Response::Location,"Bangalore, Karnataka",Rocket Kommerce,Adzuna::API::Response::Company,IT Jobs,it-jobs,Adzuna::API::Response::Category,500000.0,800000.0,,2026-10-05
2026-01-29T11:29:14Z,full_time,19.00821,"Must have Strong SQL skills (queries, optimization, procedures, triggers), Hands-on experience with SQL, Automated through SQL. Looking for candidates having 2 years experience who has worked on large datasets with 1cr. datasets or more. Handling the challenges and breaking. Must have Advanced Excel skills Should have 3 years of relevant experience Should have Reporting  dashboard creation experience Should have Database development & maintenance experience Must have Strong communication for cl…",Adzuna::API::Response::Job,https://www.adzuna.in/details/5604419908?utm_medium=api&utm_source=7a21a92b,5604419908,Data Analyst,0,eyJhbGciOiJIUzI1NiJ9.eyJzIjoiY0wtZ0tidkE4UkdUTWVra0FZbVdQdyIsImkiOiI1NjA0NDE5OTA4In0.Dnd9I5Ae8VtKNeslGWeyPhjA6n9Ophhq_JEsMATi6wA,72.84415,"['India', 'Maharashtra', 'Mumbai']",Adzuna::API::Response::Location,"Mumbai, Maharashtra",Talent Pro,Adzuna::API::Response::Company,IT Jobs,it-jobs,Adzuna::API::Response::Category,800000.0,1200000.0,,2026-10-05
2024-09-24T11:44:30Z,full_time,19.00821,"About the company DCB Bank is a new generation private sector bank with 442 branches across India.It is a scheduled commercial bank regulated by the Reserve Bank of India. DCB Bank’s business segments are Retail banking, Micro SME, SME, mid-Corporate, Agriculture, Government, Public Sector, Indian Banks, Co-operative Banks and Non-Banking Finance Companies. Job Description Department : Risk Analytics CTC: Max 18 Lacs Grade: Sr Manager/AVP Experience: Min 4 years of relevant experience We are lo…",Adzuna::API::Response::Job,https://www.adzuna.in/details/4874338703?utm_medium=api&utm_source=7a21a92b,4874338703,Data Analyst,0,eyJhbGciOiJIUzI1NiJ9.eyJzIjoiY0wtZ0tidkE4UkdUTWVra0FZbVdQdyIsImkiOiI0ODc0MzM4NzAzIn0.VRAhQwPDQG0jTJ9AQE0Q9pq7Qt3em0FIN6pVlTm8F5M,72.84415,"['India', 'Maharashtra', 'Mumbai']",Adzuna::API::Response::Location,"Mumbai, Maharashtra",Pluginlive,Adzuna::API::Response::Company,Accounting & Finance Jobs,accounting-finance-jobs,Adzuna::API::Response::Category,1000000.0,2000000.0,,2026-10-05
2023-11-03T14:48:03Z,full_time,,"Who we are: Stanza Living is India’s largest and fastest growing tech-enabled, managed accommodation company that delivers a hospitality-led living experience to migrant students and young working professionals across India. We have a full-stack business model that focuses on design, development and delivery of daily living solutions tailored to the young consumers’ lifestyle. From smartly-planned residences, host of amenities and services for hassle-free living to exclusive community engagemen…",Adzuna::API::Response::Job,https://www.adzuna.in/details/4411060128?utm_medium=api&utm_source=7a21a92b,4411060128,Data Analyst,0,eyJhbGciOiJIUzI1NiJ9.eyJzIjoiY0wtZ0tidkE4UkdUTWVra0FZbVdQdyIsImkiOiI0NDExMDYwMTI4In0.vmKm1-kHb4q0Hk-6X4UNYAv3_Qb3UTTL8L7TRofLVqs,,['India'],Adzuna::API::Response::Location,India,Stanza Living,Adzuna::API::Response::Company,IT Jobs,it-jobs,Adzuna::API::Response::Category,600000.0,900000.0,,2026-10-05
2025-05-23T06:51:59Z,full_time,19.00821,"Key qualifications 1. Bachelor’s Degree required and any other relevant academic course a plus. 2. Strong domain knowledge of investment data 3. 5 years of data management, data analytics, or data governance experience in financial services 4. Experience in data analysis, exploratory analysis using SQL and formulating data quality rules. 5. Experience working with BI reporting tools like Tableau, Power BI is preferred. 6. Knowledge in coding, Python is a plus. 7. Prior experience working with D…",Adzuna::API::Response::Job,https://www.adzuna.in/details/5211779275?utm_medium=api&utm_source=7a21a92b,5211779275,Data Analyst,0,eyJhbGciOiJIUzI1NiJ9.eyJpIjoiNTIxMTc3OTI3NSIsInMiOiJjTC1nS2J2QThSR1RNZWtrQVltV1B3In0.d0hF0fhlAHtFBuGENmBhZmeIJUigrLqWwYapM-kiV40,72.84415,"['India', 'Maharashtra', 'Mumbai']",Adzuna::API::Response::Location,"Mumbai, Maharashtra",Wissen Technology,Adzuna::API::Response::Company,IT Jobs,it-jobs,Adzuna::API::Response::Category,,,,2026-10-05
2025-12-07T05:40:05Z,full_time,,"Required Skills: Strong SQL Expertise, Data Reporting & Analytics, Database Development, Stakeholder & Client Communication, Independent Problem-Solving & Automation Skills Review Criteria · Must have Strong SQL skills (queries, optimization, procedures, triggers) · Must have Advanced Excel skills · Should have 3 years of relevant experience · Should have Reporting  dashboard creation experience · Should have Database development & maintenance experience · Must have Strong communication for cli…",Adzuna::API::Response::Job,https://www.adzuna.in/details/5531896486?utm_medium=api&utm_source=7a21a92b,5531896486,Data Analyst,0,eyJhbGciOiJIUzI1NiJ9.eyJpIjoiNTUzMTg5NjQ4NiIsInMiOiJjTC1nS2J2QThSR1RNZWtrQVltV1B3In0.94JQW_ZoRZiQj9twzAz7uo4chS4nLG3eZL2OAwbkFpo,,"['India', 'Karnataka', 'Bangalore']",Adzuna::API::Response::Location,"Bangalore, Karnataka",Peak Hire Solutions,Adzuna::API::Response::Company,IT Jobs,it-jobs,Adzuna::API::Response::Category,800000.0,1100000.0,,2026-10-05
2025-07-21T05:27:56Z,full_time,,"Background Fisdom is a leading digital wealth management platform. Fisdom platform (mobile apps and web apps) provides access to consumers to a wide bouquet of financial solutions – investments, savings and protection (and many more in the pipeline). Fisdom blends cutting-edge technology with conventional financial wisdom, awesome UX and friendly customer service to make financial products simpler and more accessible to millions of Indians. We are growing and constantly looking for high perform…",Adzuna::API::Response::Job,https://www.adzuna.in/details/5314053973?utm_medium=api&utm_source=7a21a92b,5314053973,Data Analyst,0,eyJhbGciOiJIUzI1NiJ9.eyJzIjoiY0wtZ0tidkE4UkdUTWVra0FZbVdQdyIsImkiOiI1MzE0MDUzOTczIn0.MKURW1XI2k55wFvDN90Rso78E_A6jSOSukP8XNLy-wg,,"['India', 'Karnataka', 'Bangalore']",Adzuna::API::Response::Location,"Bangalore, Karnataka",Fisdom,Adzuna::API::Response::Company,IT Jobs,it-jobs,Adzuna::API::Response::Category,100000.0,100000.0,,2026-10-05
2025-07-10T05:24:09Z,full_time,,"Bachelor's degree in Computer Science, Engineering, Operations Research, Math, or related discipline. Minimum 2 years of experience as an Analyst role preferred. Highly proficient in Microsoft Office and Windows based applications. SQL AND Excel Knowledge and Hands-on experience is a must. Demonstrated Analytical ability, results-oriented environment with external customer interaction. Excellent written and verbal communication and presentation skills and the ability to express thoughts logical…",Adzuna::API::Response::Job,https://www.adzuna.in/details/5294954886?utm_medium=api&utm_source=7a21a92b,5294954886,Data Analyst,0,eyJhbGciOiJIUzI1NiJ9.eyJzIjoiY0wtZ0tidkE4UkdUTWVra0FZbVdQdyIsImkiOiI1Mjk0OTU0ODg2In0.SyaJG2TK9YGQprKNN1mg2VOGZeGBxhw1pOB8ec0VBtI,,"['India', 'Karnataka', 'Bangalore']",Adzuna::API::Response::Location,"Bangalore, Karnataka",Multi Recruit,Adzuna::API::Response::Company,IT Jobs,it-jobs,Adzuna::API::Response::Category,650000.0,850000.0,,2026-10-05
2023-08-29T13:12:02Z,full_time,,Job Description: Looking for someone with 2 years Strong experience over Python  SQL. Very proficient with the problem solving. Good Communication Skills. Skills:- Python,Adzuna::API::Response::Job,https://www.adzuna.in/details/4282822424?utm_medium=api&utm_source=7a21a92b,4282822424,Data Analyst,0,eyJhbGciOiJIUzI1NiJ9.eyJpIjoiNDI4MjgyMjQyNCIsInMiOiJjTC1nS2J2QThSR1RNZWtrQVltV1B3In0.T7g-AVxXE-P9i8UrBtfUaJmNKyWVwRL--PnxQ0tRPcE,,"['India', 'Karnataka', 'Bangalore']",Adzuna::API::Response::Location,"Bangalore, Karnataka",Recro,Adzuna::API::Response::Company,IT Jobs,it-jobs,Adzuna::API::Response::Category,,,,2026-10-05
2026-08-07T07:33:23Z,,30.7545,"The candidate will be part of a team assisting in the delivery of efficient engineering support and solutions to customers while also contributing to the development of Indian semiconductor ecosystem. Roles & Responsibilities Designing and maintaining data systems and databases; this includes fixing coding errors and other data-related problems. Mining data from primary and secondary sources, then reorganizing said data in a format that can be easily read by either human or machine. Using stati…",Adzuna::API::Response::Job,https://www.adzuna.in/details/5831403235?utm_medium=api&utm_source=7a21a92b,5831403235,Data Analyst,0,eyJhbGciOiJIUzI1NiJ9.eyJzIjoiY0wtZ0tidkE4UkdUTWVra0FZbVdQdyIsImkiOiI1ODMxNDAzMjM1In0.crAu5P4BGGwx5HQzDcXjChGtsOgDzQfi9lqN1iD6xrQ,76.6406,"['India', 'Punjab', 'Mohali']",Adzuna::API::Response::Location,"Mohali, Punjab",ORBIT & SKYLINE,Adzuna::API::Response::Company,IT Jobs,it-jobs,Adzuna::API::Response::Category,,,,2026-10-05
2026-08-07T07:32:32Z,,30.7545,"Designing and maintaining data systems and databases; this includes fixing coding errors and other data-related problems. Mining data from primary and secondary sources, then reorganizing said data in a format that can be easily read by either human or machine. Using statistical tools to interpret data sets, paying particular attention to trends and patterns that could be valuable for diagnostic and predictive analytics efforts. Demonstrating the significance of their work in the context of loc…",Adzuna::API::Response::Job,https://www.adzuna.in/details/5831401994?utm_medium=api&utm_source=7a21a92b,5831401994,Data Analyst,0,eyJhbGciOiJIUzI1NiJ9.eyJpIjoiNTgzMTQwMTk5NCIsInMiOiJjTC1nS2J2QThSR1RNZWtrQVltV1B3In0.t7cb_wgEANFfVGphYbnyTBDVRFRtnP3a36jXLS4glng,76.6406,"['India', 'Punjab', 'Mohali']",Adzuna::API::Response::Location,"Mohali, Punjab",Orbit Skyline,Adzuna::API::Response::Company,IT Jobs,it-jobs,Adzuna::API::Response::Category,,,,2026-10-05
2026-07-31T20:54:40Z,full_time,,"Description Analyze and interpret large datasets to extract meaningful insights and support decision-making processes in the business. Responsibilities Collect, clean, and analyze data, create reports and dashboards, collaborate with stakeholders on data needs, perform statistical analysis Qualifications Bachelor's/Master's in any stream 2-5 years",Adzuna::API::Response::Job,https://www.adzuna.in/details/5822435697?utm_medium=api&utm_source=7a21a92b,5822435697,Data Analyst,0,eyJhbGciOiJIUzI1NiJ9.eyJzIjoiY0wtZ0tidkE4UkdUTWVra0FZbVdQdyIsImkiOiI1ODIyNDM1Njk3In0.PxnS4fvbzteT_XvodmmTkt_E2AN1ycm9aw1Bn9uxN2g,,['India'],Adzuna::API::Response::Location,India,EXL,Adzuna::API::Response::Company,IT Jobs,it-jobs,Adzuna::API::Response::Category,,,,2026-10-05
2026-08-20T07:31:10Z,,,"Perform advanced analytics like cohort analysis, scenario analysis, time series analysis, and predictive analysis, creating powerful visualizations to communicate the results. Articulate assumptions, analyses and interpretations of data in a variety of modes. Engage with stakeholders to understand business requirements and develop detailed project plans with timelines. Design data models that define how the tables, columns, and data elements from different sources are connected and stored, base…",Adzuna::API::Response::Job,https://www.adzuna.in/details/5849135077?utm_medium=api&utm_source=7a21a92b,5849135077,Data Analyst,0,eyJhbGciOiJIUzI1NiJ9.eyJzIjoiY0wtZ0tidkE4UkdUTWVra0FZbVdQdyIsImkiOiI1ODQ5MTM1MDc3In0.2kK5m3JCRe068SS2J-cW6rsuCqDU7JNraCMaKcT50Cg,,"['India', 'Karnataka', 'Bangalore']",Adzuna::API::Response::Location,"Bangalore, Karnataka",Mindteck  Limited,Adzuna::API::Response::Company,IT Jobs,it-jobs,Adzuna::API::Response::Category,,,,2026-10-05
2026-08-20T07:31:10Z,,,"Very Good technical knowledge C++, C#, .Net Framework 4.5 or above Expertise in Threading, ADO.Net In-depth knowledge in event handling, exception handling Proficient in WCF, WPF - Concepts, Implementing Services, Consuming Services, Service Throttling, debugging, etc. Good knowledge on XML, JSON Strong familiarity with Windows Operating Systems Strong familiarity with TCP-IP and socket programming Strong familiarity with RS-232, RS422 and RS-485 serial communications Good in OOPS, Design Patte…",Adzuna::API::Response::Job,https://www.adzuna.in/details/5849135074?utm_medium=api&utm_source=7a21a92b,5849135074,Data Analyst,0,eyJhbGciOiJIUzI1NiJ9.eyJpIjoiNTg0OTEzNTA3NCIsInMiOiJjTC1nS2J2QThSR1RNZWtrQVltV1B3In0.o8Z9YlxoYjqCfiMbOM9l4ZHu6S41xrEO4_msbk0ZFaY,,"['India', 'Karnataka', 'Bangalore']",Adzuna::API::Response::Location,"Bangalore, Karnataka",Mindteck  Limited,Adzuna::API::Response::Company,IT Jobs,it-jobs,Adzuna::API::Response::Category,,,,2026-10-05
2026-08-21T07:38:58Z,,26.8677,"Description : PL Eligibility Base preparation (SQL) Portfolio Risk segmentation through Decision Trees and other ML (Python) PL Portfolio quality improvement through specific Credit Actions Process Quality (end-to-end customer journey) documentation, deviations tracking, change implementation PL Portfolio review and MIS Functional Competencies : Strong Analytics background (Tableau dashboards, ML modeling) Very Strong with data tools: XL, SQL, python Good understanding of lending, credit risk E…",Adzuna::API::Response::Job,https://www.adzuna.in/details/5850376549?utm_medium=api&utm_source=7a21a92b,5850376549,Data Analyst,0,eyJhbGciOiJIUzI1NiJ9.eyJpIjoiNTg1MDM3NjU0OSIsInMiOiJjTC1nS2J2QThSR1RNZWtrQVltV1B3In0.Vnyn8tZ3pGLDCyN70WsASBeZfNieutZdUWE4xlrwzDs,80.8897,"['India', 'Uttar Pradesh', 'Lucknow']",Adzuna::API::Response::Location,"Lucknow, Uttar Pradesh",TVS Credit Services,Adzuna::API::Response::Company,IT Jobs,it-jobs,Adzuna::API::Response::Category,,,,2026-10-05
2026-08-13T07:31:47Z,,19.02,"Key Deliverables: Analyze and model sales, product, and strategic business data to support management decisions. Create insightful reports, dashboards, and performance presentations using tools like Excel and Tableau. Manage CRM data accuracy, usage, and support, including funnel tracking and opportunity monitoring. Provide sales analytics, traffic reports, and revenue insights to the sales team regularly. Role Responsibilities: Collaborate with business strategy and sales teams to track target…",Adzuna::API::Response::Job,https://www.adzuna.in/details/5839221139?utm_medium=api&utm_source=7a21a92b,5839221139,Data Analyst,0,eyJhbGciOiJIUzI1NiJ9.eyJzIjoiY0wtZ0tidkE4UkdUTWVra0FZbVdQdyIsImkiOiI1ODM5MjIxMTM5In0.xvprKuao1j21ewnibOWuFnLiZDZnq8IEEiBYspYTk3k,73.02,"['India', 'Maharashtra', 'Navi Mumbai']",Adzuna::API::Response::Location,"Navi Mumbai, Maharashtra",Tanla Platforms,Adzuna::API::Response::Company,Sales Jobs,sales-jobs,Adzuna::API::Response::Category,,,,2026-10-05
2026-08-29T07:41:27Z,,28.323996,"Responsibilities Represent Pinkerton's core values of integrity, vigilance, and excellence. Support information management initiatives for the client's Global Security Team. Assess and manipulate large data sets with SQL, Tableau, Python, Excel, and other business intelligence tools. Perform ad-hoc reports and analysis, as directed. Run and modify SQL queries to generate list reports from data sources. Generate data, identify problems within datasets, and resolve data discrepancies. Create dash…",Adzuna::API::Response::Job,https://www.adzuna.in/details/5860541729?utm_medium=api&utm_source=7a21a92b,5860541729,Data Analyst,0,eyJhbGciOiJIUzI1NiJ9.eyJzIjoiY0wtZ0tidkE4UkdUTWVra0FZbVdQdyIsImkiOiI1ODYwNTQxNzI5In0._APVtaI4ISdQKOJOAfyP8xTPPWZHvjRDVx1ErbOiOqc,76.983738,"['India', 'Haryana', 'Gurgaon']",Adzuna::API::Response::Location,"Gurgaon, Haryana",Pinkerton,Adzuna::API::Response::Company,IT Jobs,it-jobs,Adzuna::API::Response::Category,,,,2026-10-05
2026-06-29T02:40:35Z,full_time,17.40275,"ABOUT TRIBUTE TECHNOLOGY: At Tribute Technology, we make end-of-life celebrations memorable, meaningful, and effortless through thoughtful and innovative technology solutions. Our mission is to help communities around the world celebrate life and pay tribute to those we love. Our comprehensive platform brings together software and technology to provide a fully integrated experience for all users, whether that is a family, a funeral home, or an online publisher. We are the market leader in the U…",Adzuna::API::Response::Job,https://www.adzuna.in/details/5780531648?utm_medium=api&utm_source=7a21a92b,5780531648,Data Analyst,0,eyJhbGciOiJIUzI1NiJ9.eyJpIjoiNTc4MDUzMTY0OCIsInMiOiJjTC1nS2J2QThSR1RNZWtrQVltV1B3In0.9-AvZ59xl3ZnpXvLbfOj1eKqZdKFNB-_Zl05qIxtHo0,78.50806,"['India', 'Telangana', 'Hyderabad']",Adzuna::API::Response::Location,"Hyderabad, Telangana",Tribute Technology,Adzuna::API::Response::Company,IT Jobs,it-jobs,Adzuna::API::Response::Category,,,,2026-10-05
2026-09-11T07:39:42Z,,28.56579,"Responsibilities Managing and organizing large-scale video datasets, building automation tools, accurate performance evaluations of models. Tool Development & Automation Accuracy Computation & Reporting Team Collaboration & Coordination Skills: Sql, Data Management, Excel, Reporting, Data Analysis, Automation, Python Experience: 2.00-5.00 Years",Adzuna::API::Response::Job,https://www.adzuna.in/details/5879144086?utm_medium=api&utm_source=7a21a92b,5879144086,Data Analyst,0,eyJhbGciOiJIUzI1NiJ9.eyJzIjoiY0wtZ0tidkE4UkdUTWVra0FZbVdQdyIsImkiOiI1ODc5MTQ0MDg2In0.XVFDZkqpRtuPyXqs4XOH_EkTcyKaMbc7tTnEVaedSAc,77.3225,"['India', 'Uttar Pradesh', 'Ghaziabad', 'Noida']",Adzuna::API::Response::Location,"Noida, Ghaziabad",Vehant Technologies,Adzuna::API::Response::Company,IT Jobs,it-jobs,Adzuna::API::Response::Category,,,,2026-10-05
2026-09-09T07:37:40Z,,17.40275,"Key Deliverables Analyze, specify, and validate business needs for organizational systems Conduct data analysis, gather requirements, and ensure data integrity Develop and document functional and data requirements Collaborate with stakeholders to prioritize requirements and create data solutions Role Responsibilities Collect, interpret, and perform analysis on large data sets Develop reports to ensure data accuracy and consistency Manage and track the status of requirements and ensure project d…",Adzuna::API::Response::Job,https://www.adzuna.in/details/5876480361?utm_medium=api&utm_source=7a21a92b,5876480361,Data Analyst,0,eyJhbGciOiJIUzI1NiJ9.eyJpIjoiNTg3NjQ4MDM2MSIsInMiOiJjTC1nS2J2QThSR1RNZWtrQVltV1B3In0.dcS1FqBnU1_UbX9SJIa4GCKd91W-JpqMm6Jhq3GYtZI,78.50806,"['India', 'Telangana', 'Hyderabad']",Adzuna::API::Response::Location,"Hyderabad, Telangana",C1,Adzuna::API::Response::Company,IT Jobs,it-jobs,Adzuna::API::Response::Category,,,,2026-10-05
2026-09-09T07:36:45Z,,,"Role Definition Performs analytical tasks and initiatives on huge amount of data to support data-driven business decision and development. Responsibilities Direct the data gathering, data mining, data processing and data modelling for large datasets including the processing, cleansing, and verification of datasets used for analysis. . • Lead requirement definition and scope of data analyses, presenting and reporting possible business insights to management using data visualization technologies.…",Adzuna::API::Response::Job,https://www.adzuna.in/details/5876478910?utm_medium=api&utm_source=7a21a92b,5876478910,Data Analyst,0,eyJhbGciOiJIUzI1NiJ9.eyJzIjoiY0wtZ0tidkE4UkdUTWVra0FZbVdQdyIsImkiOiI1ODc2NDc4OTEwIn0.fvQrZad2ZAFKjtBVg3EyamVmmlr1QBSIcYv7nhqYT_0,,"['India', 'Tamil Nadu', 'Krishnagiri']",Adzuna::API::Response::Location,"Krishnagiri, Tamil Nadu",Caterpillar Inc,Adzuna::API::Response::Company,IT Jobs,it-jobs,Adzuna::API::Response::Category,,,,2026-10-05
2026-09-09T07:37:36Z,,18.5062,"Job description What will you do I dentify data required to answer business questions and measure KPIs Create and maintain accessible data sets for a variety of business uses Perform data exploration and cleansing activities, evaluating quality measures and recommending improvements Describe, document, and visualize data sets, including developing or updating reports and dashboards; track usage of published assets Engage regularly with a wide range of stakeholders and functional teams to comple…",Adzuna::API::Response::Job,https://www.adzuna.in/details/5876480303?utm_medium=api&utm_source=7a21a92b,5876480303,Data Analyst,0,eyJhbGciOiJIUzI1NiJ9.eyJpIjoiNTg3NjQ4MDMwMyIsInMiOiJjTC1nS2J2QThSR1RNZWtrQVltV1B3In0.a2G9Nmd9s-hlULnBZQYK1UiQRg6Z8X9MZZiFMv-0RmQ,73.84735,"['India', 'Maharashtra', 'Pune']",Adzuna::API::Response::Location,"Pune, Maharashtra",Red Hat,Adzuna::API::Response::Company,IT Jobs,it-jobs,Adzuna::API::Response::Category,,,,2026-10-05
2026-09-11T16:13:31Z,full_time,,"This role is for one of Weekday’s clients Salary range: Rs 2400000 - Rs 3600000 (ie INR 24 - 36 LPA) Min Experience: 4 years Location: Bengaluru JobType: full-time In this role, you will help us maximize the value of our extensive data ecosystem, by evaluating Product-Market fit, and finding new ways to distribute our data assets. You will analyse user behavior on the platform to strengthen our Value Added Services (VAS) and help unlock the full commercial potential of our data. Requirements Re…",Adzuna::API::Response::Job,https://www.adzuna.in/details/5879552231?utm_medium=api&utm_source=7a21a92b,5879552231,Data Analyst,0,eyJhbGciOiJIUzI1NiJ9.eyJpIjoiNTg3OTU1MjIzMSIsInMiOiJjTC1nS2J2QThSR1RNZWtrQVltV1B3In0.szK9se51Fb1SRKe9ugOtsxkRFHKVpF99mGVrNcOL7og,,"['India', 'Karnataka', 'Bangalore']",Adzuna::API::Response::Location,"Bangalore, Karnataka",Weekday AI,Adzuna::API::Response::Company,IT Jobs,it-jobs,Adzuna::API::Response::Category,,,,2026-10-05
2026-06-27T07:29:56Z,full_time,17.38848,"ABOUT TRIBUTE TECHNOLOGY: At Tribute Technology, we make end-of-life celebrations memorable, meaningful, and effortless through thoughtful and innovative technology solutions. Our mission is to help communities around the world celebrate life and pay tribute to those we love. Our comprehensive platform brings together software and technology to provide a fully integrated experience for all users, whether that is a family, a funeral home, or an online publisher. We are the market leader in the U…",Adzuna::API::Response::Job,https://www.adzuna.in/details/5778444152?utm_medium=api&utm_source=7a21a92b,5778444152,Data Analyst,0,eyJhbGciOiJIUzI1NiJ9.eyJzIjoiY0wtZ0tidkE4UkdUTWVra0FZbVdQdyIsImkiOiI1Nzc4NDQ0MTUyIn0.vLaOoBa5Qk7Fyzz4q7Z1LEzDjjCG3aDm371w6YqFvII,78.4717,"['India', 'Telangana', 'Hyderabad', 'Hussainialam']",Adzuna::API::Response::Location,"Hussainialam, Hyderabad",Tribute Technology,Adzuna::API::Response::Company,IT Jobs,it-jobs,Adzuna::API::Response::Category,,,,2026-10-05
2026-09-23T16:15:29Z,full_time,18.5062,"Company Description Metro Global Solution Center (MGSC) is internal solution partner for METRO, a €31 Billion international wholesaler with operations in more than 30 countries. The store network comprises a total of 623 stores in 21 countries, of which 522 offer out-of-store delivery (OOS), and 94 dedicated depots. In 12 countries, METRO runs only the delivery business by its delivery companies (Food Service Distribution, FSD). HoReCa and Traders are core customer groups of METRO. The HoReCa s…",Adzuna::API::Response::Job,https://www.adzuna.in/details/5895065465?utm_medium=api&utm_source=7a21a92b,5895065465,Data Analyst,0,eyJhbGciOiJIUzI1NiJ9.eyJpIjoiNTg5NTA2NTQ2NSIsInMiOiJjTC1nS2J2QThSR1RNZWtrQVltV1B3In0.rE5-BKbkxQvKXZVfd8IUrYDK27L-mXHk2CZmf3vmnSk,73.84735,"['India', 'Maharashtra', 'Pune']",Adzuna::API::Response::Location,"Pune, Maharashtra",METRO/MAKRO,Adzuna::API::Response::Company,IT Jobs,it-jobs,Adzuna::API::Response::Category,,,,2026-10-05
2026-09-23T07:49:03Z,,,"Strong SQL skills – complex queries, joins, CTEs, subqueries, window functions, and data validation. Experience with data analysis, reporting, and data visualization . Proficiency in Excel and BI tools such as Power BI / Tableau . Ability to work with large datasets, identify trends, and provide actionable insights. Strong understanding of data cleaning, data quality, and data validation . Good communication skills and ability to work with business and technical stakeholders. Skills: Google Loo…",Adzuna::API::Response::Job,https://www.adzuna.in/details/5894639200?utm_medium=api&utm_source=7a21a92b,5894639200,Data Analyst,0,eyJhbGciOiJIUzI1NiJ9.eyJpIjoiNTg5NDYzOTIwMCIsInMiOiJjTC1nS2J2QThSR1RNZWtrQVltV1B3In0.3sn4aIZzMlGTEtf9o3Xg33x-yD2MuDZ6QZd6yS27VKs,,"['India', 'Karnataka', 'Bangalore']",Adzuna::API::Response::Location,"Bangalore, Karnataka",Artech Infosystems Private Limited,Adzuna::API::Response::Company,IT Jobs,it-jobs,Adzuna::API::Response::Category,,,,2026-10-05
2026-07-04T02:29:39Z,full_time,,"Description In this position, the candidate will be responsible for building and maintaining BI and analytics solutions that transform data into actionable insights through interactive and easy-to-understand dashboards and reports. The role requires a strong background in data analysis, digital marketing analytics, and business intelligence, along with excellent analytical and communication skills. The selected candidate will work in a client-facing capacity, supporting end-to-end BI developmen…",Adzuna::API::Response::Job,https://www.adzuna.in/details/5787185965?utm_medium=api&utm_source=7a21a92b,5787185965,Data Analyst,0,eyJhbGciOiJIUzI1NiJ9.eyJpIjoiNTc4NzE4NTk2NSIsInMiOiJjTC1nS2J2QThSR1RNZWtrQVltV1B3In0.2P2tiyo5he32X_Y_b0xy6htNJ0KgyMDU2E__QK8bIaM,,['India'],Adzuna::API::Response::Location,India,EXL,Adzuna::API::Response::Company,IT Jobs,it-jobs,Adzuna::API::Response::Category,,,,2026-10-05
2026-09-18T21:42:49Z,full_time,,"About Media.net : Media.net is a leading, global ad tech company that focuses on creating the most transparent and efficient path for advertiser budgets to become publisher revenue. Our proprietary contextual technology is at the forefront of enhancing Programmatic buying, the latest industry standard in ad buying for digital platforms. The Media.net platform powers major global publishers and ad-tech businesses at scale across ad formats like display, video, mobile, native, as well as search. …",Adzuna::API::Response::Job,https://www.adzuna.in/details/5889532312?utm_medium=api&utm_source=7a21a92b,5889532312,Data Analyst,0,eyJhbGciOiJIUzI1NiJ9.eyJzIjoiY0wtZ0tidkE4UkdUTWVra0FZbVdQdyIsImkiOiI1ODg5NTMyMzEyIn0.ibP5qYpmLjNDpTONOMAWbq2z7TOssMHD6mJc_T56A1o,,"['India', 'Karnataka', 'Bangalore']",Adzuna::API::Response::Location,"Bangalore, Karnataka",Ce,Adzuna::API::Response::Company,IT Jobs,it-jobs,Adzuna::API::Response::Category,,,,2026-10-05
2026-09-30T16:21:55Z,full_time,,"As an Analyst at Tap Invest, you’ll turn data into decisions. You’ll work with teams across Product, Ops, Marketing, and Sales to uncover insights, solve real business problems, and drive strategy. This role is for someone who is comfortable working with data independently and can support business teams with reliable analysis and reporting. Key Responsibilities ● Gather, organize, and clean data from various sources including databases, spreadsheets, and external sources to ensure accuracy and …",Adzuna::API::Response::Job,https://www.adzuna.in/details/5903797679?utm_medium=api&utm_source=7a21a92b,5903797679,Data Analyst,0,eyJhbGciOiJIUzI1NiJ9.eyJzIjoiY0wtZ0tidkE4UkdUTWVra0FZbVdQdyIsImkiOiI1OTAzNzk3Njc5In0.EjzISWF1XBOkSMDjEmtC-EPmRJQNIvdYl1GD24djrw0,,"['India', 'Karnataka', 'Bangalore']",Adzuna::API::Response::Location,"Bangalore, Karnataka",Tap Invest,Adzuna::API::Response::Company,IT Jobs,it-jobs,Adzuna::API::Response::Category,300000.0,500000.0,,2026-10-05
2026-09-11T21:35:13Z,full_time,,"Job Description Business Objectives Recommendations Collaborate with various teams to collect business data to complete timely analysis/Reporting. Take ownership of data extraction, processing, cleansing, and verifying the integrity of data used for analysis Design, develop, and deploy analytical solutions, build data-based insights (qualitative and quantitative) to measure the efficiency and effectiveness of business and data processes. Explore and stay current on industry best practices, brin…",Adzuna::API::Response::Job,https://www.adzuna.in/details/5879936345?utm_medium=api&utm_source=7a21a92b,5879936345,Data Analyst,0,eyJhbGciOiJIUzI1NiJ9.eyJpIjoiNTg3OTkzNjM0NSIsInMiOiJjTC1nS2J2QThSR1RNZWtrQVltV1B3In0.GrBnGHi7w72Vr3CsXOHWRkwfdfTqTilk2IcF54J_v0U,,['India'],Adzuna::API::Response::Location,India,Financial Services,Adzuna::API::Response::Company,IT Jobs,it-jobs,Adzuna::API::Response::Category,100000.0,800000.0,,2026-10-05
2026-05-14T02:26:01Z,full_time,19.00821,"Job Description: Key Responsibilities: -  Design, develop, and maintain daily/weekly/monthly MIS reports and dashboards using Excel and Tableau.  Automate reporting processes using advanced Excel functions (Power Query, Pivot Tables, Macros/VBA).  Create interactive Tableau dashboards to visualize KPIs and business metrics.     Collaborate with cross-functional teams to gather reporting requirements and deliver customized solutions. Ensure data accuracy, integrity, and consistency across…",Adzuna::API::Response::Job,https://www.adzuna.in/details/5728422548?utm_medium=api&utm_source=7a21a92b,5728422548,Data Analyst,0,eyJhbGciOiJIUzI1NiJ9.eyJpIjoiNTcyODQyMjU0OCIsInMiOiJjTC1nS2J2QThSR1RNZWtrQVltV1B3In0.nc1RdwJYIdrb5NAGpr3XTSnhcev-pfR6ttWIjxwsuv4,72.84415,"['India', 'Maharashtra', 'Mumbai']",Adzuna::API::Response::Location,"Mumbai, Maharashtra",MM Staffing & Career Consultants,Adzuna::API::Response::Company,IT Jobs,it-jobs,Adzuna::API::Response::Category,,,,2026-10-05
2024-05-10T07:38:59Z,,19.00821,"Job description Conducting the Validation & Audit at MSO & local operators Digital Head-ends to ensure System has complying the TRAI Norms & also help to stop Revenue leakages. Technical support & activated on the trouble shooting at DTH, MSO local operator level to ensure for channels are running on the ground. Antipiracy activities TS recording on ground level and analyze",Adzuna::API::Response::Job,https://www.adzuna.in/details/4686706181?utm_medium=api&utm_source=7a21a92b,4686706181,Data Analyst,0,eyJhbGciOiJIUzI1NiJ9.eyJpIjoiNDY4NjcwNjE4MSIsInMiOiJjTC1nS2J2QThSR1RNZWtrQVltV1B3In0.f07oiq810ePwvrtHgclL48u55QIfEnK-MXNoOsHkcts,72.84415,"['India', 'Maharashtra', 'Mumbai']",Adzuna::API::Response::Location,"Mumbai, Maharashtra",,Adzuna::API::Response::Company,IT Jobs,it-jobs,Adzuna::API::Response::Category,,,,2026-10-05
2024-05-10T07:39:12Z,,19.02,"Our Client have a wealth of experience in enterprise solution.They are recognized for their knowledge and experience on enterprise business systems.They are constantly finding innovative ways to blend people,process and technologies to deliver bottom-line benefits to their customers. Job Location :- Navi Mumbai Qualification :- BE/B TECH(IT/Computers) , MCA, MSE(IT/Computers) Experience :- 0 to 1 Year 1) Software programming experience. 2) Advanced with Python. 3) Strong knowledge of SQL Server…",Adzuna::API::Response::Job,https://www.adzuna.in/details/4686707833?utm_medium=api&utm_source=7a21a92b,4686707833,Data Analyst,0,eyJhbGciOiJIUzI1NiJ9.eyJzIjoiY0wtZ0tidkE4UkdUTWVra0FZbVdQdyIsImkiOiI0Njg2NzA3ODMzIn0.BhNiWuhbz_E2377y-oqO5pxAlAitsJpG53y-WchCATQ,73.02,"['India', 'Maharashtra', 'Navi Mumbai']",Adzuna::API::Response::Location,"Navi Mumbai, Maharashtra",,Adzuna::API::Response::Company,IT Jobs,it-jobs,Adzuna::API::Response::Category,,,,2026-10-05
2024-05-10T07:39:09Z,,19.00821,"1. MIS generation 2. Coordination and Administration 3. Secretarial support Job Description: 1. Preparing daily / weekly reports / MIS by gathering data from dashboards and by using advanced excel tools like, V lookup, H lookup, pivot table, formulas etc. 2. Coordination with various departments / divisions. 3. Managing correspondence with various employees in the organization. 4. Arrangements and coordination for workshops / seminars / exhibitions etc. 5. Providing secretarial support. Kindly …",Adzuna::API::Response::Job,https://www.adzuna.in/details/4686707449?utm_medium=api&utm_source=7a21a92b,4686707449,Data Analyst,0,eyJhbGciOiJIUzI1NiJ9.eyJpIjoiNDY4NjcwNzQ0OSIsInMiOiJjTC1nS2J2QThSR1RNZWtrQVltV1B3In0.8XZXjNIMFOp5hzhT43JqxaUQyJni2OLSRVSeM4LwdgQ,72.84415,"['India', 'Maharashtra', 'Mumbai']",Adzuna::API::Response::Location,"Mumbai, Maharashtra",,Adzuna::API::Response::Company,Admin Jobs,admin-jobs,Adzuna::API::Response::Category,,,,2026-10-05
2024-05-10T07:38:52Z,,17.40275,"Data gathering/ Research Assist team leaders in gathering and verifying data through primary and secondary research methods using internal and external tools Organize, participate and document Project related interviews, focus group discussions etc. Connect with support teams (L&D, HR, Finance, Marketing teams etc.) to collate data and provide clients any required data, analyses, reports or recommendations. Verify accuracy of data and identify missing or conflicting data Share insights from fin…",Adzuna::API::Response::Job,https://www.adzuna.in/details/4686704999?utm_medium=api&utm_source=7a21a92b,4686704999,Data Analyst,0,eyJhbGciOiJIUzI1NiJ9.eyJzIjoiY0wtZ0tidkE4UkdUTWVra0FZbVdQdyIsImkiOiI0Njg2NzA0OTk5In0.3QYSWheJKT7Kiflij1AgP0DcNwF6tqSua6FTqVz2Eqs,78.50806,"['India', 'Telangana', 'Hyderabad']",Adzuna::API::Response::Location,"Hyderabad, Telangana",,Adzuna::API::Response::Company,Trade & Construction Jobs,trade-construction-jobs,Adzuna::API::Response::Category,,,,2026-10-05
2024-05-10T07:38:59Z,,28.323996,"Job brief We are looking for a passionate professional to turn data into information, information into insight and insight into business decisions. The responsibilities include monitoring full ETL lifecycle activities to include requirements analysis and design, developing analysis and reporting capabilities, continuously monitoring performance and quality control plans to identify improvements. The candidate should also be capable enough to handle adhoc data requirements into the required form…",Adzuna::API::Response::Job,https://www.adzuna.in/details/4686706169?utm_medium=api&utm_source=7a21a92b,4686706169,Data Analyst,0,eyJhbGciOiJIUzI1NiJ9.eyJzIjoiY0wtZ0tidkE4UkdUTWVra0FZbVdQdyIsImkiOiI0Njg2NzA2MTY5In0.6aJeGdqC9iV56JfDjhF2gn9fOA7RrrWzgxEJRBfFB5I,76.983738,"['India', 'Haryana', 'Gurgaon']",Adzuna::API::Response::Location,"Gurgaon, Haryana",,Adzuna::API::Response::Company,IT Jobs,it-jobs,Adzuna::API::Response::Category,,,,2026-10-05
2024-05-10T07:39:12Z,,19.00821,"Acquire data from primary or secondary data sources and maintain databases/data systems Expertise in processing large datasets for data transformation like data cleansing, scrubbing, profiling Interpreting, filtering, cleaning and analyzing data using advanced Excel, Access and SQL. Provided the company with charts and graphs from the data analyzed to identify trends and patterns for further decision making. Working with data structures and algorithms. Familiarity with NoSQL NewSQL databases Re…",Adzuna::API::Response::Job,https://www.adzuna.in/details/4686707835?utm_medium=api&utm_source=7a21a92b,4686707835,Data Analyst,0,eyJhbGciOiJIUzI1NiJ9.eyJpIjoiNDY4NjcwNzgzNSIsInMiOiJjTC1nS2J2QThSR1RNZWtrQVltV1B3In0.9NPfO8b0GLDQ0u8H9HvGZUvTYjbR6DeA24mqN4bW2sg,72.84415,"['India', 'Maharashtra', 'Mumbai']",Adzuna::API::Response::Location,"Mumbai, Maharashtra",,Adzuna::API::Response::Company,IT Jobs,it-jobs,Adzuna::API::Response::Category,,,,2026-10-05
2024-05-10T07:39:00Z,,12.95703,"Its primary target is to create and maintain data pipelines. Strong analytics skills are needed to understand complex data sets . Experience in running database service on Cloud would be needed to run a secure data platform. The ideal candidate must have strong experience using a variety of data mining/data analysis methods, using a variety of data tools, building and implementing data models. They must have a proven ability to drive business results with their data-based insights. They must be…",Adzuna::API::Response::Job,https://www.adzuna.in/details/4686706356?utm_medium=api&utm_source=7a21a92b,4686706356,Data Analyst,0,eyJhbGciOiJIUzI1NiJ9.eyJzIjoiY0wtZ0tidkE4UkdUTWVra0FZbVdQdyIsImkiOiI0Njg2NzA2MzU2In0.ehX-kvM0HVGMWgoIb80LjysNtoLusONJV7WnNtoA0pI,77.59837,"['India', 'Karnataka', 'Bangalore']",Adzuna::API::Response::Location,"Bangalore, Karnataka",,Adzuna::API::Response::Company,IT Jobs,it-jobs,Adzuna::API::Response::Category,,,,2026-10-05
2024-05-10T07:38:52Z,,13.06041,"HiWelcome students, ladies, to allDo u have a free time? Do u want earnings? But u want to know genuine websites and jobs. I will guide u. Computer job nternational project u will get. If u want WhatsApp 2. Details r all in text file. U want to buy RS.150 only",Adzuna::API::Response::Job,https://www.adzuna.in/details/4686705015?utm_medium=api&utm_source=7a21a92b,4686705015,Data Analyst,0,eyJhbGciOiJIUzI1NiJ9.eyJzIjoiY0wtZ0tidkE4UkdUTWVra0FZbVdQdyIsImkiOiI0Njg2NzA1MDE1In0.UbDuD89gFvUkk6ZUVgCMZB3E1H-BrXcrKKb7V8OwpUI,80.24963,"['India', 'Tamil Nadu', 'Chennai']",Adzuna::API::Response::Location,"Chennai, Tamil Nadu",,Adzuna::API::Response::Company,Trade & Construction Jobs,trade-construction-jobs,Adzuna::API::Response::Category,,,,2026-10-05
2026-02-19T19:58:34Z,full_time,,"This role is for one of the Weekday's clients Salary range: Rs 300000 - Rs 1200000 (ie INR 3-12 LPA) Min Experience: 1 years Location: Remote (India) JobType: full-time We’re looking for a passionate and detail-oriented Data Analyst / Data Scientist to join our growing analytics team. This role is perfect for someone who thrives on solving complex problems using data, loves diving deep into datasets, and has a strong command of analytical tools and programming languages. As a Data Analyst / Dat…",Adzuna::API::Response::Job,https://www.adzuna.in/details/5636068235?utm_medium=api&utm_source=7a21a92b,5636068235,Data Analyst / Data Scientist,0,eyJhbGciOiJIUzI1NiJ9.eyJpIjoiNTYzNjA2ODIzNSIsInMiOiJjTC1nS2J2QThSR1RNZWtrQVltV1B3In0.1dae4_ZhWUIQY26KkaTlnv6tNVSwdxW0Z8oJiGQvArA,,['India'],Adzuna::API::Response::Location,India,Weekday AI,Adzuna::API::Response::Company,IT Jobs,it-jobs,Adzuna::API::Response::Category,,,,2026-10-05
2026-08-28T06:29:01Z,full_time,,"Data Analyst / Data Engineer – SQL, BI & Data Analytics | Remote Position Type: Full-Time, Remote Working Hours: U.S. Business Hours About the Role At Pavago, one of our clients is hiring a Data Analyst / Data Engineer to transform business data into reliable reporting, actionable insights, and scalable data systems. Depending on your experience, this role may lean toward data analytics, business intelligence, data engineering, or a combination of these areas . You’ll work with SQL, dashboards,…",Adzuna::API::Response::Job,https://www.adzuna.in/details/5859054156?utm_medium=api&utm_source=7a21a92b,5859054156,Data Analyst / Data Engineer,0,eyJhbGciOiJIUzI1NiJ9.eyJzIjoiY0wtZ0tidkE4UkdUTWVra0FZbVdQdyIsImkiOiI1ODU5MDU0MTU2In0.ab5Pk0oJMubt4ugz_cnXZYM1kJtrZ8wTdoUc-1hzJGc,,['India'],Adzuna::API::Response::Location,India,Pavago,Adzuna::API::Response::Company,IT Jobs,it-jobs,Adzuna::API::Response::Category,,,,2026-10-05
2026-09-21T17:55:11Z,,,"Senior Data Analyst Summary We are seeking a commercially driven and highly analytical Senior Data Analyst to transform intricate datasets into strategic insights that fuel decision-making and revenue growth. This pivotal position serves as the critical link between business stakeholders and data engineering teams, guaranteeing that data assets are accurate, robustly modeled, and primed for immediate use. The successful candidate will possess a unique blend of advanced SQL proficiency, sharp bu…",Adzuna::API::Response::Job,https://www.adzuna.in/details/5892808458?utm_medium=api&utm_source=7a21a92b,5892808458,SENIOR DATA ANALYST,0,eyJhbGciOiJIUzI1NiJ9.eyJpIjoiNTg5MjgwODQ1OCIsInMiOiJjTC1nS2J2QThSR1RNZWtrQVltV1B3In0.86yHo0VP8TFZUG-qk8sQSmU8ZPdMUoBA7am7P29q9LY,,"['India', 'Tamil Nadu', 'Chennai']",Adzuna::API::Response::Location,"Chennai, Tamil Nadu",Vrinda International,Adzuna::API::Response::Company,IT Jobs,it-jobs,Adzuna::API::Response::Category,1300000.0,1700000.0,contract,2026-10-05
2026-09-18T19:47:47Z,full_time,28.56579,"Role Summary We are seeking a detail-oriented Data Analyst to join our team. In this role, you will transform raw data into actionable insights, supporting day-to-day data operations and executive reporting. You will query relational databases, build dynamic dashboards, and perform ad-hoc analyses to answer critical business questions. Key Responsibilities • Database Management & SQL: Write, run, and optimize SQL queries to extract, aggregate, and clean data from relational databases. • Dashboa…",Adzuna::API::Response::Job,https://www.adzuna.in/details/5889347971?utm_medium=api&utm_source=7a21a92b,5889347971,Junior Data Analyst,0,eyJhbGciOiJIUzI1NiJ9.eyJzIjoiY0wtZ0tidkE4UkdUTWVra0FZbVdQdyIsImkiOiI1ODg5MzQ3OTcxIn0.ma-VaOmSMYmg1qfh2jGdEBwv2CUoK_KvGcbZCI5HfYo,77.3225,"['India', 'Uttar Pradesh', 'Ghaziabad', 'Noida']",Adzuna::API::Response::Location,"Noida, Ghaziabad",Rezo.ai,Adzuna::API::Response::Company,IT Jobs,it-jobs,Adzuna::API::Response::Category,,,permanent,2026-10-05
2024-06-16T14:59:21Z,full_time,12.9832,"Job Title: HR Data Analyst Location: Bangalore High Level JD: Collect, compile, and analyze HR Data for trends with regard to recruitment practices, retention/turnover and apply this data to make recommendatios Excellent knowledge of Microsoft Office Suite, and Excel and the ability to createcharts,spreadsheets and presentations Compiling reports of data results and presenting these to senior managers. A minimum of 2 years experience in similar role. Ability to work with cross-functional teams …",Adzuna::API::Response::Job,https://www.adzuna.in/details/4739597153?utm_medium=api&utm_source=7a21a92b,4739597153,HR Data Analyst,0,eyJhbGciOiJIUzI1NiJ9.eyJpIjoiNDczOTU5NzE1MyIsInMiOiJjTC1nS2J2QThSR1RNZWtrQVltV1B3In0.KWtLvwEnwwQLuxuAqgj0iCsHpg1YF7tsjB27VB2sa8Q,77.7296,"['India', 'Karnataka', 'Bangalore', 'Naduvathi']",Adzuna::API::Response::Location,"Naduvathi, Bangalore","Opalforce, Inc.",Adzuna::API::Response::Company,IT Jobs,it-jobs,Adzuna::API::Response::Category,,,permanent,2026-10-05
2026-10-05T16:35:03Z,full_time,19.17335,"Job Requirements Role/ Job Title: Analyst-Data governance Business: Data & Analytics Function/ Department: Data & Analytics Place of Work: Mumbai Job Purpose: Senior data Analyst (DG) will work within Data & Analytics Office to implement data governance framework with a focus on improvement of data quality, standards, metrics, processes. Align data management practices with regulatory requirements. Understanding of lineage – How the data is produced, managed and consumed within the Banks busine…",Adzuna::API::Response::Job,https://www.adzuna.in/details/5912386667?utm_medium=api&utm_source=7a21a92b,5912386667,Data Analyst-Data Governance,0,eyJhbGciOiJIUzI1NiJ9.eyJzIjoiY0wtZ0tidkE4UkdUTWVra0FZbVdQdyIsImkiOiI1OTEyMzg2NjY3In0.MPx3Kmit54N4-IRm9lROlUISG9Idg3lh9nUYPUdr12M,73.04845,"['India', 'Maharashtra', 'Thane']",Adzuna::API::Response::Location,"Thane, Maharashtra",IDFC FIRST Bank,Adzuna::API::Response::Company,IT Jobs,it-jobs,Adzuna::API::Response::Category,,,,2026-10-05
2026-05-13T12:52:17Z,,,"Location: Karnataka Experience: 5 Years Qualification: Bachelor’s / Master’s Degree in Statistics Job Summary: We are seeking an experienced Statistician / Data Analyst to support survey analysis, statistical modeling, and data-driven planning activities for Master Plan / Urban Development projects. The candidate should possess strong analytical skills and experience in handling large datasets, statistical tools, and reporting. Kannada language proficiency is mandatory. Key Responsibilities: Pe…",Adzuna::API::Response::Job,https://www.adzuna.in/details/5727816928?utm_medium=api&utm_source=7a21a92b,5727816928,Statistician/Data Analyst,0,eyJhbGciOiJIUzI1NiJ9.eyJpIjoiNTcyNzgxNjkyOCIsInMiOiJjTC1nS2J2QThSR1RNZWtrQVltV1B3In0.dhEYFnVMc9kN0tccAgJFPBD-wqmpn5XfCLW0G02Q9Cc,,['India'],Adzuna::API::Response::Location,India,Two95 International Inc.,Adzuna::API::Response::Company,IT Jobs,it-jobs,Adzuna::API::Response::Category,,,contract,2026-10-05
2026-10-03T19:54:01Z,full_time,,"       '   :   -   (  - ) Experience: 3 yrs Location: Vadodara, Gujarat, India Job Type: Full-time We are looking for an experienced Business Intelligence Engineer to help build and scale enterprise data and analytics capabilities. The role combines business intelligence, analytics engineering, data modelling, reporting, and data platform development , with a strong focus on transforming raw operational data into trusted, analytics-ready datasets and business insights. The ideal candidate will …",Adzuna::API::Response::Job,https://www.adzuna.in/details/5910115032?utm_medium=api&utm_source=7a21a92b,5910115032,Business Data Analyst,0,eyJhbGciOiJIUzI1NiJ9.eyJzIjoiY0wtZ0tidkE4UkdUTWVra0FZbVdQdyIsImkiOiI1OTEwMTE1MDMyIn0.ba2OtUXIkxPQMBvBA3Gzzb5TiQ1mdQG3PxlmdZs7YkU,,['India'],Adzuna::API::Response::Location,India,Weekday AI,Adzuna::API::Response::Company,IT Jobs,it-jobs,Adzuna::API::Response::Category,,,,2026-10-05
2026-08-21T07:38:39Z,,17.40275,"Objectives and Responsibilities Lead discussions with partner teams to elicit, define, and understand objectives, goals, and desired insights Provide subject matter expertise on the data needs for project deliveries, scope, acceptance, installation and deployment. Interpret data, analyze results using statistical techniques and provide ongoing reports Develop and implement databases, data collection systems, data analytics and other strategies that optimize statistical efficiency and quality Ac…",Adzuna::API::Response::Job,https://www.adzuna.in/details/5850375378?utm_medium=api&utm_source=7a21a92b,5850375378,Data Analyst Lead,0,eyJhbGciOiJIUzI1NiJ9.eyJzIjoiY0wtZ0tidkE4UkdUTWVra0FZbVdQdyIsImkiOiI1ODUwMzc1Mzc4In0.rlkCTKqXywywCuKyOrcqvyH1FhszmjlvQh73LaFdXEo,78.50806,"['India', 'Telangana', 'Hyderabad']",Adzuna::API::Response::Location,"Hyderabad, Telangana",TechnoGen,Adzuna::API::Response::Company,IT Jobs,it-jobs,Adzuna::API::Response::Category,,,,2026-10-05
2026-06-13T02:35:26Z,full_time,,"Job Description: Data Analyst Lead India is looking for dynamic data analysts who has passion for data and a relentless focus on execution and delivery. The candidate is expected to come up with insightful data presentation to make informed decisions. As a data analyst your roles and responsibilities will be as follows: Experience: 0-1 years Technical Skills: Strong Work experience on Azure (App Insights, Stream analytics, Data Factory, Data warehouse, Azure Storage accounts, Blobs) Strong anal…",Adzuna::API::Response::Job,https://www.adzuna.in/details/5761791107?utm_medium=api&utm_source=7a21a92b,5761791107,Data Analyst Trainee,0,eyJhbGciOiJIUzI1NiJ9.eyJzIjoiY0wtZ0tidkE4UkdUTWVra0FZbVdQdyIsImkiOiI1NzYxNzkxMTA3In0.bm9q4rFXVSxRPsPtWXkJwqsiMzShSLO6PaN8Br5IqTc,,"['India', 'Karnataka', 'Bangalore']",Adzuna::API::Response::Location,"Bangalore, Karnataka",Lead India,Adzuna::API::Response::Company,IT Jobs,it-jobs,Adzuna::API::Response::Category,,,,2026-10-05
2026-09-30T11:27:48Z,,,"Role Summary Seeking an experienced Data Analyst with 7-10 years of experience to lead to lead reporting, monitoring, and auditing capabilities for RBC Capital Markets Data Strategy & Execution. The analyst will define reporting standards, analyze data across enterprise systems, and partner with business and technical stakeholders to support data initiatives. Key Responsibilities Lead the design and development of reporting, monitoring, and auditing requirements. Design, implement, and maintain…",Adzuna::API::Response::Job,https://www.adzuna.in/details/5903518522?utm_medium=api&utm_source=7a21a92b,5903518522,Data Analyst VP,0,eyJhbGciOiJIUzI1NiJ9.eyJzIjoiY0wtZ0tidkE4UkdUTWVra0FZbVdQdyIsImkiOiI1OTAzNTE4NTIyIn0.ZrX2LZ8KZRjWAlRsTTGynZPuCitKCDFU13g0mG3nhQ0,,['India'],Adzuna::API::Response::Location,India,People First Consultants,Adzuna::API::Response::Company,IT Jobs,it-jobs,Adzuna::API::Response::Category,,,,2026-10-05
2025-11-20T00:58:19Z,full_time,18.5062,"Job Title: Data Analyst Intern Company: Optimspace.in Location: Remote Duration: 3 months Opportunity: Full-time based on performance, with a Certificate of Internship Optimspace.in Optimspace.in offers practical experience for students and graduates in data analysis to enhance career prospects and provide hands-on learning opportunities in a real-world environment. Responsibilities Collect, clean, and analyze datasets. Develop reports and data visualizations. Identify trends and patterns in da…",Adzuna::API::Response::Job,https://www.adzuna.in/details/5503837644?utm_medium=api&utm_source=7a21a92b,5503837644,Data Analyst Intern,0,eyJhbGciOiJIUzI1NiJ9.eyJpIjoiNTUwMzgzNzY0NCIsInMiOiJjTC1nS2J2QThSR1RNZWtrQVltV1B3In0.q0RiHU9bMYzKnTKqgkk9uMaWuUVsAWndhUWjEXRTB1Y,73.84735,"['India', 'Maharashtra', 'Pune']",Adzuna::API::Response::Location,"Pune, Maharashtra",Optimspace,Adzuna::API::Response::Company,IT Jobs,it-jobs,Adzuna::API::Response::Category,,,contract,2026-10-05
2022-01-30T04:34:29Z,full_time,,"Managing and designing the reporting environment, including data sources, security, and metadata. Preparing reports for executive leadership that effectively communicate trends, patterns, and predictions using relevant data Establish KPIs to measure the effectiveness of business decisions. Work with management to prioritize business and information needs. Provide data solutions, tools, and capabilities to enable self-service frameworks for data consumers Provide expertise and translate the busi…",Adzuna::API::Response::Job,https://www.adzuna.in/details/2853928162?utm_medium=api&utm_source=7a21a92b,2853928162,Sr. Data Analyst,0,eyJhbGciOiJIUzI1NiJ9.eyJzIjoiS3NXaktydkE4UkdHNzQ3VFRETjhyUSIsImkiOiIyODUzOTI4MTYyIn0.usx82DxFLn9gxDG4k8E7vuuRpSaFH5H72iDsHlxx304,,"['India', 'Karnataka', 'Bangalore']",Adzuna::API::Response::Location,"Bangalore, Karnataka",Multi Recruit,Adzuna::API::Response::Company,IT Jobs,it-jobs,Adzuna::API::Response::Category,600000.0,1500000.0,,2026-10-05
2026-09-24T16:16:45Z,full_time,19.02,"The GSS Data Analyst is responsible for delivering safe, efficient, and reliable PSD to customers. The GSS Data Analyst identifies opportunities to improve service delivery, implements standard work, and manages risk during service delivery. This person monitors the well to provide timely and factual information to our customers; maintains sensors, equipment, and data acquisition equipment; and delivers high quality data to the customer at the wellsite. Ensure job deliverables are accurate and …",Adzuna::API::Response::Job,https://www.adzuna.in/details/5896658058?utm_medium=api&utm_source=7a21a92b,5896658058,GSS Data Analyst,0,eyJhbGciOiJIUzI1NiJ9.eyJpIjoiNTg5NjY1ODA1OCIsInMiOiJLc1dqS3J2QThSR0c3NDdUVEROOHJRIn0.JJEK0srcNe8tNaK-puABXLVVFQYJpIpiMT8bQABpiIM,73.02,"['India', 'Maharashtra', 'Navi Mumbai']",Adzuna::API::Response::Location,"Navi Mumbai, Maharashtra",SLB,Adzuna::API::Response::Company,IT Jobs,it-jobs,Adzuna::API::Response::Category,,,,2026-10-05
2025-06-19T05:22:26Z,full_time,,"About the Role: We are looking for a skilled and detail-oriented Data Analyst to join our team. The ideal candidate will be responsible for collecting, analyzing, and interpreting large datasets to support data-driven decision-making across the organization. Proficiency in MongoDB and SQL is essential for this role. Key Responsibilities: Collect, process, and clean structured and unstructured data from various sources. Analyze data using SQL queries and MongoDB aggregations to extract insights.…",Adzuna::API::Response::Job,https://www.adzuna.in/details/5257287584?utm_medium=api&utm_source=7a21a92b,5257287584,Sr Data Analyst,0,eyJhbGciOiJIUzI1NiJ9.eyJzIjoiS3NXaktydkE4UkdHNzQ3VFRETjhyUSIsImkiOiI1MjU3Mjg3NTg0In0.-4jc1He-btwS1dLKVnD2_EBNaxZSf5JZUff5Msn0rYk,,['India'],Adzuna::API::Response::Location,India,Jobizo,Adzuna::API::Response::Company,IT Jobs,it-jobs,Adzuna::API::Response::Category,700000.0,1000000.0,,2026-10-05
2026-09-13T16:12:49Z,full_time,,"Data Analyst – Strategic Finance Looking to work on high-impact data problems that influence business and financial decisions? This role sits at the intersection of data analytics, financial insights, and operational strategy, helping teams make faster and better decisions using data.",Adzuna::API::Response::Job,https://www.adzuna.in/details/5882499682?utm_medium=api&utm_source=7a21a92b,5882499682,Data Analyst Fintech,0,eyJhbGciOiJIUzI1NiJ9.eyJzIjoiS3NXaktydkE4UkdHNzQ3VFRETjhyUSIsImkiOiI1ODgyNDk5NjgyIn0.4QsYyMkRS8jlDEfrl-aK2OpK9Tq_emD_3Lq6LFFUE4U,,"['India', 'Karnataka', 'Bangalore']",Adzuna::API::Response::Location,"Bangalore, Karnataka",EXL,Adzuna::API::Response::Company,IT Jobs,it-jobs,Adzuna::API::Response::Category,,,,2026-10-05
2026-09-09T21:30:25Z,,,"Job Title: Data Analyst (Python Pyspark) About Us “Capco, a Wipro company, is a global technology and management consulting firm. Awarded with Consultancy of the year in the British Bank Award and has been ranked Top 100 Best Companies for Women in India 2022 by Avtar & Seramount . With our presence across 32 cities across globe, we support 100 clients across banking, financial and Energy sectors. We are recognized for our deep transformation execution and delivery. WHY JOIN CAPCO? You will wor…",Adzuna::API::Response::Job,https://www.adzuna.in/details/5877283849?utm_medium=api&utm_source=7a21a92b,5877283849,Senior Data Analyst,0,eyJhbGciOiJIUzI1NiJ9.eyJpIjoiNTg3NzI4Mzg0OSIsInMiOiJLc1dqS3J2QThSR0c3NDdUVEROOHJRIn0.LjVQkyn_qg-4zJuji-c9lbx7CC7Lcd7roKJg_q7BtMs,,['India'],Adzuna::API::Response::Location,India,Capco,Adzuna::API::Response::Company,IT Jobs,it-jobs,Adzuna::API::Response::Category,,,,2026-10-05
2026-10-02T21:44:06Z,full_time,,"Description Job Description – Data Analyst Position Overview We are looking for a Data Analyst to collect, analyze, and interpret data to support business and operational decision-making. The role involves working with large datasets, developing dashboards and reports, and translating data into actionable insights. Key Responsibilities Analyze and interpret structured and unstructured data to identify trends, patterns, and business insights. Develop and maintain dashboards, reports, and data vi…",Adzuna::API::Response::Job,https://www.adzuna.in/details/5908397833?utm_medium=api&utm_source=7a21a92b,5908397833,Data Analyst | Offshore,0,eyJhbGciOiJIUzI1NiJ9.eyJzIjoiS3NXaktydkE4UkdHNzQ3VFRETjhyUSIsImkiOiI1OTA4Mzk3ODMzIn0.mY5O5mKu76nrQoPziSSbUbfk799KGgJVj-DA-4d6FKM,,['India'],Adzuna::API::Response::Location,India,Photon Group,Adzuna::API::Response::Company,IT Jobs,it-jobs,Adzuna::API::Response::Category,,,,2026-10-05
2026-08-09T20:48:38Z,full_time,,"Portcast is a venture-backed, Singapore-based logistics technology startup building a real-time transportation visibility platform for global supply chains. We help shippers, manufacturers, and logistics service providers turn data into decisions and decisions into measurable business impact. Our platform goes beyond visibility. Portcast enables action at scale by surfacing the right risks early, helping teams prevent detention and demurrage, accelerate exception management, and close invoices …",Adzuna::API::Response::Job,https://www.adzuna.in/details/5834753332?utm_medium=api&utm_source=7a21a92b,5834753332,Data Analyst Intern,0,eyJhbGciOiJIUzI1NiJ9.eyJzIjoiS3NXaktydkE4UkdHNzQ3VFRETjhyUSIsImkiOiI1ODM0NzUzMzMyIn0.C1j69wo_7VYaEcwMh4gsaajo-v0e4LJwC-MLg7-jbtA,,['India'],Adzuna::API::Response::Location,India,Portcast,Adzuna::API::Response::Company,Engineering Jobs,engineering-jobs,Adzuna::API::Response::Category,,,contract,2026-10-05
2026-09-24T10:02:35Z,,,"Senior Data Analyst Design Your Future at PVHSenior Data Analyst POSITION TITLE: Senior Data Analyst (Business Analytics) – PVH Supply Data & Analytics DEPT. /DIVISION: Corporate Supply Data & Analytics POSITION REPORTS TO: Senior Manager, Data & Analytics LOCATION: Bangalore, India POSITION SUMMARY: The Supply Chain Data & Analytics (SDA) team sits within the corporate Supply Chain function at PVH and is passionate about powering a world-class, data-driven Supply Chain by delivering exceptiona…",Adzuna::API::Response::Job,https://www.adzuna.in/details/5896262149?utm_medium=api&utm_source=7a21a92b,5896262149,Senior Data Analyst,0,eyJhbGciOiJIUzI1NiJ9.eyJzIjoiS3NXaktydkE4UkdHNzQ3VFRETjhyUSIsImkiOiI1ODk2MjYyMTQ5In0.3GzNyAq--DmzqBJQzuZfV9c6xA4Tq7cVgQTRaMP6mDU,,"['India', 'Karnataka', 'Bangalore']",Adzuna::API::Response::Location,"Bangalore, Karnataka",PVH,Adzuna::API::Response::Company,IT Jobs,it-jobs,Adzuna::API::Response::Category,,,,2026-10-05
2026-10-03T21:50:15Z,full_time,26.7441,"Job Description: Job Title: Reference Data Analyst Corporate Title: Associate Location: Jaipur, India Role Description The Reference Data Analyst focuses on effective oversight of strategic data used across the bank’s systems and infrastructure. The Reference Data Analyst supports various elements of the data lifecycle, from ensuring that data is captured from the best source, to validating and classifying, and operating controls that optimize its quality and maximize coverage. The Reference Da…",Adzuna::API::Response::Job,https://www.adzuna.in/details/5910254997?utm_medium=api&utm_source=7a21a92b,5910254997,Reference Data Analyst,0,eyJhbGciOiJIUzI1NiJ9.eyJzIjoiS3NXaktydkE4UkdHNzQ3VFRETjhyUSIsImkiOiI1OTEwMjU0OTk3In0.m1KX9fgYQ6fFK_h7ZDyxeRurZiALP9u6dXRvSQZ79os,75.9469,"['India', 'Rajasthan', 'Jaipur']",Adzuna::API::Response::Location,"Jaipur, Rajasthan",Deutsche Bank,Adzuna::API::Response::Company,IT Jobs,it-jobs,Adzuna::API::Response::Category,,,,2026-10-05
2026-08-07T07:31:54Z,,,"We are looking for data analyst expertized on Oracle SQL/PLSQL having 5-8 years of experience. Successful candidates will work as a part of a team and help us in building SQL Automations. As we help our clients target, measure and improve mission-critical business metrics and generate demonstrable return on investment, our SQL data analysts enjoy a high level of responsibility and immediate client interactions. In addition to technical excellence, you are expected to be excellent communicators …",Adzuna::API::Response::Job,https://www.adzuna.in/details/5831401587?utm_medium=api&utm_source=7a21a92b,5831401587,Senior Data Analyst,0,eyJhbGciOiJIUzI1NiJ9.eyJzIjoiS3NXaktydkE4UkdHNzQ3VFRETjhyUSIsImkiOiI1ODMxNDAxNTg3In0.cOEL-FUdkW1Al6mzC-TMkDMf1nmGMIp7JQZhIPu43ww,,"['India', 'Karnataka', 'Bangalore']",Adzuna::API::Response::Location,"Bangalore, Karnataka",Flipkart,Adzuna::API::Response::Company,IT Jobs,it-jobs,Adzuna::API::Response::Category,,,,2026-10-05
2025-12-16T02:52:13Z,full_time,18.5062,"Description R3 Consultant is looking for a Senior Data Analyst to join our team in Pune. This full-time, on-site position offers an exciting opportunity to delve into data analytics within the staffing and recruiting industry, where your insights will drive strategic decision-making. As a Senior Data Analyst, you will play a pivotal role in analyzing complex datasets to identify trends, patterns, and insights that will enhance our recruitment strategies and improve client outcomes. You will col…",Adzuna::API::Response::Job,https://www.adzuna.in/details/5543508791?utm_medium=api&utm_source=7a21a92b,5543508791,Senior Data Analyst,0,eyJhbGciOiJIUzI1NiJ9.eyJpIjoiNTU0MzUwODc5MSIsInMiOiJLc1dqS3J2QThSR0c3NDdUVEROOHJRIn0.u3_vmc6RC8ZeoNGI59g24QGcJlqE9eeZNmTOGmkwVCI,73.84735,"['India', 'Maharashtra', 'Pune']",Adzuna::API::Response::Location,"Pune, Maharashtra",r3 Consultant,Adzuna::API::Response::Company,IT Jobs,it-jobs,Adzuna::API::Response::Category,,,,2026-10-05
2025-06-18T05:21:07Z,full_time,,"Position : Senior Data Analyst Experience Required : 5 to 8 Years Location : Hyderabad or Bangalore (Work Mode: Hybrid – 3 Days WFO) Shift Timing : 11:00 AM – 8:00 PM IST Notice Period : Immediate Joiners Only Job Summary : We are seeking a highly analytical and experienced Senior Data Analyst to lead complex data-driven initiatives that influence key business decisions. The ideal candidate will have a strong foundation in data analytics, cloud platforms, and BI tools, along with the ability to…",Adzuna::API::Response::Job,https://www.adzuna.in/details/5255506978?utm_medium=api&utm_source=7a21a92b,5255506978,Senior Data Analyst,0,eyJhbGciOiJIUzI1NiJ9.eyJpIjoiNTI1NTUwNjk3OCIsInMiOiJLc1dqS3J2QThSR0c3NDdUVEROOHJRIn0.f3xXaMBBdz50TGDCG8xooSLrcqzF10mdlUYOiwGoIks,,"['India', 'Karnataka', 'Bangalore']",Adzuna::API::Response::Location,"Bangalore, Karnataka",NeoGenCode Technologies Pvt Ltd,Adzuna::API::Response::Company,IT Jobs,it-jobs,Adzuna::API::Response::Category,1000000.0,1800000.0,,2026-10-05
2026-09-26T21:03:51Z,full_time,12.9832,"Job Title: HR Data Analyst Location: Bangalore High Level JD: Collect, compile, and analyze HR Data for trends with regard to recruitment practices, retention/turnover and apply this data to make recommendatios Excellent knowledge of Microsoft Office Suite, and Excel and the ability to createcharts,spreadsheets and presentations Compiling reports of data results and presenting these to senior managers. A minimum of 2 years experience in similar role. Ability to work with cross-functional teams",Adzuna::API::Response::Job,https://www.adzuna.in/details/5899834139?utm_medium=api&utm_source=7a21a92b,5899834139,HR Data Analyst,0,eyJhbGciOiJIUzI1NiJ9.eyJpIjoiNTg5OTgzNDEzOSIsInMiOiJLc1dqS3J2QThSR0c3NDdUVEROOHJRIn0.BCA6Tk4XNrCatpsaTDYbwvYmBP362ogTBmX6sB8dIZg,77.7296,"['India', 'Karnataka', 'Bangalore', 'Naduvathi']",Adzuna::API::Response::Location,"Naduvathi, Bangalore",Opalforce,Adzuna::API::Response::Company,HR & Recruitment Jobs,hr-jobs,Adzuna::API::Response::Category,,,,2026-10-05
2026-08-13T02:55:55Z,full_time,28.62523,"We are seeking a highly motivated and detail-oriented Junior Data Analyst to join our team. As a Junior Data Analyst, you will play a key role in supporting the Data Science, Risk, and Business teams by developing analytical datasets, dashboards, and actionable insights that enable data-driven lending decisions, portfolio monitoring, and operational excellence. You will work closely with cross-functional teams to identify business needs and develop data-driven solutions. Your primary responsibi…",Adzuna::API::Response::Job,https://www.adzuna.in/details/5838750295?utm_medium=api&utm_source=7a21a92b,5838750295,Junior Data Analyst,0,eyJhbGciOiJIUzI1NiJ9.eyJzIjoiS3NXaktydkE4UkdHNzQ3VFRETjhyUSIsImkiOiI1ODM4NzUwMjk1In0.KqrE-Q9COk8FTRaxnxrk21O7Ej1viavxIndfqug9liE,77.224601,"['India', 'Delhi']",Adzuna::API::Response::Location,"Delhi, India",Happiest Resume,Adzuna::API::Response::Company,IT Jobs,it-jobs,Adzuna::API::Response::Category,100000.0,700000.0,,2026-10-05
2026-08-13T02:55:55Z,full_time,28.62623,"We are seeking a highly motivated and detail-oriented Junior Data Analyst to join our team. As a Junior Data Analyst, you will play a key role in supporting the Data Science, Risk, and Business teams by developing analytical datasets, dashboards, and actionable insights that enable data-driven lending decisions, portfolio monitoring, and operational excellence. You will work closely with cross-functional teams to drive business growth and improve operational efficiency. Your primary responsibil…",Adzuna::API::Response::Job,https://www.adzuna.in/details/5838750293?utm_medium=api&utm_source=7a21a92b,5838750293,Junior Data Analyst,0,eyJhbGciOiJIUzI1NiJ9.eyJpIjoiNTgzODc1MDI5MyIsInMiOiJLc1dqS3J2QThSR0c3NDdUVEROOHJRIn0.b-RQ4d1rSDD0a47HO-nHNRVFFcHSLBRF9x8ZYVtFLz4,77.21808,"['India', 'Delhi', 'New Delhi']",Adzuna::API::Response::Location,"New Delhi, Delhi",Happiest Resume,Adzuna::API::Response::Company,IT Jobs,it-jobs,Adzuna::API::Response::Category,100000.0,700000.0,,2026-10-05
2026-09-18T21:43:39Z,full_time,,"Company Overview MedTourEasy, a global healthcare company, provides you the informational resources needed to evaluate your global options. MedTourEasy provides analytical solutions to our partner healthcare providers globally. Job Title Big Data Analyst Job Location Bengaluru, India Gurgaon, India New Delhi, India Noida, India International Years of Experience 0-5 years Job Description As a Big Data Analyst at Medtoureasy, you will play a crucial role in analyzing and interpreting complex data…",Adzuna::API::Response::Job,https://www.adzuna.in/details/5889534396?utm_medium=api&utm_source=7a21a92b,5889534396,Big Data Analyst,0,eyJhbGciOiJIUzI1NiJ9.eyJzIjoiS3NXaktydkE4UkdHNzQ3VFRETjhyUSIsImkiOiI1ODg5NTM0Mzk2In0.uV0wEtGTK3d8Dr4FlcGph8K-lwykj5Mj97FkhtZosNU,,['India'],Adzuna::API::Response::Location,India,MedTourEasy,Adzuna::API::Response::Company,IT Jobs,it-jobs,Adzuna::API::Response::Category,600000.0,600000.0,,2026-10-05
2026-09-09T16:12:53Z,full_time,,"We are looking for an experienced Data Analyst with experience in data analytics, data management, and business intelligence. The ideal candidate should have strong hands-on experience with SAP BW or SAP ECC, along with Databricks, SQL, and reporting/visualization tools. The candidate will be responsible for understanding and analyzing data flows from SAP systems, extracting and transforming data using SQL and Databricks, and developing reports and dashboards to provide actionable business insi…",Adzuna::API::Response::Job,https://www.adzuna.in/details/5876949352?utm_medium=api&utm_source=7a21a92b,5876949352,Senior Data Analyst,0,eyJhbGciOiJIUzI1NiJ9.eyJzIjoiS3NXaktydkE4UkdHNzQ3VFRETjhyUSIsImkiOiI1ODc2OTQ5MzUyIn0.mv5cKFioBmVHSfd6bar9hnk_AYxCMjEoXWLt0IscHaQ,,"['India', 'Karnataka', 'Bangalore']",Adzuna::API::Response::Location,"Bangalore, Karnataka",Unison Group,Adzuna::API::Response::Company,IT Jobs,it-jobs,Adzuna::API::Response::Category,,,,2026-10-05
2024-08-19T03:31:25Z,full_time,,"Design Your Future at PVH Senior Data Analyst POSITION TITLE: Senior Data Analyst (Business Analytics) – PVH Supply Data & Analytics DEPT. /DIVISION: Corporate Supply Data & Analytics POSITION REPORTS TO: Senior Manager, Data & Analytics LOCATION: Bangalore, India POSITION SUMMARY: The Supply Chain Data & Analytics (SDA) team sits within the corporate Supply Chain function at PVH and is passionate about powering a world-class, data-driven Supply Chain by delivering exceptional data & analytics,…",Adzuna::API::Response::Job,https://www.adzuna.in/details/4830811997?utm_medium=api&utm_source=7a21a92b,4830811997,Senior Data Analyst,0,eyJhbGciOiJIUzI1NiJ9.eyJzIjoiS3NXaktydkE4UkdHNzQ3VFRETjhyUSIsImkiOiI0ODMwODExOTk3In0.q0BQK6c78717IkUUYR28mn1pkdAEahzjRz4LF0qV5HQ,,['India'],Adzuna::API::Response::Location,India,PVH,Adzuna::API::Response::Company,IT Jobs,it-jobs,Adzuna::API::Response::Category,,,,2026-10-05
2026-08-07T20:57:12Z,,12.95703,"Job Title: Master Data Analyst Accountability: SPX FLOW is a global multi-industry manufacturing leader with approximately $2.1 billion in annual revenue, operations in more than 35 countries and close to 7,000 employees. The company's highly-specialized, engineered products and innovative technologies are helping to meet rising global demand for electricity and processed foods and beverages, particularly in emerging markets. The Global Data Analytics and Data Governance Team is responsible for…",Adzuna::API::Response::Job,https://www.adzuna.in/details/5832092606?utm_medium=api&utm_source=7a21a92b,5832092606,Master Data Analyst,0,eyJhbGciOiJIUzI1NiJ9.eyJzIjoiS3NXaktydkE4UkdHNzQ3VFRETjhyUSIsImkiOiI1ODMyMDkyNjA2In0.hisOvrp75F6SRsyJshetaydsAaOjmS4G2EKUwPb3gIM,77.59837,"['India', 'Karnataka', 'Bangalore']",Adzuna::API::Response::Location,"Bangalore, Karnataka",SPX FLOW,Adzuna::API::Response::Company,Accounting & Finance Jobs,accounting-finance-jobs,Adzuna::API::Response::Category,,,,2026-10-05
2026-08-30T07:38:33Z,,,I 9 Executions of all Collabera consultants Verifying I9 supporting documents prior to executing it E-Verify: Audit I9s and file I9/everify to be compliant with DHS/USCIS Assisting immigration team Verify I-9 form and support docs for all Collabera hires very precisely Learn new I-9 processes and e-verify processes through USCIS webinars and educate internal teams with new updates. Communicate I-9 and e-verify issues with manager and resolve them using USCIS resources and I-9 central help. Reso…,Adzuna::API::Response::Job,https://www.adzuna.in/details/5861792459?utm_medium=api&utm_source=7a21a92b,5861792459,Executive Data Analyst,0,eyJhbGciOiJIUzI1NiJ9.eyJzIjoiS3NXaktydkE4UkdHNzQ3VFRETjhyUSIsImkiOiI1ODYxNzkyNDU5In0.Io0Vq1rCn4ks5NCBx72SGDKrYTCn28zRWDF6JZig10c,,"['India', 'Karnataka', 'Bangalore']",Adzuna::API::Response::Location,"Bangalore, Karnataka",Ascendion Digital Solutions Private Limited,Adzuna::API::Response::Company,IT Jobs,it-jobs,Adzuna::API::Response::Category,,,,2026-10-05
2026-08-27T07:41:45Z,,,"ABOUT UNILEVER: Every individual here can bring their purpose to life through their work. Join us and you ll be surrounded by inspiring leaders and supportive peers. Among them, you ll channel your purpose, bring fresh ideas to the table, and simply be you. As you work to make a real impact on the business and the world, we ll work to help you become a better you. Role Overview: We are undertaking enterprise transformation program focused on simplifying and modernizing its core systems and data…",Adzuna::API::Response::Job,https://www.adzuna.in/details/5857750991?utm_medium=api&utm_source=7a21a92b,5857750991,Mirai- Data Analyst,0,eyJhbGciOiJIUzI1NiJ9.eyJpIjoiNTg1Nzc1MDk5MSIsInMiOiJLc1dqS3J2QThSR0c3NDdUVEROOHJRIn0.Q4A2F0tDkza5_C_Ei4oFGlypSS_8Z_dK0Ckg5K9wBN4,,"['India', 'Karnataka', 'Bangalore']",Adzuna::API::Response::Location,"Bangalore, Karnataka",Hindustan Unilever Hul,Adzuna::API::Response::Company,IT Jobs,it-jobs,Adzuna::API::Response::Category,,,,2026-10-05
2023-10-22T13:49:04Z,full_time,19.00821,"About us :- Merito is a curated talent platform where we identify, assess, and connect candidates for matching job opportunities. We are working with the mission to change the way hiring is done. The company is founded by a team of alumni from IIM Ahmedabad, McKinsey with more than 2 decades of experience in recruitment, training, and coaching. About our Client :- Our client is an InsureTech platform backed by a major retail giant that offers contextual insurance in a blink. We are a team of co…",Adzuna::API::Response::Job,https://www.adzuna.in/details/4386563730?utm_medium=api&utm_source=7a21a92b,4386563730,Data Analyst (SQL),0,eyJhbGciOiJIUzI1NiJ9.eyJzIjoiS3NXaktydkE4UkdHNzQ3VFRETjhyUSIsImkiOiI0Mzg2NTYzNzMwIn0.-3cJbXCedgB_ZG6sqBjafmvueGPcd0PXBtyKGw2l-Ew,72.84415,"['India', 'Maharashtra', 'Mumbai']",Adzuna::API::Response::Location,"Mumbai, Maharashtra",Merito,Adzuna::API::Response::Company,IT Jobs,it-jobs,Adzuna::API::Response::Category,600000.0,800000.0,,2026-10-05
2026-09-11T07:42:19Z,,17.40275,"Summary: As a Data Analyst supporting the Customer Success Group, you will be pivotal in providing essential data analytics, reporting, and business intelligence to drive actionable insights. Reporting to a Manager, you will be responsible for fulfilling data requests, performing detailed analysis, and delivering results that directly support key business decisions within the Customer Success organization. Your role will begin with foundational reporting and data requests, with responsibilities…",Adzuna::API::Response::Job,https://www.adzuna.in/details/5879148827?utm_medium=api&utm_source=7a21a92b,5879148827,Data Analyst IV,0,eyJhbGciOiJIUzI1NiJ9.eyJzIjoiS3NXaktydkE4UkdHNzQ3VFRETjhyUSIsImkiOiI1ODc5MTQ4ODI3In0.g012ccPrvXNRd34Zd2PLfkLqmNNrVzLpr3n4sRynBCQ,78.50806,"['India', 'Telangana', 'Hyderabad']",Adzuna::API::Response::Location,"Hyderabad, Telangana",Aditi Tech Consulting Private Limited,Adzuna::API::Response::Company,IT Jobs,it-jobs,Adzuna::API::Response::Category,,,,2026-10-05
2026-08-09T20:59:01Z,full_time,19.00821,"The Data Analytics/Business Intelligence team is responsible for building and supporting GIA’s global data warehouse and building out dashboards for consumption across GIA digital domain. The team is a fundamental part of GIA’s effort to become a fully digitalized company. The team partners with various business units to enable the services required to deliver software, data and business intelligence services. The Associate Data Analytics function to assist the Data Analyst in the design, devel…",Adzuna::API::Response::Job,https://www.adzuna.in/details/5834763905?utm_medium=api&utm_source=7a21a92b,5834763905,Associate Data Analyst,0,eyJhbGciOiJIUzI1NiJ9.eyJzIjoiS3NXaktydkE4UkdHNzQ3VFRETjhyUSIsImkiOiI1ODM0NzYzOTA1In0.DWWIIaV74TsAB7xry6Hf5M33z7T_lvMmk_8NdW3iURE,72.84415,"['India', 'Maharashtra', 'Mumbai']",Adzuna::API::Response::Location,"Mumbai, Maharashtra",GIA Services,Adzuna::API::Response::Company,IT Jobs,it-jobs,Adzuna::API::Response::Category,,,,2026-10-05
2026-06-11T02:35:35Z,full_time,,"Description Title : Senior Data Analyst Location : Bangalore Write and optimize complex SQL queries for data extraction, transformation, and analysis Design and develop interactive dashboards and reports using Power BI / Tableau Perform data analysis to identify trends, patterns, and actionable insights Work with stakeholders to gather requirements and translate them into analytical solutions Ensure data accuracy, consistency, and performance optimization Automate reporting processes and improv…",Adzuna::API::Response::Job,https://www.adzuna.in/details/5759043518?utm_medium=api&utm_source=7a21a92b,5759043518,Senior Data Analyst,0,eyJhbGciOiJIUzI1NiJ9.eyJzIjoiS3NXaktydkE4UkdHNzQ3VFRETjhyUSIsImkiOiI1NzU5MDQzNTE4In0.4zDqTI7cGsr0oI-sddJ5R7v8v1ONnTknIxXly6p2Hsc,,"['India', 'Karnataka', 'Bangalore']",Adzuna::API::Response::Location,"Bangalore, Karnataka",EXL,Adzuna::API::Response::Company,IT Jobs,it-jobs,Adzuna::API::Response::Category,,,,2026-10-05
2026-08-29T20:48:34Z,full_time,28.56579,"Position Overview: We are seeking a Senior Data Analyst to support our Data team projects, with a primary focus on business intelligence development, analytical asset creation, and data-driven insights. The role will contribute directly to the delivery of the first phase of the project and will be responsible for developing scalable, high-quality analytical solutions. The ideal candidate is highly experienced with Power BI and Looker, has strong Python and SQL skills, and brings strong analytic…",Adzuna::API::Response::Job,https://www.adzuna.in/details/5861221729?utm_medium=api&utm_source=7a21a92b,5861221729,Senior Data Analyst,0,eyJhbGciOiJIUzI1NiJ9.eyJpIjoiNTg2MTIyMTcyOSIsInMiOiJLc1dqS3J2QThSR0c3NDdUVEROOHJRIn0.vMf7KgsyorDs6jB-NOw9xY1AZYHqm7tPisfH6WYqJ7o,77.3225,"['India', 'Uttar Pradesh', 'Ghaziabad', 'Noida']",Adzuna::API::Response::Location,"Noida, Ghaziabad",ShyftLabs,Adzuna::API::Response::Company,IT Jobs,it-jobs,Adzuna::API::Response::Category,,,,2026-10-05
2026-08-28T07:37:32Z,,19.02,We are looking for a skilled and proactive Senior Data Analyst to take ownership of multiple designated client accounts. The role involves applying analytics and visualization techniques to drive better business decision-making while independently managing client interactions and expectations. Responsibilities: Understand client brief and translate into tasks and analysis steps. Deliver insights and results back to the client independently. Design solutions to integrate with various downstream …,Adzuna::API::Response::Job,https://www.adzuna.in/details/5859122596?utm_medium=api&utm_source=7a21a92b,5859122596,Senior Data Analyst,0,eyJhbGciOiJIUzI1NiJ9.eyJpIjoiNTg1OTEyMjU5NiIsInMiOiJLc1dqS3J2QThSR0c3NDdUVEROOHJRIn0.idmU8qzboH_hlsesMsJrCeVHNQIyGz4ZZzxfjwIFYCc,73.02,"['India', 'Maharashtra', 'Navi Mumbai']",Adzuna::API::Response::Location,"Navi Mumbai, Maharashtra",Robosoft Technologies,Adzuna::API::Response::Company,IT Jobs,it-jobs,Adzuna::API::Response::Category,,,,2026-10-05
2026-08-28T07:37:33Z,,,We are looking for a skilled and proactive Senior Data Analyst to take ownership of multiple designated client accounts. The role involves applying analytics and visualization techniques to drive better business decision-making while independently managing client interactions and expectations. Responsibilities: Understand client brief and translate into tasks and analysis steps. Deliver insights and results back to the client independently. Design solutions to integrate with various downstream …,Adzuna::API::Response::Job,https://www.adzuna.in/details/5859122633?utm_medium=api&utm_source=7a21a92b,5859122633,Senior Data Analyst,0,eyJhbGciOiJIUzI1NiJ9.eyJzIjoiS3NXaktydkE4UkdHNzQ3VFRETjhyUSIsImkiOiI1ODU5MTIyNjMzIn0.jo3CQFcCW5cRwWMUhYpjpfBbH-ad1VLOqjgyZRnMJI8,,"['India', 'Karnataka', 'Bangalore']",Adzuna::API::Response::Location,"Bangalore, Karnataka",Robosoft Technologies,Adzuna::API::Response::Company,IT Jobs,it-jobs,Adzuna::API::Response::Category,,,,2026-10-05
2024-11-06T12:42:06Z,full_time,,"Senior Data Analyst Experience: 8 Years Work Mode: Remote Full Time Responsibilities: • Analyze large datasets to uncover trends, patterns, and insights to support business goals. • Design, develop, and manage interactive dashboards and reports using Power BI. • Utilize DAX and SQL for advanced data querying and data modeling. • Create and manage complex SQL queries for data extraction, transformation, and loading processes. • Collaborate with cross-functional teams to understand data requireme…",Adzuna::API::Response::Job,https://www.adzuna.in/details/4928060322?utm_medium=api&utm_source=7a21a92b,4928060322,Sr. Data Analyst,0,eyJhbGciOiJIUzI1NiJ9.eyJpIjoiNDkyODA2MDMyMiIsInMiOiJLc1dqS3J2QThSR0c3NDdUVEROOHJRIn0.5mO8WFmuCwPow5ejxvRTC5oPhxqASsYzSGD3_cTrGzw,,['India'],Adzuna::API::Response::Location,India,OnActive,Adzuna::API::Response::Company,IT Jobs,it-jobs,Adzuna::API::Response::Category,2000000.0,2500000.0,,2026-10-05
2026-09-30T16:17:46Z,full_time,23.4896,"Role Overview We’re building out the analytics and intelligence layer across all our startups, and we need a Data Analyst to help make that happen. You’ll turn raw product and business data into clear insights, dashboards, and recommendations that shape decisions across multiple teams. Responsibilities Build and maintain KPI dashboards using Power BI, Tableau, or Looker Studio Write advanced SQL queries to extract, clean, and model data from multiple sources Use Python (Pandas, NumPy) for deepe…",Adzuna::API::Response::Job,https://www.adzuna.in/details/5903790561?utm_medium=api&utm_source=7a21a92b,5903790561,Data Analyst – Startups,0,eyJhbGciOiJIUzI1NiJ9.eyJzIjoiS3NXaktydkE4UkdHNzQ3VFRETjhyUSIsImkiOiI1OTAzNzkwNTYxIn0.Zg9t9NReI5wWHl_zTPVVIuTcwRJImV2d2RSe5K_SNzU,72.645,"['India', 'Gujarat', 'Gandhinagar']",Adzuna::API::Response::Location,"Gandhinagar, Gujarat",AI CERTs - India,Adzuna::API::Response::Company,IT Jobs,it-jobs,Adzuna::API::Response::Category,,,,2026-10-05
2026-05-13T02:19:05Z,full_time,,"Job Description: Job Title: Data Analyst Location: Surat Salary: upto 25k CTC Key Responsibilities:  Collect, validate, and follow up on data related to client-side and operations activities.  Review and verify client invoices to ensure accuracy and completeness.  Prepare and maintain riders’ payout and summary reports on a regular basis.  Present accurate data insights and reports to management as required.  Collaborate with cross-functional teams to ensure data accuracy and timely submis…",Adzuna::API::Response::Job,https://www.adzuna.in/details/5727281348?utm_medium=api&utm_source=7a21a92b,5727281348,Data Analyst - Surat,0,eyJhbGciOiJIUzI1NiJ9.eyJpIjoiNTcyNzI4MTM0OCIsInMiOiJLc1dqS3J2QThSR0c3NDdUVEROOHJRIn0.ObWeatTVETTGu7Yu3COt1ZudSUQKxsRxl2PiePol-q0,,"['India', 'Gujarat', 'Vadodara']",Adzuna::API::Response::Location,"Vadodara, Gujarat",Mspire Ventures,Adzuna::API::Response::Company,IT Jobs,it-jobs,Adzuna::API::Response::Category,1200000.0,3600000.0,,2026-10-05
2026-06-25T02:41:56Z,full_time,,"Description Title : Senior Data Analyst Location: Bangalore Analyze large and complex datasets using SQL to extract actionable insights Develop and maintain interactive dashboards using Power BI/Tableau for business reporting Translate business requirements into data-driven solutions and recommendations Apply strong problem-solving skills to identify trends, gaps, and opportunities Work closely with stakeholders to support strategic decision-making Ensure data accuracy, quality, and consistency…",Adzuna::API::Response::Job,https://www.adzuna.in/details/5775399105?utm_medium=api&utm_source=7a21a92b,5775399105,Senior Data Analyst,0,eyJhbGciOiJIUzI1NiJ9.eyJzIjoiS3NXaktydkE4UkdHNzQ3VFRETjhyUSIsImkiOiI1Nzc1Mzk5MTA1In0.0cJd5F_JCtzepSgpF9s_Mb-xSrUxgcSWuXpsii8xWGQ,,"['India', 'Karnataka', 'Bangalore']",Adzuna::API::Response::Location,"Bangalore, Karnataka",EXL,Adzuna::API::Response::Company,IT Jobs,it-jobs,Adzuna::API::Response::Category,,,,2026-10-05
2026-08-22T11:20:29Z,,,"Our Purpose _Mastercard powers economies and empowers people in 200 countries and territories worldwide. Together with our customers, we're helping build a sustainable economy where everyone can prosper. We support a wide range of digital payments choices, making transactions secure, simple, smart and accessible. Our technology and innovation, partnerships and networks combine to deliver a unique set of products and services that help people, businesses and governments realize their greatest po…",Adzuna::API::Response::Job,https://www.adzuna.in/details/5852143534?utm_medium=api&utm_source=7a21a92b,5852143534,Senior Data Analyst,0,eyJhbGciOiJIUzI1NiJ9.eyJzIjoiS3NXaktydkE4UkdHNzQ3VFRETjhyUSIsImkiOiI1ODUyMTQzNTM0In0.BYgA_ySE1Y0GzBje7P6q8t4u2b8TEkCGbbCyeo6HzC0,,['India'],Adzuna::API::Response::Location,India,Mastercard,Adzuna::API::Response::Company,IT Jobs,it-jobs,Adzuna::API::Response::Category,,,,2026-10-05
2026-08-26T20:58:59Z,full_time,,"At F5, we strive to bring a better digital world to life. Our teams empower organizations across the globe to create, secure, and run applications that enhance how we experience our evolving digital world. We are passionate about cybersecurity, from protecting consumers from fraud to enabling companies to focus on innovation. Everything we do centers around people. That means we obsess over how to make the lives of our customers, and their customers, better. And it means we prioritize a diverse…",Adzuna::API::Response::Job,https://www.adzuna.in/details/5856975398?utm_medium=api&utm_source=7a21a92b,5856975398,Data Analyst III,0,eyJhbGciOiJIUzI1NiJ9.eyJzIjoiS3NXaktydkE4UkdHNzQ3VFRETjhyUSIsImkiOiI1ODU2OTc1Mzk4In0.9JIY2D4pEJ44xv0ENu1coK6gh6EBevJl-BEOxnAWuns,,['India'],Adzuna::API::Response::Location,India,F5 Networks,Adzuna::API::Response::Company,IT Jobs,it-jobs,Adzuna::API::Response::Category,,,,2026-10-05
2026-08-22T07:33:28Z,,,"Key Responsibilities: Perform detailed readouts and analysis of FDR and CVR data to support aircraft health monitoring and return-to-service processes. Construct and manage dataframes for organizing and analyzing large datasets from flight recorders. Collaborate with cross-functional teams, including engineers and data scientists, to interpret and present findings. Develop and maintain documentation and reports related to FDR/CVR readouts and data analysis. Ensure compliance with industry stand…",Adzuna::API::Response::Job,https://www.adzuna.in/details/5851860321?utm_medium=api&utm_source=7a21a92b,5851860321,Flight Data Analyst,0,eyJhbGciOiJIUzI1NiJ9.eyJzIjoiS3NXaktydkE4UkdHNzQ3VFRETjhyUSIsImkiOiI1ODUxODYwMzIxIn0.A02EcaP9DYB0T24xFiOdbAhj3Bnf_RWjRWZbkYsU0T4,,"['India', 'Karnataka', 'Bangalore']",Adzuna::API::Response::Location,"Bangalore, Karnataka",Ametek Instruments India,Adzuna::API::Response::Company,IT Jobs,it-jobs,Adzuna::API::Response::Category,,,,2026-10-05
2026-08-26T20:42:47Z,full_time,,"At F5, we strive to bring a better digital world to life. Our teams empower organizations across the globe to create, secure, and run applications that enhance how we experience our evolving digital world. We are passionate about cybersecurity, from protecting consumers from fraud to enabling companies to focus on innovation. Everything we do centers around people. That means we obsess over how to make the lives of our customers, and their customers, better. And it means we prioritize a diverse…",Adzuna::API::Response::Job,https://www.adzuna.in/details/5856941120?utm_medium=api&utm_source=7a21a92b,5856941120,Senior Data Analyst,0,eyJhbGciOiJIUzI1NiJ9.eyJpIjoiNTg1Njk0MTEyMCIsInMiOiJLc1dqS3J2QThSR0c3NDdUVEROOHJRIn0.WIA9RySna6DQHT1zG0YxKgugy-FAQAREMYX3khBHHg8,,['India'],Adzuna::API::Response::Location,India,F5 Networks,Adzuna::API::Response::Company,IT Jobs,it-jobs,Adzuna::API::Response::Category,,,,2026-10-05
2025-03-28T06:23:51Z,full_time,,"We are seeking a highly motivated and experienced Senior Data Analyst to join our dynamic team. The ideal candidate will be responsible for extracting, analyzing, and interpreting complex datasets to provide actionable insights that drive business strategy and improve operational efficiency. You will play a crucial role in transforming raw data into meaningful information, enabling stakeholders to make informed decisions. Responsibilities: Data Extraction and Manipulation: Extract data from var…",Adzuna::API::Response::Job,https://www.adzuna.in/details/5114699182?utm_medium=api&utm_source=7a21a92b,5114699182,Senior Data Analyst,0,eyJhbGciOiJIUzI1NiJ9.eyJzIjoiS3NXaktydkE4UkdHNzQ3VFRETjhyUSIsImkiOiI1MTE0Njk5MTgyIn0.GOmZwnvtBv8n36KudcidZGeKmOFIDSCvUX5cAkBsavo,,['India'],Adzuna::API::Response::Location,India,Vector Labs Tech,Adzuna::API::Response::Company,IT Jobs,it-jobs,Adzuna::API::Response::Category,700000.0,2000000.0,,2026-10-05
2022-09-28T06:58:21Z,full_time,,"Job Title: HR Data Analyst Reports To: HR Business Partner Duties Collect and compile HR metrics and data from the global HR team using internal SharePoint site as well as Excel files from local HRIS systems Analyze data on a monthly, quarterly, and annual basis regarding recruitment and attrition Prepare data reports using Excel and Power Point Ensure data integrity by identifying issues and fixing errors either in SharePoint or local HRIS system Track recruitment costs on a regional and globa…",Adzuna::API::Response::Job,https://www.adzuna.in/details/3529447917?utm_medium=api&utm_source=7a21a92b,3529447917,HR Data Analyst,0,eyJhbGciOiJIUzI1NiJ9.eyJzIjoiS3NXaktydkE4UkdHNzQ3VFRETjhyUSIsImkiOiIzNTI5NDQ3OTE3In0.u0hCf2mfWlUWSZ_FWqcg-xhbtCFKme6pTfmDxcfzCL0,,['India'],Adzuna::API::Response::Location,India,Hiringhut Solutions Pvt Ltd,Adzuna::API::Response::Company,IT Jobs,it-jobs,Adzuna::API::Response::Category,800000.0,1500000.0,,2026-10-05
2026-09-30T21:19:23Z,,,"Secure Every Identity, from AI to Human Identity is the key to unlocking the potential of AI. Okta secures AI by building the trusted, neutral infrastructure that enables organizations to safely embrace this new era. This work requires a relentless drive to solve complex challenges with real-world stakes. We are looking for builders and owners who operate with speed and urgency and execute with excellence. This is an opportunity to do career-defining work. We're all in on this mission. If you a…",Adzuna::API::Response::Job,https://www.adzuna.in/details/5904046108?utm_medium=api&utm_source=7a21a92b,5904046108,Senior Data Analyst,0,eyJhbGciOiJIUzI1NiJ9.eyJzIjoiS3NXaktydkE4UkdHNzQ3VFRETjhyUSIsImkiOiI1OTA0MDQ2MTA4In0.aIvNHYvVX8wuEDHDk_fBZ4s8VnlHvzf8K0O1_UqMxKw,,"['India', 'Karnataka', 'Bangalore']",Adzuna::API::Response::Location,"Bangalore, Karnataka",Okta,Adzuna::API::Response::Company,IT Jobs,it-jobs,Adzuna::API::Response::Category,,,,2026-10-05
2026-08-28T07:37:33Z,,,"Front face customer to understand data requirements and analyse data Build solutions and systems to manage data and analytics workload Improve reliability, quality, and time-to-market of our suite of software solutions. Responsibilities: Using SQL/Python to extract data from primary and secondary sources Performing analysis to assess quality and meaning of data Working with programmers, engineers, and management heads to identify process improvement. Opportunities, propose system modifications,…",Adzuna::API::Response::Job,https://www.adzuna.in/details/5859122619?utm_medium=api&utm_source=7a21a92b,5859122619,Senior Data Analyst,0,eyJhbGciOiJIUzI1NiJ9.eyJpIjoiNTg1OTEyMjYxOSIsInMiOiJLc1dqS3J2QThSR0c3NDdUVEROOHJRIn0.Fn0fWII7DPbGWMNstsS7-93CyN-hfIzRai9NxALXoGs,,"['India', 'Karnataka', 'Bangalore']",Adzuna::API::Response::Location,"Bangalore, Karnataka",Robosoft Technologies,Adzuna::API::Response::Company,IT Jobs,it-jobs,Adzuna::API::Response::Category,,,,2026-10-05
2026-08-28T07:36:56Z,,18.5062,"Job description About the Company : Headquartered in California, U.S.A., GSPANN provides consulting and IT services to global clients. We help clients transform how they deliver business value by helping them optimize their IT capabilities, practices, and operations with our experience in retail, high-technology, and manufacturing. With five global delivery centers and 1900 employees, we provide the intimacy of a boutique consultancy with the capabilities of a large IT services firm. Role: Seni…",Adzuna::API::Response::Job,https://www.adzuna.in/details/5859120210?utm_medium=api&utm_source=7a21a92b,5859120210,Senior Data Analyst,0,eyJhbGciOiJIUzI1NiJ9.eyJpIjoiNTg1OTEyMDIxMCIsInMiOiJLc1dqS3J2QThSR0c3NDdUVEROOHJRIn0.soNpPcM7RCwYljRzy9eoiaNVl1455brEon9wSm5y6ZM,73.84735,"['India', 'Maharashtra', 'Pune']",Adzuna::API::Response::Location,"Pune, Maharashtra",GSPANN,Adzuna::API::Response::Company,IT Jobs,it-jobs,Adzuna::API::Response::Category,,,,2026-10-05
2026-08-28T07:36:57Z,,17.40275,"Job description About the Company : Headquartered in California, U.S.A., GSPANN provides consulting and IT services to global clients. We help clients transform how they deliver business value by helping them optimize their IT capabilities, practices, and operations with our experience in retail, high-technology, and manufacturing. With five global delivery centers and 1900 employees, we provide the intimacy of a boutique consultancy with the capabilities of a large IT services firm. Role: Seni…",Adzuna::API::Response::Job,https://www.adzuna.in/details/5859120231?utm_medium=api&utm_source=7a21a92b,5859120231,Senior Data Analyst,0,eyJhbGciOiJIUzI1NiJ9.eyJpIjoiNTg1OTEyMDIzMSIsInMiOiJLc1dqS3J2QThSR0c3NDdUVEROOHJRIn0.wHqZAoCCgaLf6G41lPLU0su-UBbd4tKE5pfs2588sX0,78.50806,"['India', 'Telangana', 'Hyderabad']",Adzuna::API::Response::Location,"Hyderabad, Telangana",GSPANN,Adzuna::API::Response::Company,IT Jobs,it-jobs,Adzuna::API::Response::Category,,,,2026-10-05
2026-08-28T07:37:32Z,,19.02,"Front face customer to understand data requirements and analyse data Build solutions and systems to manage data and analytics workload Improve reliability, quality, and time-to-market of our suite of software solutions. Responsibilities: Using SQL/Python to extract data from primary and secondary sources Performing analysis to assess quality and meaning of data Working with programmers, engineers, and management heads to identify process improvement. Opportunities, propose system modifications,…",Adzuna::API::Response::Job,https://www.adzuna.in/details/5859122606?utm_medium=api&utm_source=7a21a92b,5859122606,Senior Data Analyst,0,eyJhbGciOiJIUzI1NiJ9.eyJpIjoiNTg1OTEyMjYwNiIsInMiOiJLc1dqS3J2QThSR0c3NDdUVEROOHJRIn0.bsi9fx9bMsJ4rWElsJ09kBSMO7DHV2TNW3PzevB-Q0U,73.02,"['India', 'Maharashtra', 'Navi Mumbai']",Adzuna::API::Response::Location,"Navi Mumbai, Maharashtra",Robosoft Technologies,Adzuna::API::Response::Company,IT Jobs,it-jobs,Adzuna::API::Response::Category,,,,2026-10-05
2026-08-28T07:36:56Z,,28.62523,"Job description About the Company : Headquartered in California, U.S.A., GSPANN provides consulting and IT services to global clients. We help clients transform how they deliver business value by helping them optimize their IT capabilities, practices, and operations with our experience in retail, high-technology, and manufacturing. With five global delivery centers and 1900 employees, we provide the intimacy of a boutique consultancy with the capabilities of a large IT services firm. Role: Seni…",Adzuna::API::Response::Job,https://www.adzuna.in/details/5859120187?utm_medium=api&utm_source=7a21a92b,5859120187,Senior Data Analyst,0,eyJhbGciOiJIUzI1NiJ9.eyJzIjoiS3NXaktydkE4UkdHNzQ3VFRETjhyUSIsImkiOiI1ODU5MTIwMTg3In0.emnrtYXA-MFt8T8obb6eLC21xmvm0a9rQbevhLysb08,77.224601,"['India', 'Delhi']",Adzuna::API::Response::Location,"Delhi, India",GSPANN,Adzuna::API::Response::Company,IT Jobs,it-jobs,Adzuna::API::Response::Category,,,,2026-10-05
2026-10-02T21:30:11Z,full_time,,"Description As an Advanced Data Analyst here at Honeywell, you will be at the forefront of our organization's data-driven decision-making processes. You will lead a team of highly skilled analysts and collaborate closely with sales, marketing, and executive teams to provide critical insights that optimize sales performance and guide strategic decisions. Your responsibilities will include overseeing advanced data analysis, developing predictive models, and offering strategic recommendations to d…",Adzuna::API::Response::Job,https://www.adzuna.in/details/5908338682?utm_medium=api&utm_source=7a21a92b,5908338682,Advanced Data Analyst,0,eyJhbGciOiJIUzI1NiJ9.eyJzIjoiS3NXaktydkE4UkdHNzQ3VFRETjhyUSIsImkiOiI1OTA4MzM4NjgyIn0.pNYhGNEckacVFSQYgN5kOYG6n_MOgnmvV6AcZw2cMsM,,"['India', 'Karnataka', 'Bangalore']",Adzuna::API::Response::Location,"Bangalore, Karnataka",Honeywell,Adzuna::API::Response::Company,IT Jobs,it-jobs,Adzuna::API::Response::Category,,,,2026-10-05
2026-04-16T01:58:39Z,full_time,,"Description Data Analyst – Strategic Finance Looking to work on high-impact data problems that influence business and financial decisions? This role sits at the intersection of data analytics, financial insights, and operational strategy, helping teams make faster and better decisions using data. Responsibilities What you’ll do: • Analyze large financial and operational datasets to generate actionable insights • Build and maintain dashboards and reporting frameworks for business stakeholders • …",Adzuna::API::Response::Job,https://www.adzuna.in/details/5700497169?utm_medium=api&utm_source=7a21a92b,5700497169,Data Analyst Fintech,0,eyJhbGciOiJIUzI1NiJ9.eyJpIjoiNTcwMDQ5NzE2OSIsInMiOiJLc1dqS3J2QThSR0c3NDdUVEROOHJRIn0.AraPt08rgZUdsPqXpbnswlu7l2W-zDr7Blw7p9ouCNs,,"['India', 'Karnataka', 'Bangalore']",Adzuna::API::Response::Location,"Bangalore, Karnataka",EXL,Adzuna::API::Response::Company,IT Jobs,it-jobs,Adzuna::API::Response::Category,,,,2026-10-05
2026-09-24T21:19:23Z,full_time,,"Rockwell Automation is a global technology leader focused on helping the world’s manufacturers be more productive, sustainable, and agile. With more than 28,000 employees who make the world better every day, we know we have something special. Behind our customers - amazing companies that help feed the world, provide life-saving medicine on a global scale, and focus on clean water and green mobility - our people are energized problem solvers that take pride in how the work we do changes the worl…",Adzuna::API::Response::Job,https://www.adzuna.in/details/5897057190?utm_medium=api&utm_source=7a21a92b,5897057190,Master Data Analyst,0,eyJhbGciOiJIUzI1NiJ9.eyJpIjoiNTg5NzA1NzE5MCIsInMiOiJLc1dqS3J2QThSR0c3NDdUVEROOHJRIn0.rl28KQUKVn79SsUPACr0HKaDz3-5Pm8u43j4p6khLVU,,['India'],Adzuna::API::Response::Location,India,Rockwell Automation,Adzuna::API::Response::Company,IT Jobs,it-jobs,Adzuna::API::Response::Category,,,,2026-10-05
2026-10-01T16:27:18Z,full_time,,"About Euromonitor Euromonitor International leads the world in data analytics and research into markets, industries, economies and consumers. We provide truly global insight and data on thousands of products and services; we are the first destination for organisations seeking growth. With our guidance, our clients can make bold, strategic decisions with confidence. Overview of the role The Analytics team is currently looking for a data analyst and programmer to work on improving Analytics proce…",Adzuna::API::Response::Job,https://www.adzuna.in/details/5905433920?utm_medium=api&utm_source=7a21a92b,5905433920,(Senior) Data Analyst,0,eyJhbGciOiJIUzI1NiJ9.eyJpIjoiNTkwNTQzMzkyMCIsInMiOiJLc1dqS3J2QThSR0c3NDdUVEROOHJRIn0.eCVm8csbg2O4Bb4Vqq2rES4LD5km3rVezbCNwlHDybQ,,"['India', 'Karnataka', 'Bangalore']",Adzuna::API::Response::Location,"Bangalore, Karnataka",Euromonitor,Adzuna::API::Response::Company,"Energy, Oil & Gas Jobs",energy-oil-gas-jobs,Adzuna::API::Response::Category,,,,2026-10-05
2024-07-31T03:06:28Z,full_time,,"Description We are looking for a data analyst to join our team and help us transform data into insights and actions. You will be responsible for collecting, cleaning, analyzing, and reporting on various data sources and business processes. You will also collaborate with other teams and stakeholders to provide data-driven solutions and recommendations. Responsibilities Collect and integrate data from various sources, such as databases, APIs, files, and web services Perform data quality checks an…",Adzuna::API::Response::Job,https://www.adzuna.in/details/4801449881?utm_medium=api&utm_source=7a21a92b,4801449881,Data Analyst_Offshore,0,eyJhbGciOiJIUzI1NiJ9.eyJpIjoiNDgwMTQ0OTg4MSIsInMiOiJLc1dqS3J2QThSR0c3NDdUVEROOHJRIn0.Nd9edLp5BAF5j8NAsy7xjMz97IjTz7PsWsXVFtHHonQ,,['India'],Adzuna::API::Response::Location,India,Photon Group,Adzuna::API::Response::Company,IT Jobs,it-jobs,Adzuna::API::Response::Category,,,,2026-10-05
2026-09-02T16:16:39Z,full_time,,"Define and obtain source data required to deliver insights and use cases. ● Determine data mapping and join multiple data sets across various sources. ● Develop methods to highlight and report data inconsistencies for user review. ● Propose and assist with suitable data migration sets for stakeholders. ● Support teams in processing data migration sets and coordinating migration activities. ● Plan, track, and coordinate the data migration team and migration run-book. ● Collaborate with stakehold…",Adzuna::API::Response::Job,https://www.adzuna.in/details/5866927385?utm_medium=api&utm_source=7a21a92b,5866927385,Sr. Data Analyst,0,eyJhbGciOiJIUzI1NiJ9.eyJpIjoiNTg2NjkyNzM4NSIsInMiOiJLc1dqS3J2QThSR0c3NDdUVEROOHJRIn0.xVsZN3_GRt9cestX8XthC1NBtcWlSyiM_6SeN4HVgtI,,"['India', 'Karnataka', 'Bangalore']",Adzuna::API::Response::Location,"Bangalore, Karnataka",Straatix Partners,Adzuna::API::Response::Company,IT Jobs,it-jobs,Adzuna::API::Response::Category,2000000.0,4000000.0,,2026-10-05
2026-01-22T00:53:03Z,full_time,,"Description Role : Business Data Analyst Location – Gurugram Exp : 3-6 Must-Have: 3-6 years of work experience in large-scale Data applications doing Data Analysis, Data Mapping, and Data Transformations. - Experience in Snowflake, Any relational DB , requirements gathering - Very good Verbal & Written communication & tracking skills - SQL - Should have exposure to data consolidation, transformation, and standardization - Experience with Insurance (Property and Casualty Insurance - P&C) Domain …",Adzuna::API::Response::Job,https://www.adzuna.in/details/5594451979?utm_medium=api&utm_source=7a21a92b,5594451979,Westfield Data Analyst,0,eyJhbGciOiJIUzI1NiJ9.eyJpIjoiNTU5NDQ1MTk3OSIsInMiOiJNQk96Szd2QThSR0c3NDdUVEROOHJRIn0.SIKa_c2WiiUbUhIuNC0xF_I4Q3R8kQenngaWUd3S-_s,,['India'],Adzuna::API::Response::Location,India,EXL,Adzuna::API::Response::Company,IT Jobs,it-jobs,Adzuna::API::Response::Category,,,,2026-10-05
2026-05-20T12:46:00Z,full_time,22.385318,"Job Title: Senior Data Analyst Location: Sharnam Metrolinks, Amraiwadi, Ahmedabad Working Days: 6 Days a Week Department: MDO Reporting To: COO Employment Type: Full-Time Job Summary We are seeking a highly analytical and detail-oriented Senior Data Analyst to lead data management, reporting, automation, and system development initiatives across the organization. The role focuses on transforming raw data into meaningful insights, designing and implementing automated systems, strengthening data …",Adzuna::API::Response::Job,https://www.adzuna.in/details/5734913126?utm_medium=api&utm_source=7a21a92b,5734913126,Sr Data Analyst,0,eyJhbGciOiJIUzI1NiJ9.eyJpIjoiNTczNDkxMzEyNiIsInMiOiJNQk96Szd2QThSR0c3NDdUVEROOHJRIn0.jcGyFp11AVZPwwTpiLbvEmQNk5K_YXy5qiOWbNpFZ5w,72.365866,"['India', 'Gujarat']",Adzuna::API::Response::Location,"Gujarat, India",Hunarstreet Technologies Pvt Ltd,Adzuna::API::Response::Company,IT Jobs,it-jobs,Adzuna::API::Response::Category,500000.0,600000.0,,2026-10-05
2026-09-20T21:47:29Z,full_time,,"Data Analyst Ready to turn bold ideas into real-world impact? At Genpact, we don’t just adapt to change, we lead it. AI and digital innovation are transforming the way businesses work, and we’re at the forefront of it. Genpact’s AI Gigafactory , our industry-first accelerator, exemplifies how we scale advanced technology solutions to help global enterprises work smarter, grow faster, and transform at scale. Whether tackling complex challenges through large-scale models or agentic AI , our break…",Adzuna::API::Response::Job,https://www.adzuna.in/details/5891897081?utm_medium=api&utm_source=7a21a92b,5891897081,Data Analyst 5B,0,eyJhbGciOiJIUzI1NiJ9.eyJpIjoiNTg5MTg5NzA4MSIsInMiOiJNQk96Szd2QThSR0c3NDdUVEROOHJRIn0.LvNI3dFl_P2Az1f2PZMZaS9Dgs2jtQi7c5sfOO_7BSo,,['India'],Adzuna::API::Response::Location,India,Genpact,Adzuna::API::Response::Company,IT Jobs,it-jobs,Adzuna::API::Response::Category,,,,2026-10-05
2026-09-25T11:14:36Z,,,"India T&M Special Bonus: Req ID: 391134 NTT DATA strives to hire exceptional, innovative and passionate individuals who want to grow with us. If you want to be part of an inclusive, adaptable, and forward-thinking organization, apply now. We are currently seeking a Business and Data analyst to join our team in Remote, Karnātaka (IN-KA), India (IN). Role Summary We are currently seeking an experienced Business and Data analyst to join our team in Remote, Karnātaka (IN-KA), India (IN) to support …",Adzuna::API::Response::Job,https://www.adzuna.in/details/5897952954?utm_medium=api&utm_source=7a21a92b,5897952954,Business and Data analyst,0,eyJhbGciOiJIUzI1NiJ9.eyJpIjoiNTg5Nzk1Mjk1NCIsInMiOiJNQk96Szd2QThSR0c3NDdUVEROOHJRIn0.Gt47KLnvABIB5_IY4naloVXISm1nEoBE5ylOqsMyTYU,,['India'],Adzuna::API::Response::Location,India,"NTT America, Inc.",Adzuna::API::Response::Company,IT Jobs,it-jobs,Adzuna::API::Response::Category,,,,2026-10-05
2026-03-14T08:44:52Z,full_time,,"You are curious, analytical, and a strong team player? Great, you’re exactly the kind of person we’d love to meet! The Gateway team is looking for a Data Analyst to create data enablement tools that support InnovMetric’s Digital Thread. In this role, y ou will design dashboards, build data integrations, and create API based solutions that make dimensional data accessible to internal teams, partners, and customers. You will collaborate closely with stakeholders across the organization and with i…",Adzuna::API::Response::Job,https://www.adzuna.in/details/5664713683?utm_medium=api&utm_source=7a21a92b,5664713683,Data Analyst - India,0,eyJhbGciOiJIUzI1NiJ9.eyJpIjoiNTY2NDcxMzY4MyIsInMiOiJNQk96Szd2QThSR0c3NDdUVEROOHJRIn0.BrUqptVfDFECWxtvMHmpZJcbdEEpBY9k2QvxZPI5Cqw,,['India'],Adzuna::API::Response::Location,India,InnovMetric Logiciels|Software,Adzuna::API::Response::Company,IT Jobs,it-jobs,Adzuna::API::Response::Category,,,,2026-10-05
2026-07-11T03:39:30Z,full_time,,"Description Role : Business Data Analyst Location – Gurugram Exp : 3-6 Years Must-Have: 3-6 years of work experience in large-scale Data applications doing Data Analysis, Data Mapping, and Data Transformations. - Experience in Snowflake, Any relational DB , BRD creation, requirements gathering - Very good Verbal & Written communication & tracking skills - SQL, business requirement gatherings, Source-to-target mappings (STTM) writing - Should have exposure to data consolidation, transformation, …",Adzuna::API::Response::Job,https://www.adzuna.in/details/5796209691?utm_medium=api&utm_source=7a21a92b,5796209691,Business Data Analyst,0,eyJhbGciOiJIUzI1NiJ9.eyJpIjoiNTc5NjIwOTY5MSIsInMiOiJNQk96Szd2QThSR0c3NDdUVEROOHJRIn0.B88GJijWGvcmyTZFlLxqin2si-S5WjEVqFLdQiUNrns,,['India'],Adzuna::API::Response::Location,India,EXL,Adzuna::API::Response::Company,IT Jobs,it-jobs,Adzuna::API::Response::Category,,,,2026-10-05
2026-08-25T07:40:54Z,,18.5062,"Description We are seeking a highly skilled Lead Data Analyst with extensive experience in the banking domain. The ideal candidate will possess a strong technical background in data analysis, particularly with tools like PySpark, Hadoop, and SQL. You will play a crucial role in leading data projects, managing stakeholder expectations, and driving data-driven decision-making within the organization. If you are a results-oriented professional with a passion for data and team leadership, we invite…",Adzuna::API::Response::Job,https://www.adzuna.in/details/5854877634?utm_medium=api&utm_source=7a21a92b,5854877634,Lead Data Analyst,0,eyJhbGciOiJIUzI1NiJ9.eyJpIjoiNTg1NDg3NzYzNCIsInMiOiJNQk96Szd2QThSR0c3NDdUVEROOHJRIn0.XXROlsAo-LMfsyoLkq65woP_1wGzLEJVr7unacEcgBM,73.84735,"['India', 'Maharashtra', 'Pune']",Adzuna::API::Response::Location,"Pune, Maharashtra",Purview India Consulting And Services Llp,Adzuna::API::Response::Company,IT Jobs,it-jobs,Adzuna::API::Response::Category,,,,2026-10-05
2026-08-27T07:40:32Z,,13.06041,"Senior Data Analyst Location: Chennai Shift: 3PM-12AM (Both ways cab) Mode of Work: Hybrid Job Summary: This role provides an opportunity to work in a dynamic environment, delivering quality solutions to global customers. The candidate should have strong data analytics expertise, including Power BI, ServiceNow, Python, SQL, and PostgreSQL. Responsibilities include developing and managing BI solutions, creating reports and dashboards, and ensuring effective communication of data-driven strategie…",Adzuna::API::Response::Job,https://www.adzuna.in/details/5857745620?utm_medium=api&utm_source=7a21a92b,5857745620,Senior Data Analyst,0,eyJhbGciOiJIUzI1NiJ9.eyJzIjoiTUJPeks3dkE4UkdHNzQ3VFRETjhyUSIsImkiOiI1ODU3NzQ1NjIwIn0.j4109YktGDOBCD7WaNUjAVm_rS5ZpxI913Mj01vwx9E,80.24963,"['India', 'Tamil Nadu', 'Chennai']",Adzuna::API::Response::Location,"Chennai, Tamil Nadu",Thryve Digital,Adzuna::API::Response::Company,IT Jobs,it-jobs,Adzuna::API::Response::Category,,,,2026-10-05
2026-09-02T21:41:02Z,full_time,28.56579,"Description Role : Business Data Analyst Location – Gurugram Exp : 3-6 Years Must-Have: 3-6 years of work experience in large-scale Data applications doing Data Analysis, Data Mapping, and Data Transformations. - Experience in Snowflake, Any relational DB , BRD creation, requirements gathering - Very good Verbal & Written communication & tracking skills - SQL, business requirement gatherings, Source-to-target mappings (STTM) writing - Should have exposure to data consolidation, transformation, …",Adzuna::API::Response::Job,https://www.adzuna.in/details/5867249928?utm_medium=api&utm_source=7a21a92b,5867249928,Business Data Analyst,0,eyJhbGciOiJIUzI1NiJ9.eyJpIjoiNTg2NzI0OTkyOCIsInMiOiJNQk96Szd2QThSR0c3NDdUVEROOHJRIn0.5WaPBAW3GJ-f9miU2yms5dUgMkBWR_yWLNRqvpkqBDg,77.3225,"['India', 'Uttar Pradesh', 'Ghaziabad', 'Noida']",Adzuna::API::Response::Location,"Noida, Ghaziabad",EXL,Adzuna::API::Response::Company,IT Jobs,it-jobs,Adzuna::API::Response::Category,,,,2026-10-05
2025-12-19T23:54:35Z,,11.017171,"We are seeking dynamic Portfolio Data Analysts to join our team and collaborate closely with our founders, financial analysts, product managers, and engineers. In this role, you'll play a pivotal part in supporting our client onboarding and success team. You'll need a strong ability to analyze financial data, translate insights into actionable strategies, and effectively guide clients through our platform's features to drive their success. Responsibilities: Analyze and onboard portfolio data fr…",Adzuna::API::Response::Job,https://www.adzuna.in/details/5548655909?utm_medium=api&utm_source=7a21a92b,5548655909,Portfolio Data Analyst,0,eyJhbGciOiJIUzI1NiJ9.eyJpIjoiNTU0ODY1NTkwOSIsInMiOiJNQk96Szd2QThSR0c3NDdUVEROOHJRIn0._QZs4RNCTkNJmnazxSdDrt0CLFmvND3MrMewsH3feHQ,77.100203,"['India', 'Tamil Nadu', 'Coimbatore']",Adzuna::API::Response::Location,"Coimbatore, Tamil Nadu",Arcana Analytics,Adzuna::API::Response::Company,IT Jobs,it-jobs,Adzuna::API::Response::Category,,,,2026-10-05
2026-08-19T20:50:47Z,,17.40275,"Opportunity Overview: We are seeking a Technical, Hands-on Manager to lead a team responsible for building and maintaining high-quality healthcare market datasets and analytics that power internal insights, benchmarking, and external thought leadership . In this role, you will lead a team of data analysts responsible for the development, quality assurance, and ongoing refresh of market data assets. You will combine strong people leadership with technical expertise in analytics and data science …",Adzuna::API::Response::Job,https://www.adzuna.in/details/5848369759?utm_medium=api&utm_source=7a21a92b,5848369759,Lead Data Analyst,0,eyJhbGciOiJIUzI1NiJ9.eyJzIjoiTUJPeks3dkE4UkdHNzQ3VFRETjhyUSIsImkiOiI1ODQ4MzY5NzU5In0.Lgf9NYaqa1eJoYhVC_kzFlkbde1E2x-AjXuefZ1m79Y,78.50806,"['India', 'Telangana', 'Hyderabad']",Adzuna::API::Response::Location,"Hyderabad, Telangana",Cohere Health,Adzuna::API::Response::Company,IT Jobs,it-jobs,Adzuna::API::Response::Category,,,,2026-10-05
2026-09-24T10:02:35Z,,,"Senior Data Analyst About Us: We are brand builders who focus our passion and creativity to build Calvin Klein and TOMMY HILFIGER into the most desirable lifestyle brands in the world and at the same time position PVH as one of the best-performing brand groups in our sector. Guided by our values and enabled by our scale and global reach, we are driving fashion forward for good, as one team with one vision and one plan. That’s the Power of Us, that’s the Power of PVH. One of PVH’s greatest stren…",Adzuna::API::Response::Job,https://www.adzuna.in/details/5896262152?utm_medium=api&utm_source=7a21a92b,5896262152,Senior Data Analyst,0,eyJhbGciOiJIUzI1NiJ9.eyJzIjoiTUJPeks3dkE4UkdHNzQ3VFRETjhyUSIsImkiOiI1ODk2MjYyMTUyIn0.SUF_0lD9AsScEnHFyNpWwqrH_xDJYmaRe7i558FW1jM,,"['India', 'Karnataka', 'Bangalore']",Adzuna::API::Response::Location,"Bangalore, Karnataka",PVH,Adzuna::API::Response::Company,Accounting & Finance Jobs,accounting-finance-jobs,Adzuna::API::Response::Category,,,,2026-10-05
2023-11-19T14:53:13Z,full_time,,"Marketing Operations is a critical team under the Marketing Communication BPO Operations umbrella that prioritizes the lead lifecycle, manages day-to-day marketing initiatives, and the organization’s MarTech stack. A Marketing and Communication Support company providing customer care & support, technical support services, and back-end support to accounts engaged in interactive online sports gaming activities. In this role, you can expect to: ● Work in a Business Process Outsourcing (BPO) Module…",Adzuna::API::Response::Job,https://www.adzuna.in/details/4441560027?utm_medium=api&utm_source=7a21a92b,4441560027,Marketing Data Analyst,0,eyJhbGciOiJIUzI1NiJ9.eyJzIjoiTUJPeks3dkE4UkdHNzQ3VFRETjhyUSIsImkiOiI0NDQxNTYwMDI3In0.PqXbbNKwua04cD1R5dB-WRatlYCP_kRl9FaszxR8wHU,,['India'],Adzuna::API::Response::Location,India,LNW TECHNOLOGY CO LTD,Adzuna::API::Response::Company,"PR, Advertising & Marketing Jobs",pr-advertising-marketing-jobs,Adzuna::API::Response::Category,100000.0,700000.0,,2026-10-05
2026-10-01T21:07:14Z,full_time,,"Join us as a Data & Analytics Analyst This is an opportunity to take on a purpose-led role in a cutting edge Data & Analytics team You’ll be consulting with our stakeholders to understand their needs and identify suitable data and analytics solutions to meet them along with business challenges in line with our purpose You’ll bring advanced analytics to life through visualisation to tell powerful stories and influence important decisions for key stakeholders, giving you excellent recognition for…",Adzuna::API::Response::Job,https://www.adzuna.in/details/5905878736?utm_medium=api&utm_source=7a21a92b,5905878736,"Data Analyst, AVP",0,eyJhbGciOiJIUzI1NiJ9.eyJzIjoiTUJPeks3dkE4UkdHNzQ3VFRETjhyUSIsImkiOiI1OTA1ODc4NzM2In0.D8I66QwZBEqh9gtDeMszLZGoFdDQw-oDYMSVMIdDKZY,,"['India', 'Karnataka', 'Bangalore']",Adzuna::API::Response::Location,"Bangalore, Karnataka",Natwest Group,Adzuna::API::Response::Company,IT Jobs,it-jobs,Adzuna::API::Response::Category,,,,2026-10-05
2026-05-15T02:13:52Z,full_time,18.5062,"Job Description: We’re seeking a seasoned Data Analyst to manage the accuracy, structure, and integrity of the Management Library dataset. You’ll oversee data consistency across companies, executives, and industries. The role requires both strategic thinking and hands-on data management— perfect for someone who enjoys ensuring structured precision in complex, high-volume datasets. You’ll collaborate across engineering, and operation teams to ensure every profile, transcript, and company in our …",Adzuna::API::Response::Job,https://www.adzuna.in/details/5729677452?utm_medium=api&utm_source=7a21a92b,5729677452,Hiring for Data Analyst,0,eyJhbGciOiJIUzI1NiJ9.eyJpIjoiNTcyOTY3NzQ1MiIsInMiOiJNQk96Szd2QThSR0c3NDdUVEROOHJRIn0.GCVS3wHpTbXlx5z1kNs1-AIhm1YLG7csuJw900Y-rWs,73.84735,"['India', 'Maharashtra', 'Pune']",Adzuna::API::Response::Location,"Pune, Maharashtra",RECEX,Adzuna::API::Response::Company,IT Jobs,it-jobs,Adzuna::API::Response::Category,100000.0,600000.0,,2026-10-05
2026-10-02T21:43:24Z,full_time,,"Join us as a Data & Analytics Analyst This is an opportunity to take on a purpose-led role in a cutting edge Data & Analytics team You’ll be consulting with our stakeholders to understand their needs and identify suitable data and analytics solutions to meet them along with business challenges in line with our purpose You’ll bring advanced analytics to life through visualisation to tell powerful stories and influence important decisions for key stakeholders, giving you excellent recognition for…",Adzuna::API::Response::Job,https://www.adzuna.in/details/5908396344?utm_medium=api&utm_source=7a21a92b,5908396344,"Data Analyst, AVP",0,eyJhbGciOiJIUzI1NiJ9.eyJzIjoiTUJPeks3dkE4UkdHNzQ3VFRETjhyUSIsImkiOiI1OTA4Mzk2MzQ0In0.PFZQdn3TM4OlPHHN3QUTof0qJ0oBR6uvei_cdzeW8FA,,"['India', 'Karnataka', 'Bangalore']",Adzuna::API::Response::Location,"Bangalore, Karnataka",Natwest Group,Adzuna::API::Response::Company,IT Jobs,it-jobs,Adzuna::API::Response::Category,,,,2026-10-05
2026-10-03T11:16:51Z,,,"As an Advanced Data Analyst here at Honeywell, you will be at the forefront of our organization's data-driven decision-making processes. You will lead a team of highly skilled analysts and collaborate closely with sales, marketing, and executive teams to provide critical insights that optimize sales performance and guide strategic decisions. Your responsibilities will include overseeing advanced data analysis, developing predictive models, and offering strategic recommendations to drive busines…",Adzuna::API::Response::Job,https://www.adzuna.in/details/5909547661?utm_medium=api&utm_source=7a21a92b,5909547661,Advanced Data Analyst,0,eyJhbGciOiJIUzI1NiJ9.eyJpIjoiNTkwOTU0NzY2MSIsInMiOiJNQk96Szd2QThSR0c3NDdUVEROOHJRIn0.bsDu5OV5LxkDOF4ttNAaLDTIlhkAgPKTq4BWTUb6ME4,,"['India', 'Karnataka', 'Bangalore']",Adzuna::API::Response::Location,"Bangalore, Karnataka",Honeywell Technologies,Adzuna::API::Response::Company,IT Jobs,it-jobs,Adzuna::API::Response::Category,,,,2026-10-05
2026-02-18T11:46:13Z,full_time,13.06041,"About the Role: We are looking for a detail-oriented and analytical Senior Data Analyst to join our Chennai team. The ideal candidate will have strong skills in T-SQL/PL-SQL, data platform management, and reporting tools, along with experience in database administration and performance tuning. You will play a key role in transforming raw data into meaningful insights that drive business decisions. Key Responsibilities: Write complex queries using T-SQL / PL-SQL to extract, manipulate, and analy…",Adzuna::API::Response::Job,https://www.adzuna.in/details/5634174711?utm_medium=api&utm_source=7a21a92b,5634174711,Senior Data Analyst,0,eyJhbGciOiJIUzI1NiJ9.eyJpIjoiNTYzNDE3NDcxMSIsInMiOiJNQk96Szd2QThSR0c3NDdUVEROOHJRIn0.sXl3eYHkeC5qXwDOHtZn2Ekgv7aWMTq_Dp5hXZzprcg,80.24963,"['India', 'Tamil Nadu', 'Chennai']",Adzuna::API::Response::Location,"Chennai, Tamil Nadu",TekClan,Adzuna::API::Response::Company,IT Jobs,it-jobs,Adzuna::API::Response::Category,800000.0,1200000.0,,2026-10-05
2021-08-21T21:23:15Z,full_time,19.00821,"Want to join the trailblazing Fintech company which is leveraging software and technology to change the face of short-term financing in India Our client is an innovative Fintech company that is revolutionizing the business of short term finance. The company is an online lending startup that is driven by an app-enabled technology platform to solve the funding challenges of SMEs by offering quick-turnaround, paperless business loans without collateral. It counts over 2 million small businesses ac…",Adzuna::API::Response::Job,https://www.adzuna.in/details/2398472113?utm_medium=api&utm_source=7a21a92b,2398472113,Data Analyst - SQL,0,eyJhbGciOiJIUzI1NiJ9.eyJpIjoiMjM5ODQ3MjExMyIsInMiOiJNQk96Szd2QThSR0c3NDdUVEROOHJRIn0.EOHeCtHefzGJC3e1hhTTAYLfu3N4pH8AiRGLVqe8thU,72.84415,"['India', 'Maharashtra', 'Mumbai']",Adzuna::API::Response::Location,"Mumbai, Maharashtra",Unnati,Adzuna::API::Response::Company,IT Jobs,it-jobs,Adzuna::API::Response::Category,700000.0,1000000.0,,2026-10-05
2026-08-28T07:37:34Z,,,"We are looking for a meticulous and analytical Data Analyst with strong SQL skills and cloud experience to join our team. The ideal candidate will have a solid background in data analysis, statistical techniques, with specific expertise in using SQL to manage and analyze large datasets in cloud environments. You will be responsible for interpreting data, analyzing results, and providing actionable insights to drive business decisions. Responsibilities: Gather data from various sources, ensuring…",Adzuna::API::Response::Job,https://www.adzuna.in/details/5859122691?utm_medium=api&utm_source=7a21a92b,5859122691,Lead Data Analyst,0,eyJhbGciOiJIUzI1NiJ9.eyJzIjoiTUJPeks3dkE4UkdHNzQ3VFRETjhyUSIsImkiOiI1ODU5MTIyNjkxIn0.lUq8xxeC9fl7VRjfFArTCHhm18Xix4mjSFhUdYmbUGM,,"['India', 'Karnataka', 'Bangalore']",Adzuna::API::Response::Location,"Bangalore, Karnataka",Robosoft Technologies,Adzuna::API::Response::Company,IT Jobs,it-jobs,Adzuna::API::Response::Category,,,,2026-10-05
2026-08-28T07:37:33Z,,19.02,"We are looking for a meticulous and analytical Data Analyst with strong SQL skills and cloud experience to join our team. The ideal candidate will have a solid background in data analysis, statistical techniques, with specific expertise in using SQL to manage and analyze large datasets in cloud environments. You will be responsible for interpreting data, analyzing results, and providing actionable insights to drive business decisions. Responsibilities: Gather data from various sources, ensuring…",Adzuna::API::Response::Job,https://www.adzuna.in/details/5859122632?utm_medium=api&utm_source=7a21a92b,5859122632,Lead Data Analyst,0,eyJhbGciOiJIUzI1NiJ9.eyJpIjoiNTg1OTEyMjYzMiIsInMiOiJNQk96Szd2QThSR0c3NDdUVEROOHJRIn0.1TRupeitPXWxs7wyvGj_q9Ky0v4KwfuO973Eytg-AQE,73.02,"['India', 'Maharashtra', 'Navi Mumbai']",Adzuna::API::Response::Location,"Navi Mumbai, Maharashtra",Robosoft Technologies,Adzuna::API::Response::Company,IT Jobs,it-jobs,Adzuna::API::Response::Category,,,,2026-10-05
2026-09-05T07:37:49Z,,22.57285,About the job: We are seeking a highly motivated Quantitative Data Analyst to join our dynamic team. He/she will play a critical role in conducting quantitative analysis and supporting valuation processes. This position offers an exciting opportunity to work with innovative technology and contribute to strategic decision-making in the US banking sector. Key Responsibilities: Perform detailed analysis and modeling of US Banking products using advanced quantitative techniques and industry-standar…,Adzuna::API::Response::Job,https://www.adzuna.in/details/5871276654?utm_medium=api&utm_source=7a21a92b,5871276654,Quantitative Data Analyst,0,eyJhbGciOiJIUzI1NiJ9.eyJzIjoiTUJPeks3dkE4UkdHNzQ3VFRETjhyUSIsImkiOiI1ODcxMjc2NjU0In0.3EezUB14hYaKfKl9eVc07IQV9KTieyEmgno7udk0KU0,88.34373,"['India', 'West Bengal', 'Kolkata']",Adzuna::API::Response::Location,"Kolkata, West Bengal",Zivanta Analytics,Adzuna::API::Response::Company,Accounting & Finance Jobs,accounting-finance-jobs,Adzuna::API::Response::Category,,,,2026-10-05
2026-10-01T21:19:16Z,,,"This Sr Data Analyst will join our analytics org within the Executive Insights team, which is responsible for synthesizing revenue and operational data from across the company to measure the trajectory and overall health of the business. You will work closely with partner teams in Analytics, FP&A, Accounting, Cloud Billing, and Sales Operations to not only drive alignment on business performance narratives, but also to drive company wide transparency and data democratization for company key met…",Adzuna::API::Response::Job,https://www.adzuna.in/details/5905901240?utm_medium=api&utm_source=7a21a92b,5905901240,Senior Data Analyst,0,eyJhbGciOiJIUzI1NiJ9.eyJzIjoiTUJPeks3dkE4UkdHNzQ3VFRETjhyUSIsImkiOiI1OTA1OTAxMjQwIn0.W1dmAwE-w3VoQ1Ice555SzGzVZRpN9u9BOYcW_vT4HU,,['India'],Adzuna::API::Response::Location,India,MongoDB,Adzuna::API::Response::Company,IT Jobs,it-jobs,Adzuna::API::Response::Category,,,,2026-10-05
2026-07-23T06:47:39Z,,22.66215,About the role Were hiring a Product Data Analyst to be the analytical backbone of how we build ship and improve our grant management platform Youll partner directly with PMs designers and engineers to turn product usage data into decisions what to build what to kill what to double down on This is a highleverage role your dashboards experiments and analyses will shape roadmap priorities and how thousands of foundations nonprofits and grantmakers experience our product Youll own the full analyti…,Adzuna::API::Response::Job,https://www.adzuna.in/details/5811668061?utm_medium=api&utm_source=7a21a92b,5811668061,Product Data Analyst,0,eyJhbGciOiJIUzI1NiJ9.eyJzIjoiTUJPeks3dkE4UkdHNzQ3VFRETjhyUSIsImkiOiI1ODExNjY4MDYxIn0.oDCsMilnKIK8R5TEw7jxj9cGltIgYym_vV5LlFPVEPw,75.9035,"['India', 'Madhya Pradesh', 'Indore']",Adzuna::API::Response::Location,"Indore, Madhya Pradesh",Wroots Global Private Limited,Adzuna::API::Response::Company,IT Jobs,it-jobs,Adzuna::API::Response::Category,,,,2026-10-05
2026-08-08T20:46:00Z,full_time,12.95703,"Description Kroll is seeking a detail-oriented and analytical Data Analyst - Operations, to support their service line Operations teams in driving operational excellence across a global consulting practice. This role is ideal for an early-career professional who enjoys working with data, improving processes, supporting business operations, and collaborating with stakeholders across multiple functions. The Operations Analyst will help ensure the accuracy of operational data, support business rep…",Adzuna::API::Response::Job,https://www.adzuna.in/details/5833585588?utm_medium=api&utm_source=7a21a92b,5833585588,Data Analyst - Operations,0,eyJhbGciOiJIUzI1NiJ9.eyJpIjoiNTgzMzU4NTU4OCIsInMiOiJNQk96Szd2QThSR0c3NDdUVEROOHJRIn0.-BproJGcgWFeb34mcrDb9XFf1TfNrFeIQfpd3lPRacE,77.59837,"['India', 'Karnataka', 'Bangalore']",Adzuna::API::Response::Location,"Bangalore, Karnataka",Kroll,Adzuna::API::Response::Company,IT Jobs,it-jobs,Adzuna::API::Response::Category,,,,2026-10-05
2026-09-18T22:02:54Z,full_time,,"What can you expect as a FedEx team member? Career Mobility and Development : When you join FedEx, you’re joining a team with possibilities that literally span the world—from opportunities for advancement and location transfer, to training and leadership programs. Total Compensation and Benefits Package : We want to keep our employees for a long time, so we offer competitive benefits, opportunities for flexible work arrangements, and programs to support well-being. Equal Opportunities Our great…",Adzuna::API::Response::Job,https://www.adzuna.in/details/5889598742?utm_medium=api&utm_source=7a21a92b,5889598742,Data Analyst - Senior,0,eyJhbGciOiJIUzI1NiJ9.eyJzIjoiTUJPeks3dkE4UkdHNzQ3VFRETjhyUSIsImkiOiI1ODg5NTk4NzQyIn0.YP3zWc2Nrk54dVZMfYy_Q3hMhez7FCeFNEltcFvoJ0Q,,['India'],Adzuna::API::Response::Location,India,FedEx,Adzuna::API::Response::Company,Engineering Jobs,engineering-jobs,Adzuna::API::Response::Category,,,,2026-10-05
2026-08-16T21:03:09Z,full_time,,"Company Description Guardant Health is a leading precision oncology company focused on guarding wellness and giving every person more time free from cancer. Founded in 2012, Guardant® is transforming patient care and accelerating new cancer therapies by providing critical insights into what drives disease through its advanced blood and tissue tests, real-world data and AI analytics. Guardant tests help improve outcomes across all stages of care, including screening to find cancer early, monitor…",Adzuna::API::Response::Job,https://www.adzuna.in/details/5844317861?utm_medium=api&utm_source=7a21a92b,5844317861,Senior Data Analyst,0,eyJhbGciOiJIUzI1NiJ9.eyJpIjoiNTg0NDMxNzg2MSIsInMiOiJNQk96Szd2QThSR0c3NDdUVEROOHJRIn0.OcRibOBCxfpABzIzgdFJrwSvSZ8x8980YDvYh3IQxhY,,['India'],Adzuna::API::Response::Location,India,Guardant Health,Adzuna::API::Response::Company,IT Jobs,it-jobs,Adzuna::API::Response::Category,,,,2026-10-05
2026-10-01T11:34:47Z,,,"This Sr Data Analyst will join our analytics org within the Executive Insights team, which is responsible for synthesizing revenue and operational data from across the company to measure the trajectory and overall health of the business. You will work closely with partner teams in Analytics, FP&A, Accounting, Cloud Billing, and Sales Operations to not only drive alignment on business performance narratives, but also to drive company wide transparency and data democratization for company key met…",Adzuna::API::Response::Job,https://www.adzuna.in/details/5904969014?utm_medium=api&utm_source=7a21a92b,5904969014,Senior Data Analyst,0,eyJhbGciOiJIUzI1NiJ9.eyJzIjoiTUJPeks3dkE4UkdHNzQ3VFRETjhyUSIsImkiOiI1OTA0OTY5MDE0In0.K-Ia2mEujFhJJozUgvzDGKXCJkDMHa_CefvFX-9YBws,,['India'],Adzuna::API::Response::Location,India,MongoDB,Adzuna::API::Response::Company,IT Jobs,it-jobs,Adzuna::API::Response::Category,,,,2026-10-05
2021-10-23T04:34:53Z,full_time,28.62523,"Are you looking for a team that is built on comradeship, lets you embrace your individuality and also pays you a handsome compensation? Then read on. Our client is one of the largest shopping and cashback website, that enables all its members to find products from various e-commerce sites like Amazon, Flipkart, Myntra, CliQ etc while allowing to comparing prices for similar products across these sites and also earning handsome cashback or discount coupons for every purchase. Their app and websi…",Adzuna::API::Response::Job,https://www.adzuna.in/details/2570069948?utm_medium=api&utm_source=7a21a92b,2570069948,Data Analyst- Marketing,0,eyJhbGciOiJIUzI1NiJ9.eyJpIjoiMjU3MDA2OTk0OCIsInMiOiJNQk96Szd2QThSR0c3NDdUVEROOHJRIn0.osXyGifKykYLIfW7CuQnjNzkM6klHZkJoocXbJAtBoE,77.224601,"['India', 'Delhi']",Adzuna::API::Response::Location,"Delhi, India",Unnati,Adzuna::API::Response::Company,"PR, Advertising & Marketing Jobs",pr-advertising-marketing-jobs,Adzuna::API::Response::Category,0.0,1500000.0,,2026-10-05
2026-09-06T21:24:43Z,full_time,,"About Tekion: Positively disrupting an industry that has not seen any innovation in over 50 years, Tekion has challenged the paradigm with the first and fastest cloud-native automotive platform that includes the revolutionary Automotive Retail Cloud (ARC) for retailers, Automotive Enterprise Cloud (AEC) for manufacturers and other large automotive enterprises and Automotive Partner Cloud (APC) for technology and industry partners. Tekion connects the entire spectrum of the automotive retail eco…",Adzuna::API::Response::Job,https://www.adzuna.in/details/5873204171?utm_medium=api&utm_source=7a21a92b,5873204171,CDP - Data Analyst,0,eyJhbGciOiJIUzI1NiJ9.eyJzIjoiTUJPeks3dkE4UkdHNzQ3VFRETjhyUSIsImkiOiI1ODczMjA0MTcxIn0.vfvftXYitbtZ2MCs0hb-_hv1FXtQ29nZWlXaQptBBo8,,['India'],Adzuna::API::Response::Location,India,Tekion,Adzuna::API::Response::Company,IT Jobs,it-jobs,Adzuna::API::Response::Category,,,,2026-10-05
2026-09-26T16:20:50Z,full_time,,"Role Overview We are seeking a skilled Senior Data Analyst with substantial hands-on experience in Source System Analysis, data mapping, data modeling, SQL analysis, and integration testing. The ideal candidate will support seamless data flow across business applications, ensure data accuracy, and contribute to system improvements. Key Responsibilities Conduct detailed data mapping between source and target systems, ensuring consistency and accuracy. Build and maintain data models to support bu…",Adzuna::API::Response::Job,https://www.adzuna.in/details/5899555688?utm_medium=api&utm_source=7a21a92b,5899555688,Senior Data Analyst,0,eyJhbGciOiJIUzI1NiJ9.eyJpIjoiNTg5OTU1NTY4OCIsInMiOiJNQk96Szd2QThSR0c3NDdUVEROOHJRIn0.dfonvrzp-Z8ifWCWVuFbQUJmDzRuJF2HLkbOTZ1bnfQ,,"['India', 'Andhra Pradesh']",Adzuna::API::Response::Location,"Andhra Pradesh, India",QuaXigma IT solutions Private Limited,Adzuna::API::Response::Company,IT Jobs,it-jobs,Adzuna::API::Response::Category,700000.0,2500000.0,,2026-10-05
2026-05-13T02:14:33Z,full_time,26.4645,"Job Description: The Business and Data Analyst is required to work closely with business stakeholders, project managers and users converting business requirements into technology solutions, overseeing their documentation and deployment, create intelligent designs for reports and dashboard based on analysis of data. The responsibilities include: • Elicits, analyses, specifies, and validates the business needs of stakeholders, (Customers and/or end users). • Collaborates with project sponsors to …",Adzuna::API::Response::Job,https://www.adzuna.in/details/5727252233?utm_medium=api&utm_source=7a21a92b,5727252233,Business and Data Analyst,0,eyJhbGciOiJIUzI1NiJ9.eyJzIjoiTUJPeks3dkE4UkdHNzQ3VFRETjhyUSIsImkiOiI1NzI3MjUyMjMzIn0.yQCNuY-FqUSAJFSr3qBW93Lq5GzXJWF66Mqi3GEd-qs,80.32165,"['India', 'Uttar Pradesh', 'Kanpur Dehat', 'Kanpur']",Adzuna::API::Response::Location,"Kanpur, Kanpur Dehat",Acura Solution,Adzuna::API::Response::Company,IT Jobs,it-jobs,Adzuna::API::Response::Category,,,,2026-10-05
2026-09-30T21:11:52Z,full_time,18.5062,"Description We are seeking a Business / Data Analyst with Data Engineering expertise to support the design and development of banking data marts for regulatory reporting, analytics, and downstream consumption. The role will focus on translating business requirements into scalable data models , ensuring data quality, reconciliation, and traceability across enterprise data platforms. Key Responsibilities Business & Data Analysis Engage with business stakeholders (Finance, Risk, Regulatory teams) …",Adzuna::API::Response::Job,https://www.adzuna.in/details/5904039341?utm_medium=api&utm_source=7a21a92b,5904039341,Business Data Analyst,0,eyJhbGciOiJIUzI1NiJ9.eyJpIjoiNTkwNDAzOTM0MSIsInMiOiJNQk96Szd2QThSR0c3NDdUVEROOHJRIn0.yu8sOeGg-xd7HOZhfG2MZsDH0xF6W7BsDnn5XBcrEAQ,73.84735,"['India', 'Maharashtra', 'Pune']",Adzuna::API::Response::Location,"Pune, Maharashtra",EXL,Adzuna::API::Response::Company,IT Jobs,it-jobs,Adzuna::API::Response::Category,,,,2026-10-05
2026-09-11T21:11:34Z,,12.95703,"Description Company Description Tradeweb is a global leader in electronic trading across asset classes. As financial markets become increasingly interconnected, our technology enables efficient, multi-asset trading on a global scale. We serve more than 3,000 clients in more than 85 countries, including many of the world’s largest banks, asset managers, hedge funds, insurers, corporations, and wealth managers. Creative collaboration and sharp client focus have helped fuel our organic growth. We …",Adzuna::API::Response::Job,https://www.adzuna.in/details/5879874212?utm_medium=api&utm_source=7a21a92b,5879874212,Environmental Data Analyst,0,eyJhbGciOiJIUzI1NiJ9.eyJzIjoiTUJPeks3dkE4UkdHNzQ3VFRETjhyUSIsImkiOiI1ODc5ODc0MjEyIn0.Lrhx90-8DjfYJB8F8TSsr7uUWu8iyBpR9EQDPxVdhkE,77.59837,"['India', 'Karnataka', 'Bangalore']",Adzuna::API::Response::Location,"Bangalore, Karnataka",Tradeweb Markets,Adzuna::API::Response::Company,Accounting & Finance Jobs,accounting-finance-jobs,Adzuna::API::Response::Category,,,,2026-10-05
2026-09-11T11:12:21Z,,12.95703,"Company Description Tradeweb is a global leader in electronic trading across asset classes. As financial markets become increasingly interconnected, our technology enables efficient, multi-asset trading on a global scale. We serve more than 3,000 clients in more than 85 countries, including many of the world's largest banks, asset managers, hedge funds, insurers, corporations, and wealth managers. Creative collaboration and sharp client focus have helped fuel our organic growth. We facilitated …",Adzuna::API::Response::Job,https://www.adzuna.in/details/5879368817?utm_medium=api&utm_source=7a21a92b,5879368817,Environmental Data Analyst,0,eyJhbGciOiJIUzI1NiJ9.eyJzIjoiTUJPeks3dkE4UkdHNzQ3VFRETjhyUSIsImkiOiI1ODc5MzY4ODE3In0.mnHblRlk0Umou1OWrbJLfkLsqbjKq270jODCh8HZbKw,77.59837,"['India', 'Karnataka', 'Bangalore']",Adzuna::API::Response::Location,"Bangalore, Karnataka",Tradeweb,Adzuna::API::Response::Company,Accounting & Finance Jobs,accounting-finance-jobs,Adzuna::API::Response::Category,,,,2026-10-05
2026-10-02T16:25:15Z,full_time,13.06041,"TEGNA Inc. helps people thrive in their local communities by providing the trusted local news and services that matter most. With 64 television stations in 51 U.S. markets, TEGNA reaches more than 100 million people monthly across web, mobile apps, streaming, and linear television, while also maintaining a strong global presence in India with offices in Bangalore and Chennai that support technology, product, and business operations initiatives. Together, we are building a sustainable future for…",Adzuna::API::Response::Job,https://www.adzuna.in/details/5907833810?utm_medium=api&utm_source=7a21a92b,5907833810,Senior Data Analyst,0,eyJhbGciOiJIUzI1NiJ9.eyJzIjoiTUJPeks3dkE4UkdHNzQ3VFRETjhyUSIsImkiOiI1OTA3ODMzODEwIn0.oJrWo4mgQhySWwK7673qUtEPhE9oW0jbQQZ_xDNnYo4,80.24963,"['India', 'Tamil Nadu', 'Chennai']",Adzuna::API::Response::Location,"Chennai, Tamil Nadu",TEGNA,Adzuna::API::Response::Company,Engineering Jobs,engineering-jobs,Adzuna::API::Response::Category,,,,2026-10-05
2021-02-04T03:40:40Z,full_time,,"Job Title - Senior Financial Data Analyst. Experience Required - 2 - 4 years. Job Location - Gurugram (Haryana). Salary Offered - As per industry standard. Selection process - Aptitude test followed by F2F interview and Final HR interview Qualification - MBA Finance Shift - Night Shift About Nirvana Nirvana Solutions is a financial technology & services provider that delivers integrated and modular front, middle and back office solutions to a wide array of financial firms, including hedge funds…",Adzuna::API::Response::Job,https://www.adzuna.in/details/1970273576?utm_medium=api&utm_source=7a21a92b,1970273576,Financial Data Analyst,0,eyJhbGciOiJIUzI1NiJ9.eyJzIjoiTUJPeks3dkE4UkdHNzQ3VFRETjhyUSIsImkiOjE5NzAyNzM1NzZ9.mZHHxPFwZ1MxPFdxlIrzKQ1nL3NvEtfGIN-1aW3KIXY,,['India'],Adzuna::API::Response::Location,India,Nirvana Solutions,Adzuna::API::Response::Company,Accounting & Finance Jobs,accounting-finance-jobs,Adzuna::API::Response::Category,0.0,300000.0,,2026-10-05
2026-07-12T03:21:23Z,full_time,,"We are building a team of trailblazers, who embody growth, impact, and excellence. Job Description As a Reliability Data Analyst, you will execute intermediate to advance level task work for engineering projects across multiple areas of reliability data gathering, organizing, analyzing, and strategizing. Job Duties Solve complex reliability problems using professional judgment to ensure tasks include the appropriate level of assessment, analysis, and evaluation while following best practices an…",Adzuna::API::Response::Job,https://www.adzuna.in/details/5797363610?utm_medium=api&utm_source=7a21a92b,5797363610,Reliability Data Analyst,0,eyJhbGciOiJIUzI1NiJ9.eyJpIjoiNTc5NzM2MzYxMCIsInMiOiJNQk96Szd2QThSR0c3NDdUVEROOHJRIn0.pyfw9BmgLfWvxWx9QS7oang98o6_65jyiewj4yiWuMY,,['India'],Adzuna::API::Response::Location,India,Pinnacle Reliability India,Adzuna::API::Response::Company,Engineering Jobs,engineering-jobs,Adzuna::API::Response::Category,,,,2026-10-05
2026-09-25T21:26:20Z,full_time,,"JLL empowers you to shape a brighter way . Our people at JLL are shaping the future of real estate for a better world by combining world class services, advisory and technology for our clients. We are committed to hiring the best, most talented people and empowering them to thrive, grow meaningful careers and to find a place where they belong. Whether you’ve got deep experience in commercial real estate, skilled trades or technology, or you’re looking to apply your relevant experience to a new …",Adzuna::API::Response::Job,https://www.adzuna.in/details/5898498809?utm_medium=api&utm_source=7a21a92b,5898498809,Senior Data Analyst,0,eyJhbGciOiJIUzI1NiJ9.eyJpIjoiNTg5ODQ5ODgwOSIsInMiOiJNQk96Szd2QThSR0c3NDdUVEROOHJRIn0._ECCbddoCeRTWXuR8a9sg2thy3HwXJ41pVgY3yu4BqM,,['India'],Adzuna::API::Response::Location,India,JLL,Adzuna::API::Response::Company,IT Jobs,it-jobs,Adzuna::API::Response::Category,,,,2026-10-05
2026-07-28T20:48:18Z,full_time,,"About the Company: Netomi is the leading agentic AI platform for enterprise customer experience. We work with the largest global brands like Delta Airlines, MetLife, United, and others to enable agentic automation at scale across the entire customer journey. Our no-code platform delivers the fastest time to market, lowest total cost of ownership, and simple, scalable management of AI agents for any CX use case. Backed by WndrCo, Y Combinator, and Index Ventures, we help enterprises drive effici…",Adzuna::API::Response::Job,https://www.adzuna.in/details/5818418582?utm_medium=api&utm_source=7a21a92b,5818418582,Senior Data Analyst,0,eyJhbGciOiJIUzI1NiJ9.eyJzIjoiTUJPeks3dkE4UkdHNzQ3VFRETjhyUSIsImkiOiI1ODE4NDE4NTgyIn0.Pvno4B_vJxnKTkSCieLirf7JOLFGbdaYUSG-beZVzZk,,['India'],Adzuna::API::Response::Location,India,Netomi,Adzuna::API::Response::Company,IT Jobs,it-jobs,Adzuna::API::Response::Category,,,,2026-10-05
2026-09-29T21:14:11Z,,,"Role Summary We are seeking a motivated, experienced Senior Data Analyst who will lead analytics efforts around Oncology patient journey, line of therapy (LoT) and structured claims/patient data. The successful candidate will transform large claims datasets into insights that shape strategic decisions for our clients. Key Responsibilities Lead and execute analytics projects focused on patient-journey and line-of-therapy mapping, Brand analytics. Analyze structured claims and patient datasets su…",Adzuna::API::Response::Job,https://www.adzuna.in/details/5902911720?utm_medium=api&utm_source=7a21a92b,5902911720,Senior Data Analyst,0,eyJhbGciOiJIUzI1NiJ9.eyJpIjoiNTkwMjkxMTcyMCIsInMiOiJNQk96Szd2QThSR0c3NDdUVEROOHJRIn0.VyGXmgQJA5YA6rnYCJzQy78Pv2dqauqyECpgXEHjb9E,,['India'],Adzuna::API::Response::Location,India,Precision AQ,Adzuna::API::Response::Company,Consultancy Jobs,consultancy-jobs,Adzuna::API::Response::Category,,,,2026-10-05
2026-10-03T08:00:54Z,full_time,19.00821,"Etraveli Group is a leading global flight technology provider, specializing in flight sales and offering flight content delivery and fintech products. We are here to solve complexity, by connecting millions of flights and travelers across the globe, from search and selection to trip and beyond. We partner with major global platforms such as Booking.com, Google Flights, Skyscanner, and Kayak, providing seamless flight booking and related services. Our B2B portfolio includes Precision, our specia…",Adzuna::API::Response::Job,https://www.adzuna.in/details/5909254450?utm_medium=api&utm_source=7a21a92b,5909254450,Data Analyst-I,0,eyJhbGciOiJIUzI1NiJ9.eyJpIjoiNTkwOTI1NDQ1MCIsInMiOiJNQk96Szd2QThSR0c3NDdUVEROOHJRIn0.rOC_piJftoYhPVFdlqJK4NfIl2lIMnzapVAevnzo1bk,72.84415,"['India', 'Maharashtra', 'Mumbai']",Adzuna::API::Response::Location,"Mumbai, Maharashtra",Etraveli Group,Adzuna::API::Response::Company,IT Jobs,it-jobs,Adzuna::API::Response::Category,,,permanent,2026-10-05
2022-01-30T04:34:32Z,full_time,,"We are looking for a Senior Data Analyst who will support our product, sales, leadership, and marketing teams with data collection and organization of data in order to draw conclusions, make predictions, and drive informed decision making. The ideal candidate is adept at using large data sets to find opportunities for product and marketing optimization and using data models to test the effectiveness of different courses of action. Not just that, you also understand how to clean and organize dat…",Adzuna::API::Response::Job,https://www.adzuna.in/details/2853928283?utm_medium=api&utm_source=7a21a92b,2853928283,Sr. Data Analyst,0,eyJhbGciOiJIUzI1NiJ9.eyJpIjoiMjg1MzkyODI4MyIsInMiOiJNQk96Szd2QThSR0c3NDdUVEROOHJRIn0.PvcV7kCUUM9tkpYrA9gDADksH_shyvVxaToZ7xPK5uc,,"['India', 'Karnataka', 'Bangalore']",Adzuna::API::Response::Location,"Bangalore, Karnataka",Multi Recruit,Adzuna::API::Response::Company,IT Jobs,it-jobs,Adzuna::API::Response::Category,2500000.0,3000000.0,,2026-10-05
2026-01-25T01:31:13Z,full_time,,"About the Role: Parker’s mission is simple but ambitious: to increase the number of financially independent people. We believe the best way to achieve this is by equipping independent business owners with the financial tools they need to scale profitably. Our core product combines a virtual corporate card with profitability-focused financial software , empowering eCommerce merchants to grow faster while maintaining control of their margins. We’ve raised over $180M in equity and debt from world-…",Adzuna::API::Response::Job,https://www.adzuna.in/details/5599249932?utm_medium=api&utm_source=7a21a92b,5599249932,Data Analyst I,0,eyJhbGciOiJIUzI1NiJ9.eyJzIjoiTUJPeks3dkE4UkdHNzQ3VFRETjhyUSIsImkiOiI1NTk5MjQ5OTMyIn0.J1rwf2_Vfam4bUdmppERc8extE-g39J4POH66u03xJQ,,['India'],Adzuna::API::Response::Location,India,Parker Group,Adzuna::API::Response::Company,IT Jobs,it-jobs,Adzuna::API::Response::Category,22000.0,36000.0,,2026-10-05
2026-08-19T21:10:33Z,full_time,12.95703,"Description Company Description Tradeweb is a global leader in electronic trading across asset classes. As financial markets become increasingly interconnected, our technology enables efficient, multi-asset trading on a global scale. We serve more than 3,000 clients in more than 85 countries, including many of the world’s largest banks, asset managers, hedge funds, insurers, corporations, and wealth managers. Creative collaboration and sharp client focus have helped fuel our organic growth. We …",Adzuna::API::Response::Job,https://www.adzuna.in/details/5848436882?utm_medium=api&utm_source=7a21a92b,5848436882,RegTech Data Analyst,0,eyJhbGciOiJIUzI1NiJ9.eyJpIjoiNTg0ODQzNjg4MiIsInMiOiJNQk96Szd2QThSR0c3NDdUVEROOHJRIn0.kmszlLisP4aOeovKgj_pSGjMCC03WthxW2MSV9aEiiM,77.59837,"['India', 'Karnataka', 'Bangalore']",Adzuna::API::Response::Location,"Bangalore, Karnataka",Tradeweb Markets,Adzuna::API::Response::Company,IT Jobs,it-jobs,Adzuna::API::Response::Category,,,,2026-10-05
2026-09-17T21:50:05Z,full_time,,"Description KLDiscovery, a leading global provider of electronic discovery, information governance and data recovery services, is currently seeking a Hosting Data Analyst/Litigation Support Analyst. The candidate will have experience using E-Discovery tools, Microsoft Office, specifically Microsoft Excel. This position does not require any license or certification in order to be considered Remote, work from home opportunity. Responsibilities Work as part of a team, candidate will be required to…",Adzuna::API::Response::Job,https://www.adzuna.in/details/5887951604?utm_medium=api&utm_source=7a21a92b,5887951604,Litigation Data Analyst,0,eyJhbGciOiJIUzI1NiJ9.eyJzIjoiTUJPeks3dkE4UkdHNzQ3VFRETjhyUSIsImkiOiI1ODg3OTUxNjA0In0.Wyxj4S1LzvG2aPBNC5LcgnJrrqK9yAZBjz3kNzYjUlw,,['India'],Adzuna::API::Response::Location,India,KLDiscovery,Adzuna::API::Response::Company,IT Jobs,it-jobs,Adzuna::API::Response::Category,,,,2026-10-05
2026-05-11T02:23:40Z,full_time,,"Greif is a global leader in performance packaging located in 40 countries. The company delivers trusted, innovative, and tailored solutions that support some of the world's most in demand and fastest-growing industries. With a commitment to legendary customer service, operational excellence, and global sustainability, Greif packages life's essentials - and creates lasting value for its colleagues, customers, and other stakeholders. Learn more about the company's Customized Polymer , Sustainable…",Adzuna::API::Response::Job,https://www.adzuna.in/details/5725371745?utm_medium=api&utm_source=7a21a92b,5725371745,ERP Data Analyst,0,eyJhbGciOiJIUzI1NiJ9.eyJzIjoiTUJPeks3dkE4UkdHNzQ3VFRETjhyUSIsImkiOiI1NzI1MzcxNzQ1In0.OQkyjrm28lX1bgcIFHxy_-7k_bg1lkoBMYaa_w65fuI,,['India'],Adzuna::API::Response::Location,India,Greif,Adzuna::API::Response::Company,IT Jobs,it-jobs,Adzuna::API::Response::Category,,,,2026-10-05
2026-08-19T11:12:35Z,,12.95703,"Company Description Tradeweb is a global leader in electronic trading across asset classes. As financial markets become increasingly interconnected, our technology enables efficient, multi-asset trading on a global scale. We serve more than 3,000 clients in more than 85 countries, including many of the world's largest banks, asset managers, hedge funds, insurers, corporations, and wealth managers. Creative collaboration and sharp client focus have helped fuel our organic growth. We facilitated …",Adzuna::API::Response::Job,https://www.adzuna.in/details/5847854180?utm_medium=api&utm_source=7a21a92b,5847854180,RegTech Data Analyst,0,eyJhbGciOiJIUzI1NiJ9.eyJzIjoiTUJPeks3dkE4UkdHNzQ3VFRETjhyUSIsImkiOiI1ODQ3ODU0MTgwIn0.mDP1WWyuj-jFa6FHkAisn-_cBDkcYPsSJPntAizuAZg,77.59837,"['India', 'Karnataka', 'Bangalore']",Adzuna::API::Response::Location,"Bangalore, Karnataka",Tradeweb,Adzuna::API::Response::Company,IT Jobs,it-jobs,Adzuna::API::Response::Category,,,,2026-10-05
2026-09-30T21:12:49Z,,19.00821,"Jump Trading Group is committed to world class research. We empower exceptional talents in Mathematics, Physics, and Computer Science to seek scientific boundaries, push through them, and apply cutting edge research to global financial markets. Our culture is unique. Constant innovation requires fearlessness, creativity, intellectual honesty, and a relentless competitive streak. We believe in winning together and unlocking unique individual talent by incenting collaboration and mutual respect. …",Adzuna::API::Response::Job,https://www.adzuna.in/details/5904040107?utm_medium=api&utm_source=7a21a92b,5904040107,Lead Data Analyst,0,eyJhbGciOiJIUzI1NiJ9.eyJzIjoiTUJPeks3dkE4UkdHNzQ3VFRETjhyUSIsImkiOiI1OTA0MDQwMTA3In0.cLCf67rz7m1xUagn4vho83ReKPUyo2y-jM5bBr5qwnI,72.84415,"['India', 'Maharashtra', 'Mumbai']",Adzuna::API::Response::Location,"Mumbai, Maharashtra",Jump Trading,Adzuna::API::Response::Company,IT Jobs,it-jobs,Adzuna::API::Response::Category,,,,2026-10-05
2026-09-23T21:52:40Z,,12.95703,"Senior Data Analysts at Thoughtworks collect, process and analyze large datasets to provide valuable insights and support informed decision-making for our clients. They are responsible for the strategy, implementation, productionization and articulation of business impact. They collaborate with cross-functional teams and communicate findings to both technical and non-technical stakeholders. They stay up-to-date with industry advancements, ensure data quality and security, and actively mentor ot…",Adzuna::API::Response::Job,https://www.adzuna.in/details/5895396642?utm_medium=api&utm_source=7a21a92b,5895396642,Senior Data Analyst,0,eyJhbGciOiJIUzI1NiJ9.eyJpIjoiNTg5NTM5NjY0MiIsInMiOiJNQk96Szd2QThSR0c3NDdUVEROOHJRIn0.GtRZC7C-WfS7PBGDDxPnSef6gsKtv_U1KP9G1-_JAjg,77.59837,"['India', 'Karnataka', 'Bangalore']",Adzuna::API::Response::Location,"Bangalore, Karnataka",Thoughtworks,Adzuna::API::Response::Company,IT Jobs,it-jobs,Adzuna::API::Response::Category,,,,2026-10-05
2026-06-08T02:34:31Z,,17.40275,"Senior Data Analyst Location: Hyderabad, India (WFO) Reporting / Hours: 6:00 PM to 2:00 AM IST, as the candidate will need to collaborate closely with stakeholders in the US time zone. Primary Job Responsibilities: Zeta is looking for an exceptional Senior Business Analyst, Marketing Effectiveness to join our team in Hyderabad, India. This role is ideal for a business-minded analytics professional who can connect marketing strategy, measurement, and performance insights to practical business de…",Adzuna::API::Response::Job,https://www.adzuna.in/details/5755736751?utm_medium=api&utm_source=7a21a92b,5755736751,Senior Data Analyst,0,eyJhbGciOiJIUzI1NiJ9.eyJpIjoiNTc1NTczNjc1MSIsInMiOiIwRkQzTEx2QThSR1RNZWtrQVltV1B3In0.qqk644l2-axZa2ClGUYX-QJivSfbJU2km2tX2Dz04Oo,78.50806,"['India', 'Telangana', 'Hyderabad']",Adzuna::API::Response::Location,"Hyderabad, Telangana",Zeta Global,Adzuna::API::Response::Company,IT Jobs,it-jobs,Adzuna::API::Response::Category,,,,2026-10-05
2026-08-21T20:45:56Z,full_time,18.5062,"Analyst - Business Intelligence - IN Professionals in this category use a set of methods and tools like Cognos, QlikView etc. to access and explore data to derive insights for decision making. Key Responsibilities and Duties They collaborate with business users and focus on counts, statistics, and visualization to improve performance and find strategic opportunities for the business. Their job involves the enablement of effective data management (collected from independent transaction systems) …",Adzuna::API::Response::Job,https://www.adzuna.in/details/5851141530?utm_medium=api&utm_source=7a21a92b,5851141530,Data Analyst I,0,eyJhbGciOiJIUzI1NiJ9.eyJzIjoiMEZEM0xMdkE4UkdUTWVra0FZbVdQdyIsImkiOiI1ODUxMTQxNTMwIn0.kjvQYaHxBuCzejtv4BEFwTOu7vAW8QrDOJ7fuVcq7HA,73.84735,"['India', 'Maharashtra', 'Pune']",Adzuna::API::Response::Location,"Pune, Maharashtra",TIAA,Adzuna::API::Response::Company,IT Jobs,it-jobs,Adzuna::API::Response::Category,,,,2026-10-05
2026-09-19T21:48:59Z,full_time,,"Data Analyst I Syneos Health® is a leading fully-integrated life sciences services organization built to accelerate customer success. We partner with innovators at every point across the drug development and commercialization continuum, helping them navigate complexity, anticipate change and accelerate progress. Our Clinical Solutions team members act with a drug development mindset, applying their years of experience and deep expertise to truly understand customer needs and represent those in …",Adzuna::API::Response::Job,https://www.adzuna.in/details/5890804511?utm_medium=api&utm_source=7a21a92b,5890804511,Data Analyst I,0,eyJhbGciOiJIUzI1NiJ9.eyJzIjoiMEZEM0xMdkE4UkdUTWVra0FZbVdQdyIsImkiOiI1ODkwODA0NTExIn0.0gz_0vbS9Yy1RBtfvo2rrH8jwv7Fe1aFCo38CWiqLNs,,['India'],Adzuna::API::Response::Location,India,Syneos Health,Adzuna::API::Response::Company,IT Jobs,it-jobs,Adzuna::API::Response::Category,,,,2026-10-05
2026-09-21T21:52:59Z,full_time,,"Data Analyst Ready to turn bold ideas into real-world impact? At Genpact, we don’t just adapt to change, we lead it. AI and digital innovation are transforming the way businesses work, and we’re at the forefront of it. Genpact’s AI Gigafactory , our industry-first accelerator, exemplifies how we scale advanced technology solutions to help global enterprises work smarter, grow faster, and transform at scale. Whether tackling complex challenges through large-scale models or agentic AI , our break…",Adzuna::API::Response::Job,https://www.adzuna.in/details/5892976847?utm_medium=api&utm_source=7a21a92b,5892976847,Data Analyst 5B,0,eyJhbGciOiJIUzI1NiJ9.eyJzIjoiMEZEM0xMdkE4UkdUTWVra0FZbVdQdyIsImkiOiI1ODkyOTc2ODQ3In0.rfV_Kxf7EVMB-N1HQyO61hwHyU3OEF2IiAjIvIzHRYM,,['India'],Adzuna::API::Response::Location,India,genpact,Adzuna::API::Response::Company,IT Jobs,it-jobs,Adzuna::API::Response::Category,,,,2026-10-05
2026-08-15T20:42:13Z,,17.40275,"Hyderabad, preferred or remote About the Team DoorDash Labs is an independent team within DoorDash. We explore robotics and automation to transform last mile logistics in the long term. If you want to work on commercializing autonomy and robotics in a service used by millions of people, then we want to talk to you! About the Role Come help us redefine last-mile logistics through robotics, automation, and other advanced technologies! DoorDash Labs is an independent team inside of DoorDash incuba…",Adzuna::API::Response::Job,https://www.adzuna.in/details/5843155892?utm_medium=api&utm_source=7a21a92b,5843155892,"Data Analyst, Labs",0,eyJhbGciOiJIUzI1NiJ9.eyJzIjoiMEZEM0xMdkE4UkdUTWVra0FZbVdQdyIsImkiOiI1ODQzMTU1ODkyIn0.aKhyHyzAIK1l6_nv5Nx-tSHNp-MZZftewJPWFs-dCpM,78.50806,"['India', 'Telangana', 'Hyderabad']",Adzuna::API::Response::Location,"Hyderabad, Telangana",DoorDash,Adzuna::API::Response::Company,IT Jobs,it-jobs,Adzuna::API::Response::Category,,,,2026-10-05
2026-08-22T20:41:03Z,full_time,,"Company Introduction We exist to wow our customers. We know we’re doing the right thing when we hear our customers say, “How did we ever live without Coupang?” Born out of an obsession to make shopping, eating, and living easier than ever, we’re collectively disrupting the multi-billion-dollar e-commerce industry from the ground up. We are one of the fastest-growing e-commerce companies that established an unparalleled reputation for being a dominant and reliable force in South Korean commerce.…",Adzuna::API::Response::Job,https://www.adzuna.in/details/5852565248?utm_medium=api&utm_source=7a21a92b,5852565248,Staff Data Analyst,0,eyJhbGciOiJIUzI1NiJ9.eyJpIjoiNTg1MjU2NTI0OCIsInMiOiIwRkQzTEx2QThSR1RNZWtrQVltV1B3In0.0dk4wlz2bMimcCi8nSLY78z0oTyMYxqs8m7P_s96tEI,,"['India', 'Karnataka', 'Bangalore']",Adzuna::API::Response::Location,"Bangalore, Karnataka",Coupang,Adzuna::API::Response::Company,IT Jobs,it-jobs,Adzuna::API::Response::Category,,,,2026-10-05
2026-10-03T11:17:07Z,,18.5062,"Job Description We are seeking a Senior Data Analyst who is genuinely curious about data and knows how to take an ambiguous business problem from start to finish. This individual will be responsible for identifying where relevant data lives, determining how to access and acquire it, bringing information together across multiple sources, analyzing it, and translating it into meaningful insights. This is not a role for someone who needs to be handed a clean dataset and specific instructions on wh…",Adzuna::API::Response::Job,https://www.adzuna.in/details/5909548141?utm_medium=api&utm_source=7a21a92b,5909548141,Senior Data Analyst,0,eyJhbGciOiJIUzI1NiJ9.eyJpIjoiNTkwOTU0ODE0MSIsInMiOiIwRkQzTEx2QThSR1RNZWtrQVltV1B3In0.uvK5qoXOoCaTZXdBwJJ9MV-Wu45i4G8hem2vLsy7mZ8,73.84735,"['India', 'Maharashtra', 'Pune']",Adzuna::API::Response::Location,"Pune, Maharashtra",Insight Global,Adzuna::API::Response::Company,IT Jobs,it-jobs,Adzuna::API::Response::Category,,,,2026-10-05
2026-10-01T21:28:22Z,full_time,,"This position is listed on behalf of a partner company, who manages all applications and next steps. Our partner is looking for a Senior Data Analyst based in India. This remote role offers the opportunity to lead advanced analytics initiatives focused on oncology patient journeys, treatment pathways, and line-of-therapy analysis. You will transform large-scale claims and patient datasets into actionable insights that support strategic and commercial decision-making. The position combines hands…",Adzuna::API::Response::Job,https://www.adzuna.in/details/5905917051?utm_medium=api&utm_source=7a21a92b,5905917051,Senior Data Analyst,0,eyJhbGciOiJIUzI1NiJ9.eyJpIjoiNTkwNTkxNzA1MSIsInMiOiIwRkQzTEx2QThSR1RNZWtrQVltV1B3In0.VhL3g4b7DyK8udvgBgN4G_9v0i-Gnth80Y3Ev-C58kY,,['India'],Adzuna::API::Response::Location,India,Jobgether,Adzuna::API::Response::Company,IT Jobs,it-jobs,Adzuna::API::Response::Category,,,,2026-10-05
2026-10-01T21:25:50Z,full_time,,"This position is listed on behalf of a partner company, who manages all applications and next steps. Our partner is looking for a Senior Data Analyst based in India. This role offers the opportunity to lead data analytics initiatives focused on oncology patient journeys, treatment pathways, and structured healthcare datasets. You will transform large and complex claims and patient-level data into insights that support strategic business and healthcare decisions. The position combines advanced S…",Adzuna::API::Response::Job,https://www.adzuna.in/details/5905912284?utm_medium=api&utm_source=7a21a92b,5905912284,Senior Data Analyst,0,eyJhbGciOiJIUzI1NiJ9.eyJpIjoiNTkwNTkxMjI4NCIsInMiOiIwRkQzTEx2QThSR1RNZWtrQVltV1B3In0.gdgCsf8ji6ZUI6gXSQ0RVdkLLcALk_uStpeDEaG0z_4,,['India'],Adzuna::API::Response::Location,India,Jobgether,Adzuna::API::Response::Company,IT Jobs,it-jobs,Adzuna::API::Response::Category,,,,2026-10-05
2026-08-20T11:09:50Z,,,"Role Overview: The Global HR Data & Analytics team enables insight-led decision making across the enterprise by providing trusted, consistent, and scalable workforce data, reporting, and analytics support. As part of the Global Capability Center, the HR Data Analyst serves as a key member of a centralized analytics delivery model. This role provides scalable reporting, data validation, compliance data preparation, analytics operations, tool access support, and documentation across regions, func…",Adzuna::API::Response::Job,https://www.adzuna.in/details/5849314553?utm_medium=api&utm_source=7a21a92b,5849314553,HR Data Analyst,0,eyJhbGciOiJIUzI1NiJ9.eyJzIjoiMEZEM0xMdkE4UkdUTWVra0FZbVdQdyIsImkiOiI1ODQ5MzE0NTUzIn0.bhPIdtOdE-Nju05D0N5PTaVq08DxAzhzHkR_MbHbzgU,,"['India', 'Karnataka', 'Bangalore']",Adzuna::API::Response::Location,"Bangalore, Karnataka",ADM,Adzuna::API::Response::Company,IT Jobs,it-jobs,Adzuna::API::Response::Category,,,,2026-10-05
2026-08-09T20:48:22Z,full_time,19.00821,"This role is eligible for our hybrid work model: Two days in-office. We’re a data-driven organization, which makes our Analytics and Data Science teams the brains of our operation. On the cutting edge of customer and business analytics, they make sure all our decisions and innovations are based on the latest insights. Why this job’s a big deal: As a Senior Data Analyst within our Finance team, you will lead high-profile, strategic initiatives. Collaborating closely with stakeholders across dive…",Adzuna::API::Response::Job,https://www.adzuna.in/details/5834752688?utm_medium=api&utm_source=7a21a92b,5834752688,Senior Data Analyst,0,eyJhbGciOiJIUzI1NiJ9.eyJzIjoiMEZEM0xMdkE4UkdUTWVra0FZbVdQdyIsImkiOiI1ODM0NzUyNjg4In0.VrQu2CtWeDJIcj3oHS7u0oLHDc8hHNNP5Pr01sjxiN0,72.84415,"['India', 'Maharashtra', 'Mumbai']",Adzuna::API::Response::Location,"Mumbai, Maharashtra",Priceline,Adzuna::API::Response::Company,IT Jobs,it-jobs,Adzuna::API::Response::Category,,,,2026-10-05
2026-09-19T21:32:18Z,full_time,18.5062,"Come work at a place where innovation and teamwork come together to support the most exciting missions in the world! Qualys is looking for a highly analytical, technically strong and business-oriented Marketing Data Analyst to join our Marketing Operations organization in Pune. This role sits at the intersection of Marketing, Sales, Revenue Operations, Marketing Technology, Data and Analytics. The ideal candidate will combine strong analytical capabilities with hands-on experience across CRM, m…",Adzuna::API::Response::Job,https://www.adzuna.in/details/5890784080?utm_medium=api&utm_source=7a21a92b,5890784080,Marketing Data Analyst,0,eyJhbGciOiJIUzI1NiJ9.eyJpIjoiNTg5MDc4NDA4MCIsInMiOiIwRkQzTEx2QThSR1RNZWtrQVltV1B3In0.6HEk1ju1gg6CNslqFK3_cwqYL6ofnWiyS1TMgMiPqEk,73.84735,"['India', 'Maharashtra', 'Pune']",Adzuna::API::Response::Location,"Pune, Maharashtra",Qualys,Adzuna::API::Response::Company,"PR, Advertising & Marketing Jobs",pr-advertising-marketing-jobs,Adzuna::API::Response::Category,,,,2026-10-05
2026-09-30T21:18:18Z,full_time,,"About Us: Neuron7.ai is a fast-growing AI-first SaaS company — Series B funded and trusted by top Fortune 1000 brands — that transforms service resolution with intelligence. Our Smart Resolution Hub delivers predictive, guided troubleshooting across high-tech, medical, and industrial equipment environments. With 300% ARR growth and deep integrations with Salesforce, ServiceNow, Microsoft, and SAP, Neuron7 is scaling rapidly in India and worldwide. We operate with: Integrity and doing business t…",Adzuna::API::Response::Job,https://www.adzuna.in/details/5904045140?utm_medium=api&utm_source=7a21a92b,5904045140,Senior Data Analyst,0,eyJhbGciOiJIUzI1NiJ9.eyJpIjoiNTkwNDA0NTE0MCIsInMiOiIwRkQzTEx2QThSR1RNZWtrQVltV1B3In0.AKwPYmIl8HJDL3a51d0TOlPm_Bt_NBgnRW0lCj7qG28,,"['India', 'Karnataka', 'Bangalore']",Adzuna::API::Response::Location,"Bangalore, Karnataka",Neuron 7,Adzuna::API::Response::Company,IT Jobs,it-jobs,Adzuna::API::Response::Category,,,,2026-10-05
2026-10-03T21:20:07Z,full_time,12.95703,"GitLab is the intelligent orchestration platform for DevSecOps. GitLab enables organizations to increase developer productivity, improve operational efficiency, reduce security and compliance risk, and accelerate digital transformation. More than 50 million registered users and more than 50% of the Fortune 100* trust GitLab to ship better, more secure software faster. The same principles built into our products are reflected in how our team works: we embrace AI as a core productivity multiplier…",Adzuna::API::Response::Job,https://www.adzuna.in/details/5910196739?utm_medium=api&utm_source=7a21a92b,5910196739,Staff Data Analyst,0,eyJhbGciOiJIUzI1NiJ9.eyJzIjoiMEZEM0xMdkE4UkdUTWVra0FZbVdQdyIsImkiOiI1OTEwMTk2NzM5In0.MkbBEyD5GXkk_Ee2cdgK5fVFdpiUhrY-MxZQzmK96Rw,77.59837,"['India', 'Karnataka', 'Bangalore']",Adzuna::API::Response::Location,"Bangalore, Karnataka",GitLab,Adzuna::API::Response::Company,IT Jobs,it-jobs,Adzuna::API::Response::Category,,,,2026-10-05
2026-10-03T21:30:01Z,full_time,,"Level Up Your Career! At Kwalee, you’ll join a gaming powerhouse that boasts a mobile empire with 1.5 billion downloads alongside a thriving PC & Console division that has achieved numerous global chart-topping releases across Steam, Consoles, and Amazon, driving millions of Wishlists. Most recently publishing breakout hits such as The Precinct and Town to City. It’s a unique chance to bring your expertise to a global studio that dominates both the mobile, and the indie PC and Console space. At…",Adzuna::API::Response::Job,https://www.adzuna.in/details/5910223934?utm_medium=api&utm_source=7a21a92b,5910223934,Senior Data Analyst,0,eyJhbGciOiJIUzI1NiJ9.eyJpIjoiNTkxMDIyMzkzNCIsInMiOiIwRkQzTEx2QThSR1RNZWtrQVltV1B3In0.fGFZa7UWVfA5xPW_ZmJyvkISTh0t7djYvLQt3xH9gkQ,,"['India', 'Karnataka', 'Bangalore']",Adzuna::API::Response::Location,"Bangalore, Karnataka",Kwalee,Adzuna::API::Response::Company,"PR, Advertising & Marketing Jobs",pr-advertising-marketing-jobs,Adzuna::API::Response::Category,,,,2026-10-05
2026-08-28T07:37:17Z,,,"We are seeking a skilled Data Business Intelligence Analyst to join one of the most fast-paced and exciting teams at Tekion. We are redefining and redesigning the automotive datascape with state-of-the-art data models and business intelligence tools. In this role, you will play a crucial part in modeling data, designing, developing, and maintaining BI solutions tailored for the automotive sector. You will collaborate closely with stakeholders to understand their business needs and translate the…",Adzuna::API::Response::Job,https://www.adzuna.in/details/5859121228?utm_medium=api&utm_source=7a21a92b,5859121228,Data Analyst I,0,eyJhbGciOiJIUzI1NiJ9.eyJzIjoiMEZEM0xMdkE4UkdUTWVra0FZbVdQdyIsImkiOiI1ODU5MTIxMjI4In0.haK_ApV8MXOfHIOAyGJzkDsAg8eik1L1LRuTPW15GD4,,"['India', 'Karnataka', 'Bangalore']",Adzuna::API::Response::Location,"Bangalore, Karnataka",Tekion,Adzuna::API::Response::Company,IT Jobs,it-jobs,Adzuna::API::Response::Category,,,,2026-10-05
2026-08-26T21:07:37Z,,12.95703,"About Glean: Glean is the Work AI platform that helps everyone work smarter with AI. What began as the industry’s most advanced enterprise search has evolved into a full-scale Work AI ecosystem, powering intelligent Search, an AI Assistant, and scalable AI agents on one secure, open platform. With over 100 enterprise SaaS connectors, flexible LLM choice, and robust APIs, Glean gives organizations the infrastructure to govern, scale, and customize AI across their entire business - without vendor…",Adzuna::API::Response::Job,https://www.adzuna.in/details/5857001031?utm_medium=api&utm_source=7a21a92b,5857001031,AI Data Analyst,0,eyJhbGciOiJIUzI1NiJ9.eyJzIjoiMEZEM0xMdkE4UkdUTWVra0FZbVdQdyIsImkiOiI1ODU3MDAxMDMxIn0.rgvcsJC4iNM8h3wKyR1ep_LL0HpmLJGS_qkpc2KRe6k,77.59837,"['India', 'Karnataka', 'Bangalore']",Adzuna::API::Response::Location,"Bangalore, Karnataka",Glean,Adzuna::API::Response::Company,IT Jobs,it-jobs,Adzuna::API::Response::Category,,,,2026-10-05
2026-09-23T16:15:31Z,full_time,17.40275,"About Crunchyroll Founded by fans, Crunchyroll delivers the art and culture of anime to a passionate community. We super-serve over 100 million anime and manga fans across 200 countries and territories, and help them connect with the stories and characters they crave. Whether that experience is online or in-person, streaming video, theatrical, games, merchandise, events and more, it’s powered by the anime content we all love. Join our team, and help us shape the future of anime! About The Role …",Adzuna::API::Response::Job,https://www.adzuna.in/details/5895065743?utm_medium=api&utm_source=7a21a92b,5895065743,Senior Data Analyst,0,eyJhbGciOiJIUzI1NiJ9.eyJpIjoiNTg5NTA2NTc0MyIsInMiOiIwRkQzTEx2QThSR1RNZWtrQVltV1B3In0.YACm9MsD0xUcK9y6dzb4_H-St9xg273H17gfOnXuYLo,78.50806,"['India', 'Telangana', 'Hyderabad']",Adzuna::API::Response::Location,"Hyderabad, Telangana",Crunchyroll,Adzuna::API::Response::Company,IT Jobs,it-jobs,Adzuna::API::Response::Category,,,,2026-10-05
2026-08-21T11:18:28Z,,18.5062,"Pune, India Full time R251200163 Analyst - Business Intelligence - IN Professionals in this category use a set of methods and tools like Cognos, QlikView etc. to access and explore data to derive insights for decision making. Key Responsibilities and Duties  They collaborate with business users and focus on counts, statistics, and visualization to improve performance and find strategic opportunities for the business.  Their job involves the enablement of effective data management (collected fro…",Adzuna::API::Response::Job,https://www.adzuna.in/details/5850636017?utm_medium=api&utm_source=7a21a92b,5850636017,Data Analyst I,0,eyJhbGciOiJIUzI1NiJ9.eyJzIjoiMEZEM0xMdkE4UkdUTWVra0FZbVdQdyIsImkiOiI1ODUwNjM2MDE3In0.SMPnySzqZfoVjbVNsypyWgYxu1_Od6a1vZweRV5Obec,73.84735,"['India', 'Maharashtra', 'Pune']",Adzuna::API::Response::Location,"Pune, Maharashtra",TIAA,Adzuna::API::Response::Company,IT Jobs,it-jobs,Adzuna::API::Response::Category,,,,2026-10-05
2026-08-13T11:02:36Z,,18.5062,"What you'll do: Eaton announced, on June 11, 2026, the intent to combine its Mobility Group (including both the Vehicle and eMobility segments) with a new company. We expect to complete this process by the end of the first half of 2027. The compensation and benefits that will initially be offered for this position are based on Eaton's plans, programs and practices. If you are offered and accept this position and are actively employed by the Mobility Group when the transaction closes, the new co…",Adzuna::API::Response::Job,https://www.adzuna.in/details/5839585374?utm_medium=api&utm_source=7a21a92b,5839585374,Data Analyst - MDM,0,eyJhbGciOiJIUzI1NiJ9.eyJzIjoiMEZEM0xMdkE4UkdUTWVra0FZbVdQdyIsImkiOiI1ODM5NTg1Mzc0In0.Q26W-ARsfbqADumi2V3nGjtWIaDG7MW4tdIUSnLsv9k,73.84735,"['India', 'Maharashtra', 'Pune']",Adzuna::API::Response::Location,"Pune, Maharashtra",Eaton Corporation,Adzuna::API::Response::Company,IT Jobs,it-jobs,Adzuna::API::Response::Category,,,,2026-10-05
2026-09-26T16:15:06Z,full_time,,"Company Description About us Solflare is one of the fastest-growing crypto wallets in the world. With around 4 million monthly active users and over $20 billion in digital assets secured through our platform, we’re building a powerful gateway to Web3. Founded in 2021, Solflare now has a team of nearly 150 people, with offices in Zagreb, Belgrade, and Novi Sad, plus remote teams across the globe. Our vision is simple but bold: a world where everyone uses a Web3 wallet and has full control over t…",Adzuna::API::Response::Job,https://www.adzuna.in/details/5899537340?utm_medium=api&utm_source=7a21a92b,5899537340,Senior Data Analyst,0,eyJhbGciOiJIUzI1NiJ9.eyJpIjoiNTg5OTUzNzM0MCIsInMiOiIwRkQzTEx2QThSR1RNZWtrQVltV1B3In0.cxTvVRfhzReyaePBgQnUR7tyQdHYpvoQuijrP_65isw,,['India'],Adzuna::API::Response::Location,India,Solflare,Adzuna::API::Response::Company,IT Jobs,it-jobs,Adzuna::API::Response::Category,,,permanent,2026-10-05
2026-08-25T21:02:54Z,full_time,,"Who We Are At Kyndryl, we run and reimagine the mission-critical technology systems that drive advantage for the world’s leading businesses. We are at the heart of progress; with proven expertise and a continuous flow of AI-powered insight, enabling smarter decisions, faster innovation, and a lasting competitive edge. For our people—Kyndryls—that means doing purposeful work that powers human progress. Join us and experience a flexible, supportive environment where your well-being is prioritized…",Adzuna::API::Response::Job,https://www.adzuna.in/details/5855478601?utm_medium=api&utm_source=7a21a92b,5855478601,Data Analyst / Engineer,0,eyJhbGciOiJIUzI1NiJ9.eyJpIjoiNTg1NTQ3ODYwMSIsInMiOiIwRkQzTEx2QThSR1RNZWtrQVltV1B3In0.W8N-md0j55MV6dQ6I6N0pt_3-eJn_OI72SCAnPwqCOg,,['India'],Adzuna::API::Response::Location,India,Kyndryl,Adzuna::API::Response::Company,IT Jobs,it-jobs,Adzuna::API::Response::Category,,,,2026-10-05
2026-08-26T11:20:09Z,,12.95703,"In Person Bangalore, Karnataka, India Chennai, Tamil Nadu, India Full time R-66920 Who We Are At Kyndryl, we run and reimagine the mission-critical technology systems that drive advantage for the world's leading businesses. We are at the heart of progress; with proven expertise and a continuous flow of AI-powered insight, enabling smarter decisions, faster innovation, and a lasting competitive edge. For our people-Kyndryls-that means doing purposeful work that powers human progress. Join us and…",Adzuna::API::Response::Job,https://www.adzuna.in/details/5856447389?utm_medium=api&utm_source=7a21a92b,5856447389,Data Analyst / Engineer,0,eyJhbGciOiJIUzI1NiJ9.eyJzIjoiMEZEM0xMdkE4UkdUTWVra0FZbVdQdyIsImkiOiI1ODU2NDQ3Mzg5In0.Jj90uvVbxjhUtQqmar_hTP-dY-_AwGWCBma0Iz0evQY,77.59837,"['India', 'Karnataka', 'Bangalore']",Adzuna::API::Response::Location,"Bangalore, Karnataka",Kyndryl,Adzuna::API::Response::Company,Accounting & Finance Jobs,accounting-finance-jobs,Adzuna::API::Response::Category,,,,2026-10-05
2026-08-26T11:20:09Z,,13.06041,"In Person Bangalore, Karnataka, India Chennai, Tamil Nadu, India Full time R-66920 Who We Are At Kyndryl, we run and reimagine the mission-critical technology systems that drive advantage for the world's leading businesses. We are at the heart of progress; with proven expertise and a continuous flow of AI-powered insight, enabling smarter decisions, faster innovation, and a lasting competitive edge. For our people-Kyndryls-that means doing purposeful work that powers human progress. Join us and…",Adzuna::API::Response::Job,https://www.adzuna.in/details/5856447374?utm_medium=api&utm_source=7a21a92b,5856447374,Data Analyst / Engineer,0,eyJhbGciOiJIUzI1NiJ9.eyJpIjoiNTg1NjQ0NzM3NCIsInMiOiIwRkQzTEx2QThSR1RNZWtrQVltV1B3In0.cHOLVUirRdMyHVlWNgLg1T4TlJ8AX1WrRBA-vDc2K38,80.24963,"['India', 'Tamil Nadu', 'Chennai']",Adzuna::API::Response::Location,"Chennai, Tamil Nadu",Kyndryl,Adzuna::API::Response::Company,Accounting & Finance Jobs,accounting-finance-jobs,Adzuna::API::Response::Category,,,,2026-10-05
2026-09-06T21:19:24Z,full_time,,"Who We Are At Kyndryl, we run and reimagine the mission-critical technology systems that drive advantage for the world’s leading businesses. We are at the heart of progress; with proven expertise and a continuous flow of AI-powered insight, enabling smarter decisions, faster innovation, and a lasting competitive edge. For our people—Kyndryls—that means doing purposeful work that powers human progress. Join us and experience a flexible, supportive environment where your well-being is prioritized…",Adzuna::API::Response::Job,https://www.adzuna.in/details/5873196845?utm_medium=api&utm_source=7a21a92b,5873196845,Data Analyst / Engineer,0,eyJhbGciOiJIUzI1NiJ9.eyJpIjoiNTg3MzE5Njg0NSIsInMiOiIwRkQzTEx2QThSR1RNZWtrQVltV1B3In0.N3dAD28j3eSJ3gfsU8nMrN1d97Q99o_ZhHShG-xLILk,,['India'],Adzuna::API::Response::Location,India,Kyndryl,Adzuna::API::Response::Company,IT Jobs,it-jobs,Adzuna::API::Response::Category,,,,2026-10-05
2026-09-22T21:47:49Z,full_time,,"Who We Are At Kyndryl, we run and reimagine the mission-critical technology systems that drive advantage for the world’s leading businesses. We are at the heart of progress; with proven expertise and a continuous flow of AI-powered insight, enabling smarter decisions, faster innovation, and a lasting competitive edge. For our people—Kyndryls—that means doing purposeful work that powers human progress. Join us and experience a flexible, supportive environment where your well-being is prioritized…",Adzuna::API::Response::Job,https://www.adzuna.in/details/5894126464?utm_medium=api&utm_source=7a21a92b,5894126464,Data Analyst / Engineer,0,eyJhbGciOiJIUzI1NiJ9.eyJpIjoiNTg5NDEyNjQ2NCIsInMiOiIwRkQzTEx2QThSR1RNZWtrQVltV1B3In0.G8jqUHeXBMVux0VCBeXoQqiCFUTGvexCWKhVQe2-HeU,,['India'],Adzuna::API::Response::Location,India,Kyndryl,Adzuna::API::Response::Company,Accounting & Finance Jobs,accounting-finance-jobs,Adzuna::API::Response::Category,,,,2026-10-05
2026-09-06T12:17:19Z,full_time,12.95703,"This job is with Kyndryl, an inclusive employer and a member of myGwork – the largest global platform for the LGBTQ business community. Please do not contact the recruiter directly. Who We Are At Kyndryl, we run and reimagine the mission-critical technology systems that drive advantage for the world's leading businesses. We are at the heart of progress; with proven expertise and a continuous flow of AI-powered insight, enabling smarter decisions, faster innovation, and a lasting competitive edg…",Adzuna::API::Response::Job,https://www.adzuna.in/details/5872825731?utm_medium=api&utm_source=7a21a92b,5872825731,Data Analyst / Engineer,0,eyJhbGciOiJIUzI1NiJ9.eyJzIjoiMEZEM0xMdkE4UkdUTWVra0FZbVdQdyIsImkiOiI1ODcyODI1NzMxIn0.MkEe2aSkL17sZ3NCDudo8k0v3lFaNrKdWBIT3LV1PgE,77.59837,"['India', 'Karnataka', 'Bangalore']",Adzuna::API::Response::Location,"Bangalore, Karnataka",Kyndryl,Adzuna::API::Response::Company,Accounting & Finance Jobs,accounting-finance-jobs,Adzuna::API::Response::Category,,,,2026-10-05
2026-08-11T20:52:01Z,full_time,,"Agency : Havas Creative Job Description : We are seeking a Senior Data / Systems Analyst to support global operational and finance reporting across multiple business systems. This role will own reporting requirements, data definitions, integrations, and data models that underpin a large and growing portfolio of management and operational reports. The successful candidate will act as the bridge between business stakeholders, source systems, and the Power BI reporting team, ensuring a single sour…",Adzuna::API::Response::Job,https://www.adzuna.in/details/5836839248?utm_medium=api&utm_source=7a21a92b,5836839248,Senior Data Analyst,0,eyJhbGciOiJIUzI1NiJ9.eyJzIjoiMEZEM0xMdkE4UkdUTWVra0FZbVdQdyIsImkiOiI1ODM2ODM5MjQ4In0.YYAco6AJz14kmcdol2cZ-EEJu5jMQVTIpk2jgr4hbw8,,['India'],Adzuna::API::Response::Location,India,Havas,Adzuna::API::Response::Company,Accounting & Finance Jobs,accounting-finance-jobs,Adzuna::API::Response::Category,,,permanent,2026-10-05
2026-09-06T11:07:02Z,,13.06041,"In Person Bangalore, Karnataka, India Chennai, Tamil Nadu, India Full time R-67684 Who We Are At Kyndryl, we run and reimagine the mission-critical technology systems that drive advantage for the world's leading businesses. We are at the heart of progress; with proven expertise and a continuous flow of AI-powered insight, enabling smarter decisions, faster innovation, and a lasting competitive edge. For our people-Kyndryls-that means doing purposeful work that powers human progress. Join us and…",Adzuna::API::Response::Job,https://www.adzuna.in/details/5872786172?utm_medium=api&utm_source=7a21a92b,5872786172,Data Analyst / Engineer,0,eyJhbGciOiJIUzI1NiJ9.eyJzIjoiMEZEM0xMdkE4UkdUTWVra0FZbVdQdyIsImkiOiI1ODcyNzg2MTcyIn0.DpsQnuO3gUv_GX0kV6vkkNA70z_DsGX-NqdozVcYSAc,80.24963,"['India', 'Tamil Nadu', 'Chennai']",Adzuna::API::Response::Location,"Chennai, Tamil Nadu",Kyndryl,Adzuna::API::Response::Company,Accounting & Finance Jobs,accounting-finance-jobs,Adzuna::API::Response::Category,,,,2026-10-05
2026-09-06T11:07:02Z,,12.95703,"In Person Bangalore, Karnataka, India Chennai, Tamil Nadu, India Full time R-67684 Who We Are At Kyndryl, we run and reimagine the mission-critical technology systems that drive advantage for the world's leading businesses. We are at the heart of progress; with proven expertise and a continuous flow of AI-powered insight, enabling smarter decisions, faster innovation, and a lasting competitive edge. For our people-Kyndryls-that means doing purposeful work that powers human progress. Join us and…",Adzuna::API::Response::Job,https://www.adzuna.in/details/5872786182?utm_medium=api&utm_source=7a21a92b,5872786182,Data Analyst / Engineer,0,eyJhbGciOiJIUzI1NiJ9.eyJzIjoiMEZEM0xMdkE4UkdUTWVra0FZbVdQdyIsImkiOiI1ODcyNzg2MTgyIn0.TyNkgsUSOwjuoy6SZefSEzvlbKkiP5nUlR6W_MksykQ,77.59837,"['India', 'Karnataka', 'Bangalore']",Adzuna::API::Response::Location,"Bangalore, Karnataka",Kyndryl,Adzuna::API::Response::Company,Accounting & Finance Jobs,accounting-finance-jobs,Adzuna::API::Response::Category,,,,2026-10-05
2026-09-24T11:13:27Z,,12.95703,"In Person Bangalore, Karnataka, India Chennai, Tamil Nadu, India Full time R-66917 Who We Are At Kyndryl, we run and reimagine the mission-critical technology systems that drive advantage for the world's leading businesses. We are at the heart of progress; with proven expertise and a continuous flow of AI-powered insight, enabling smarter decisions, faster innovation, and a lasting competitive edge. For our people-Kyndryls-that means doing purposeful work that powers human progress. Join us and…",Adzuna::API::Response::Job,https://www.adzuna.in/details/5896367278?utm_medium=api&utm_source=7a21a92b,5896367278,Data Analyst / Engineer,0,eyJhbGciOiJIUzI1NiJ9.eyJpIjoiNTg5NjM2NzI3OCIsInMiOiIwRkQzTEx2QThSR1RNZWtrQVltV1B3In0.d3BKU9p6Vkt6HYuANRVWjoONeTo9OUzFBI1yseEN_h8,77.59837,"['India', 'Karnataka', 'Bangalore']",Adzuna::API::Response::Location,"Bangalore, Karnataka",Kyndryl,Adzuna::API::Response::Company,Accounting & Finance Jobs,accounting-finance-jobs,Adzuna::API::Response::Category,,,,2026-10-05
2026-09-25T11:14:05Z,,13.06041,"In Person Bangalore, Karnataka, India Chennai, Tamil Nadu, India Full time R-66917 Who We Are At Kyndryl, we run and reimagine the mission-critical technology systems that drive advantage for the world's leading businesses. We are at the heart of progress; with proven expertise and a continuous flow of AI-powered insight, enabling smarter decisions, faster innovation, and a lasting competitive edge. For our people-Kyndryls-that means doing purposeful work that powers human progress. Join us and…",Adzuna::API::Response::Job,https://www.adzuna.in/details/5897951700?utm_medium=api&utm_source=7a21a92b,5897951700,Data Analyst / Engineer,0,eyJhbGciOiJIUzI1NiJ9.eyJpIjoiNTg5Nzk1MTcwMCIsInMiOiIwRkQzTEx2QThSR1RNZWtrQVltV1B3In0.bCmqcyoVAXpWsoRqJ4_lTNz0Urbl6JqNnVcqcA9VM9M,80.24963,"['India', 'Tamil Nadu', 'Chennai']",Adzuna::API::Response::Location,"Chennai, Tamil Nadu",Kyndryl,Adzuna::API::Response::Company,Accounting & Finance Jobs,accounting-finance-jobs,Adzuna::API::Response::Category,,,,2026-10-05
2026-09-30T21:19:29Z,full_time,,"The analyst will experience with Sales Cloud, Revenue Cloud, and Service Cloud to analy ze data involving accounts, contacts, opportunities , and other critical business data entities and processes. The analyst will translate business requirements and data-quality concerns into meaningful analysis, report s , dashboards, and recommendations. Key Responsibilities Data Quality Analysis & Monitoring Reporting & Dashboard Development Data Stewardship Support Data Governance & Documentation Business…",Adzuna::API::Response::Job,https://www.adzuna.in/details/5904046319?utm_medium=api&utm_source=7a21a92b,5904046319,Salesforce Data Analyst,0,eyJhbGciOiJIUzI1NiJ9.eyJzIjoiMEZEM0xMdkE4UkdUTWVra0FZbVdQdyIsImkiOiI1OTA0MDQ2MzE5In0.m7oKLAJXbcgPF4-52bxrV0LU1R4tayIGUFzq-XXU_Ks,,['India'],Adzuna::API::Response::Location,India,First Advantage,Adzuna::API::Response::Company,IT Jobs,it-jobs,Adzuna::API::Response::Category,,,,2026-10-05
2019-06-05T21:12:11Z,full_time,18.5062,"Description Requirements: Overall experience of 10 years with minimum 6 years data analysis experience MBA Finance or Similar background profile Ability to lead projects and work independently Must have the ability to write complex SQL, doing cohort analysis, comparative analysis etc . Experience working directly with business users to build reports, dashboards and solving business questions with data Experience with doing analysis using Python and Spark is a plus Experience with MicroStrategy …",Adzuna::API::Response::Job,https://www.adzuna.in/details/1171507819?utm_medium=api&utm_source=7a21a92b,1171507819,Sr. Data Analyst,0,eyJhbGciOiJIUzI1NiJ9.eyJpIjoxMTcxNTA3ODE5LCJzIjoiMEZEM0xMdkE4UkdUTWVra0FZbVdQdyJ9.gr2PLnWg5uGrHTf1c1_orBYv9AVQOTXKv0ikpeJy8gs,73.84735,"['India', 'Maharashtra', 'Pune']",Adzuna::API::Response::Location,"Pune, Maharashtra",Saama Technologies,Adzuna::API::Response::Company,IT Jobs,it-jobs,Adzuna::API::Response::Category,100000.0,1200000.0,,2026-10-05
2024-02-07T15:55:11Z,full_time,17.40275,"Daily and monthly responsibilities Review and coordinate with business application teams on data delivery requirements. Develop estimation and proposed delivery schedules in coordination with development team. Develop sourcing and data delivery designs. Review data model, metadata and delivery criteria for solution. Review and coordinate with team on test criteria and performance of testing. Contribute to the design, development and completion of project deliverables. Complete in-depth data ana…",Adzuna::API::Response::Job,https://www.adzuna.in/details/4560970995?utm_medium=api&utm_source=7a21a92b,4560970995,Data Analyst Lead,0,eyJhbGciOiJIUzI1NiJ9.eyJpIjoiNDU2MDk3MDk5NSIsInMiOiIwRkQzTEx2QThSR1RNZWtrQVltV1B3In0.TL3C-fFV2nWG0EgYIEt4BfjgcWO-HvLLXVEv-PEzu-o,78.50806,"['India', 'Telangana', 'Hyderabad']",Adzuna::API::Response::Location,"Hyderabad, Telangana",Technogen India PvtLtd,Adzuna::API::Response::Company,IT Jobs,it-jobs,Adzuna::API::Response::Category,2400000.0,2700000.0,,2026-10-05
2025-09-27T09:15:35Z,full_time,19.00821," DATA SOURCING & ANALYSIS EXPERT (L3 Support) – Mumbai  Are you ready to supercharge your Data Engineering career in the financial domain? We’re seeking a seasoned professional (5–7 years experience) to join our Mumbai team and lead in data sourcing, modelling, and analysis . If you’re passionate about solving complex challenges in Relational & Big Data ecosystems, this role is for you. What You’ll Be Doing Translate business needs into robust data models , program specs, and solutions Perform …",Adzuna::API::Response::Job,https://www.adzuna.in/details/5416883963?utm_medium=api&utm_source=7a21a92b,5416883963,Senior Data Analyst,0,eyJhbGciOiJIUzI1NiJ9.eyJpIjoiNTQxNjg4Mzk2MyIsInMiOiIwRkQzTEx2QThSR1RNZWtrQVltV1B3In0.lGgF-Czl5z6nETQl4sLL8PVeiEwyPpuvmJ7XUWASpA4,72.84415,"['India', 'Maharashtra', 'Mumbai']",Adzuna::API::Response::Location,"Mumbai, Maharashtra",Wissen Technology,Adzuna::API::Response::Company,IT Jobs,it-jobs,Adzuna::API::Response::Category,,,,2026-10-05
2023-07-06T14:16:47Z,full_time,19.00821,"Job Responsibilities: Excellent problem solving and analytical skills - ability to develop hypotheses, understand and interpret data within the context of the product / business - solve problems and distill data into actionable recommendations.  Strong communication skills with the ability to confidently work with cross- functional teams across the globe and to present information to all levels of the organization.  Intellectual and analytical curiosity - initiative to dig into the why, what …",Adzuna::API::Response::Job,https://www.adzuna.in/details/4192429586?utm_medium=api&utm_source=7a21a92b,4192429586,Senior Data Analyst,0,eyJhbGciOiJIUzI1NiJ9.eyJzIjoiMEZEM0xMdkE4UkdUTWVra0FZbVdQdyIsImkiOiI0MTkyNDI5NTg2In0.zYgfWVIrGmcoLZ9YsK5Z6cEeB9ntKT3CfcDfMCIQpnI,72.84415,"['India', 'Maharashtra', 'Mumbai']",Adzuna::API::Response::Location,"Mumbai, Maharashtra",Impact Guru,Adzuna::API::Response::Company,IT Jobs,it-jobs,Adzuna::API::Response::Category,500000.0,900000.0,,2026-10-05
2021-09-18T05:50:10Z,full_time,21.03681,"Make Business Trend Analysis based on past trends & current market conditions Working on Effective Budgeting of the Company Scheduling – Operational process improvisation. To Provide Business data Analysis & Intelligence support including to the Management. Identify Gaps, identify the problems, Analyse root cause and then suggest solutions which should increase the efficiency of the business process. Monthly Business transfer report. Ensure proper maintenance of historic data which can be made …",Adzuna::API::Response::Job,https://www.adzuna.in/details/2468164031?utm_medium=api&utm_source=7a21a92b,2468164031,Mis Data Analyst,0,eyJhbGciOiJIUzI1NiJ9.eyJzIjoiMEZEM0xMdkE4UkdUTWVra0FZbVdQdyIsImkiOiIyNDY4MTY0MDMxIn0.EIAw3nPYPHhED7H6kY1LThLyzFqA4IIX1mniew5JQaA,82.2359,"['India', 'Chhattisgarh', 'Raipur']",Adzuna::API::Response::Location,"Raipur, Chhattisgarh",Randstad India,Adzuna::API::Response::Company,IT Jobs,it-jobs,Adzuna::API::Response::Category,0.0,1400000.0,contract,2026-10-05
2024-01-07T15:07:48Z,full_time,,We are a mission-oriented high-growth fintech startup building payment & lending products to simplify education payments. Our suite of products makes education payments convenient & affordable for parents while simplifying & streamlining fee collections for educational institutes. We aim to be a category-defining company with a mission to be a trusted partner to parents in fulfilling their aspirations for their kids’ education. You can learn more about our mission in this video. We are backed b…,Adzuna::API::Response::Job,https://www.adzuna.in/details/4514376173?utm_medium=api&utm_source=7a21a92b,4514376173,Bussiness / Data Analyst,0,eyJhbGciOiJIUzI1NiJ9.eyJzIjoiMEZEM0xMdkE4UkdUTWVra0FZbVdQdyIsImkiOiI0NTE0Mzc2MTczIn0.kYLDeniOiBiAXSasFBUo9dkNQKzQkPqPq_s774TyTGw,,"['India', 'Karnataka', 'Bangalore']",Adzuna::API::Response::Location,"Bangalore, Karnataka",Qrata,Adzuna::API::Response::Company,IT Jobs,it-jobs,Adzuna::API::Response::Category,1500000.0,1800000.0,,2026-10-05
2022-05-16T05:27:57Z,full_time,,"Role and Responsibilities Own the product analytics of bidgely’s end user-facing products, measure and identify areas of improvement through data Liaise with Product Managers and Business Leaders to understand the product issues, priorities and hence support them through relevant product analytics Own the automation of product analytics through good SQL knowledge Develop early warning metrics for production and highlight issues and breakdowns for resolution Resolve client escalations and concer…",Adzuna::API::Response::Job,https://www.adzuna.in/details/3138985665?utm_medium=api&utm_source=7a21a92b,3138985665,Lead Data Analyst,0,eyJhbGciOiJIUzI1NiJ9.eyJzIjoiMEZEM0xMdkE4UkdUTWVra0FZbVdQdyIsImkiOiIzMTM4OTg1NjY1In0.fMiXkO4TmenxPsWGyUUa3JwgtXe3F-YBiQA6Z4reU-Y,,"['India', 'Karnataka', 'Bangalore']",Adzuna::API::Response::Location,"Bangalore, Karnataka",wrackle,Adzuna::API::Response::Company,IT Jobs,it-jobs,Adzuna::API::Response::Category,2000000.0,4000000.0,,2026-10-05
2023-10-27T14:50:38Z,full_time,17.40275,"0 to 3 years of experience (or equivalent understanding of data analysis & operations) Strong critical thinking mindset and willingness to do whatever it takes to complete the job Strong communication skills in English Familiarity with Microsoft Excel, Google Spreadsheets or equivalent tool (VLOOKUPS, formulas, macros) Willingness and interest in learning new tech/processes (Python, Jupyter, Airflow, etc.) This role represents 3 vacancies. Willingness and commitment to learn is most important. …",Adzuna::API::Response::Job,https://www.adzuna.in/details/4397462772?utm_medium=api&utm_source=7a21a92b,4397462772,Data Analyst and Operations,0,eyJhbGciOiJIUzI1NiJ9.eyJpIjoiNDM5NzQ2Mjc3MiIsInMiOiIwRkQzTEx2QThSR1RNZWtrQVltV1B3In0.Of5hndgFqsGOnzWye9lke5Ixg5uAdan6yjoi8cXKMBA,78.50806,"['India', 'Telangana', 'Hyderabad']",Adzuna::API::Response::Location,"Hyderabad, Telangana",Orbital,Adzuna::API::Response::Company,IT Jobs,it-jobs,Adzuna::API::Response::Category,300000.0,1000000.0,,2026-10-05
2026-02-19T04:20:04Z,full_time,,"Roles & Responsibilities: Transcribe audio or video recordings into text accurately and efficiently. Review and edit transcriptions for grammar, clarity, and formatting. Verify data for accuracy and correct any errors or inconsistencies. Perform video annotation by labeling and categorizing visual content according to project guidelines. Conduct image annotation , including tagging, bounding boxes, segmentation, and classification tasks. Participate in voice data collection projects following s…",Adzuna::API::Response::Job,https://www.adzuna.in/details/5635271678?utm_medium=api&utm_source=7a21a92b,5635271678,AI Data Analyst,0,eyJhbGciOiJIUzI1NiJ9.eyJpIjoiNTYzNTI3MTY3OCIsInMiOiIwRkQzTEx2QThSR1RNZWtrQVltV1B3In0.0rbwnxWBzTnq9UBQN3AKjeocfbYycK9O7XTWRR3lOg4,,['India'],Adzuna::API::Response::Location,India,SOURCBOX SOLUTION,Adzuna::API::Response::Company,IT Jobs,it-jobs,Adzuna::API::Response::Category,,,,2026-10-05
2026-04-30T02:10:13Z,full_time,19.00821,"Description About KPMG in India KPMG entities in India are professional services firm(s). These Indian member firms are affiliated with KPMG International Limited. KPMG was established in India in August 1993. Our professionals leverage the global network of firms, and are conversant with local laws, regulations, markets and competition. KPMG has offices across India in Ahmedabad, Bengaluru, Chandigarh, Chennai, Gurugram, Jaipur, Hyderabad, Jaipur, Kochi, Kolkata, Mumbai, Noida, Pune, Vadodara …",Adzuna::API::Response::Job,https://www.adzuna.in/details/5713881225?utm_medium=api&utm_source=7a21a92b,5713881225,Senior - Data Analyst,0,eyJhbGciOiJIUzI1NiJ9.eyJzIjoiMEZEM0xMdkE4UkdUTWVra0FZbVdQdyIsImkiOiI1NzEzODgxMjI1In0.p4DgYq3jnlMsOlEbNSrl4d8YMdZGmAy1WK3H6Lne-6M,72.84415,"['India', 'Maharashtra', 'Mumbai']",Adzuna::API::Response::Location,"Mumbai, Maharashtra",BSR & Co,Adzuna::API::Response::Company,IT Jobs,it-jobs,Adzuna::API::Response::Category,,,,2026-10-05
2026-06-07T02:19:50Z,full_time,,"Description Lead complex data analysis projects, interpreting large datasets to extract actionable insights for business stakeholders. Responsibilities Collect, clean, analyze large datasets, create dashboards, develop predictive models, assist in decisionmaking Qualifications Bachelor's/Master's in any stream 5-8 years",Adzuna::API::Response::Job,https://www.adzuna.in/details/5754765939?utm_medium=api&utm_source=7a21a92b,5754765939,Senior Data Analyst,0,eyJhbGciOiJIUzI1NiJ9.eyJzIjoiMEZEM0xMdkE4UkdUTWVra0FZbVdQdyIsImkiOiI1NzU0NzY1OTM5In0.xu1k9CAXXRLelxIpqOc-UmNE6YL6ZG9OfJVXYiejRmE,,['India'],Adzuna::API::Response::Location,India,EXL,Adzuna::API::Response::Company,IT Jobs,it-jobs,Adzuna::API::Response::Category,,,,2026-10-05
2026-07-11T03:36:36Z,full_time,18.5062,"Description About KPMG in India KPMG entities in India are professional services firm(s). These Indian member firms are affiliated with KPMG International Limited. KPMG was established in India in August 1993. Our professionals leverage the global network of firms, and are conversant with local laws, regulations, markets and competition. KPMG has offices across India in Ahmedabad, Bengaluru, Chandigarh, Chennai, Gurugram, Jaipur, Hyderabad, Jaipur, Kochi, Kolkata, Mumbai, Noida, Pune, Vadodara …",Adzuna::API::Response::Job,https://www.adzuna.in/details/5796206192?utm_medium=api&utm_source=7a21a92b,5796206192,Senior - Data Analyst,0,eyJhbGciOiJIUzI1NiJ9.eyJpIjoiNTc5NjIwNjE5MiIsInMiOiIwRkQzTEx2QThSR1RNZWtrQVltV1B3In0.XQ9udjQztGh0r00vK0I7MvA0YV1fztBT8Jx62315huA,73.84735,"['India', 'Maharashtra', 'Pune']",Adzuna::API::Response::Location,"Pune, Maharashtra",BSR & Co,Adzuna::API::Response::Company,Legal Jobs,legal-jobs,Adzuna::API::Response::Category,,,,2026-10-05
2026-07-17T03:09:37Z,full_time,,We’re looking for people who put their innovation to work to advance our success – and their own. Join an organization that ensures a more secure world through connecting and protecting our customers with inventive electrical solutions. We’re looking for people who put their innovation to work to advance our success – and their own. Join an organization that ensures a more secure world through connecting and protecting our customers with inventive electrical solutions. What YOU WILL EXPERIENCE …,Adzuna::API::Response::Job,https://www.adzuna.in/details/5803745878?utm_medium=api&utm_source=7a21a92b,5803745878,Pricing Data Analyst,0,eyJhbGciOiJIUzI1NiJ9.eyJpIjoiNTgwMzc0NTg3OCIsInMiOiIwRkQzTEx2QThSR1RNZWtrQVltV1B3In0.RsBOSI6aCz9YLGuvt2qzIBzO45gumv-80qg50tgrAKM,,['India'],Adzuna::API::Response::Location,India,nVent,Adzuna::API::Response::Company,IT Jobs,it-jobs,Adzuna::API::Response::Category,,,,2026-10-05
2026-07-27T03:18:51Z,full_time,29.215022,"Description Assist in gathering, cleaning, and analyzing data, and assist in creating reports that support business decision-making. Responsibilities Gather data from various sources, clean and preprocess data, create data reports, support data model creation Qualifications Bachelor's/Master's in any stream 0-2 years",Adzuna::API::Response::Job,https://www.adzuna.in/details/5816824116?utm_medium=api&utm_source=7a21a92b,5816824116,Associate - Data Analyst,0,eyJhbGciOiJIUzI1NiJ9.eyJpIjoiNTgxNjgyNDExNiIsInMiOiIwRkQzTEx2QThSR1RNZWtrQVltV1B3In0.8SwRQKEqZJeTTU6MM7CUQNysws89lHDU2gXaR2D8c4A,76.542624,['India'],Adzuna::API::Response::Location,India,EXL,Adzuna::API::Response::Company,IT Jobs,it-jobs,Adzuna::API::Response::Category,,,,2026-10-05
2026-08-07T07:30:27Z,,13.06041,"Responsible for leveraging data-driven insights to inform strategic decision-making processes within the organization. Your primary focus will be on answering complex business questions by identifying the right dataset, analyzing complex datasets, developing predictive models, and providing actionable recommendations to improve business outcomes. Responsibilities Leveraging data-driven insights: Use data to inform strategic decision-making processes within our organization. Employ various analy…",Adzuna::API::Response::Job,https://www.adzuna.in/details/5831400667?utm_medium=api&utm_source=7a21a92b,5831400667,Senior Data Analyst,0,eyJhbGciOiJIUzI1NiJ9.eyJzIjoiMEZEM0xMdkE4UkdUTWVra0FZbVdQdyIsImkiOiI1ODMxNDAwNjY3In0.xDDlbQQ-cGKwuwE79fpzV2F6Z68kuELct3tSDhFFkbU,80.24963,"['India', 'Tamil Nadu', 'Chennai']",Adzuna::API::Response::Location,"Chennai, Tamil Nadu",Valeo,Adzuna::API::Response::Company,"Energy, Oil & Gas Jobs",energy-oil-gas-jobs,Adzuna::API::Response::Category,,,,2026-10-05
2026-08-08T07:31:04Z,,18.5062,"Skills 2-4 years of experience in operational data analytics and visualization Proficiency in Tableau (Desktop, Server, and Prep), MS Excel, and SQL (Oracle, Hive, MySQL ) Bachelors degree in Computer Science, Statistics, Mathematics, Engineering, Business, or a related field Ability to analyze complex datasets, identify trends, and provide actionable insights Familiarity with Python, R, or SAS for data analysis and automation Experience with Tableau Server administration and performance tuning…",Adzuna::API::Response::Job,https://www.adzuna.in/details/5832798136?utm_medium=api&utm_source=7a21a92b,5832798136,Operational Data Analyst,0,eyJhbGciOiJIUzI1NiJ9.eyJzIjoiMEZEM0xMdkE4UkdUTWVra0FZbVdQdyIsImkiOiI1ODMyNzk4MTM2In0.GA9OGs2xMDxg2cvpejM1eM9a9bYV2OkiAqrCmvA6Jsc,73.84735,"['India', 'Maharashtra', 'Pune']",Adzuna::API::Response::Location,"Pune, Maharashtra",Milestone Online Technology,Adzuna::API::Response::Company,IT Jobs,it-jobs,Adzuna::API::Response::Category,,,,2026-10-05
2026-08-08T07:31:04Z,,,"Skills 2-4 years of experience in operational data analytics and visualization Proficiency in Tableau (Desktop, Server, and Prep), MS Excel, and SQL (Oracle, Hive, MySQL ) Bachelors degree in Computer Science, Statistics, Mathematics, Engineering, Business, or a related field Ability to analyze complex datasets, identify trends, and provide actionable insights Familiarity with Python, R, or SAS for data analysis and automation Experience with Tableau Server administration and performance tuning…",Adzuna::API::Response::Job,https://www.adzuna.in/details/5832798138?utm_medium=api&utm_source=7a21a92b,5832798138,Operational Data Analyst,0,eyJhbGciOiJIUzI1NiJ9.eyJpIjoiNTgzMjc5ODEzOCIsInMiOiIwRkQzTEx2QThSR1RNZWtrQVltV1B3In0.cQs6idu2PAq6i1xcvEuaoySEoCXj3tqcYHwrT2IRHOk,,"['India', 'Karnataka', 'Bangalore']",Adzuna::API::Response::Location,"Bangalore, Karnataka",Milestone Online Technology,Adzuna::API::Response::Company,IT Jobs,it-jobs,Adzuna::API::Response::Category,,,,2026-10-05
2026-08-08T07:31:05Z,,22.57285,"Skills 2-4 years of experience in operational data analytics and visualization Proficiency in Tableau (Desktop, Server, and Prep), MS Excel, and SQL (Oracle, Hive, MySQL ) Bachelors degree in Computer Science, Statistics, Mathematics, Engineering, Business, or a related field Ability to analyze complex datasets, identify trends, and provide actionable insights Familiarity with Python, R, or SAS for data analysis and automation Experience with Tableau Server administration and performance tuning…",Adzuna::API::Response::Job,https://www.adzuna.in/details/5832798151?utm_medium=api&utm_source=7a21a92b,5832798151,Operational Data Analyst,0,eyJhbGciOiJIUzI1NiJ9.eyJzIjoibkVnS0xydkE4UkdWZG9nTEoyT3I3USIsImkiOiI1ODMyNzk4MTUxIn0.TgPUgKwc4vTS-LukXEArf_o4uxvW_JFmKs27_rxgbxQ,88.34373,"['India', 'West Bengal', 'Kolkata']",Adzuna::API::Response::Location,"Kolkata, West Bengal",Milestone Online Technology,Adzuna::API::Response::Company,IT Jobs,it-jobs,Adzuna::API::Response::Category,,,,2026-10-05
2026-08-09T20:47:54Z,full_time,,"Valeo is a tech global company, designing breakthrough solutions to reinvent the mobility. We are an automotive supplier partner to automakers and new mobility actors worldwide. Our vision? Invent a greener and more secured mobility, thanks to solutions focusing on intuitive driving and reducing CO2 emissions. We are leader on our businesses, and recognized as one of the largest global innovative companies. Mission ● Responsible for leveraging data-driven insights to inform strategic decision-m…",Adzuna::API::Response::Job,https://www.adzuna.in/details/5834751705?utm_medium=api&utm_source=7a21a92b,5834751705,Senior Data Analyst,0,eyJhbGciOiJIUzI1NiJ9.eyJzIjoibkVnS0xydkE4UkdWZG9nTEoyT3I3USIsImkiOiI1ODM0NzUxNzA1In0.FxqBzPlBk0jcQf_7PXwOZ7UdpgyvS-PnXYRwUTnfpsM,,['India'],Adzuna::API::Response::Location,India,Valeo,Adzuna::API::Response::Company,Engineering Jobs,engineering-jobs,Adzuna::API::Response::Category,,,contract,2026-10-05
2026-08-14T07:33:48Z,,,"Create business impact by working on strategic initiatives in Gojek focussed on analysis and experimentation. Build maintain dashboards for tracking business performance and product adoption. Deliver insight, analysis using statistical tools, data visualization, and business use case to product and business team. Partner closely with Product Managers and Business teams to help them make decisions. Handle Gojek Product and Business team in identifying product or business opportunities and suppor…",Adzuna::API::Response::Job,https://www.adzuna.in/details/5841129918?utm_medium=api&utm_source=7a21a92b,5841129918,Senior Data Analyst,0,eyJhbGciOiJIUzI1NiJ9.eyJzIjoibkVnS0xydkE4UkdWZG9nTEoyT3I3USIsImkiOiI1ODQxMTI5OTE4In0.fbx3Zwo-FkZwNv5_Q9SVZVj0g3ewIUvuZil3cLXTkxw,,"['India', 'Karnataka', 'Bangalore']",Adzuna::API::Response::Location,"Bangalore, Karnataka",Tokopedia,Adzuna::API::Response::Company,IT Jobs,it-jobs,Adzuna::API::Response::Category,,,,2026-10-05
2026-08-22T07:33:50Z,,17.40275,"Support Clarion performance analytics team with AuM and performance reporting for a high growth open-end and closed end real estate product line. Liaison between fund administrators and US based parent company to facilitate efficient data transfer to CP US systems. Transition Europe funds to CP US systems. Support capital raise and client services, including bespoke reporting, preparing recurring marketing materials, RFP, RFI and due diligence information requests. Support Investor and consulta…",Adzuna::API::Response::Job,https://www.adzuna.in/details/5851860943?utm_medium=api&utm_source=7a21a92b,5851860943,Reporting and Data Analyst,0,eyJhbGciOiJIUzI1NiJ9.eyJpIjoiNTg1MTg2MDk0MyIsInMiOiJuRWdLTHJ2QThSR1Zkb2dMSjJPcjdRIn0.PlnF6voGiSU5l_JbGZcLfLNYCRSQiVxBvkFNqLV8dAs,78.50806,"['India', 'Telangana', 'Hyderabad']",Adzuna::API::Response::Location,"Hyderabad, Telangana",Franklin Templeton,Adzuna::API::Response::Company,Accounting & Finance Jobs,accounting-finance-jobs,Adzuna::API::Response::Category,,,,2026-10-05
2026-08-08T07:33:39Z,,,"What You ll Bring A keen analytical mind and advanced problem-solving skills coupled with a commitment to extraordinary customer experience. Excellent verbal and written communication skills. Knowledge of ticketing tool. (Salesforce ticketing tool is a plus) Excellent customer service skills and a positive attitude. A passion for technology. Proven aptitude in managing multiple tasks in a fast-paced, dynamic environment while meeting critical SLAs and deadlines. Display strong teamwork and inte…",Adzuna::API::Response::Job,https://www.adzuna.in/details/5832800266?utm_medium=api&utm_source=7a21a92b,5832800266,Data Analyst II,0,eyJhbGciOiJIUzI1NiJ9.eyJpIjoiNTgzMjgwMDI2NiIsInMiOiJuRWdLTHJ2QThSR1Zkb2dMSjJPcjdRIn0.NtxEIriEBpTS2mKGKaolcucCnXjsXu9d0BURCNGSwsc,,"['India', 'Karnataka', 'Bangalore']",Adzuna::API::Response::Location,"Bangalore, Karnataka",DealerSocket,Adzuna::API::Response::Company,IT Jobs,it-jobs,Adzuna::API::Response::Category,,,,2026-10-05
2026-08-12T20:41:48Z,full_time,,"Position Summary We are seeking a highly analytical and strategic Talent Acquisition Operations & Analytics Manager to drive recruitment reporting, operational excellence, workforce analytics, and global TA programs. This role will be responsible for designing executive dashboards, generating insights for Monthly Business Reviews (MBRs) and Quarterly Business Reviews (QBRs), managing global stakeholder relationships, driving cross-functional initiatives, and leveraging AI-enabled solutions to i…",Adzuna::API::Response::Job,https://www.adzuna.in/details/5838432987?utm_medium=api&utm_source=7a21a92b,5838432987,"Senior, Data Analyst",0,eyJhbGciOiJIUzI1NiJ9.eyJzIjoibkVnS0xydkE4UkdWZG9nTEoyT3I3USIsImkiOiI1ODM4NDMyOTg3In0._DcOnIGthQM5SJS-gJfZDUZAHnQ9njEbEG6WhXuVXDo,,['India'],Adzuna::API::Response::Location,India,WM Global Technology Services India,Adzuna::API::Response::Company,HR & Recruitment Jobs,hr-jobs,Adzuna::API::Response::Category,,,,2026-10-05
2026-08-28T07:38:07Z,,28.56579,"Perform basic data analysis, clean datasets assist with reporting, support the analytics team with data-driven insights. Data Collection and Cleaning: Gather data from various sources including surveys, databases, and other market research tools Data Analysis and Interpretation: Analyse quantitative and qualitative data to identify trends, patterns, and insights Assist in developing dashboards, visualisations, and reports to present findings effectively Market Insights Support: Collaborate with…",Adzuna::API::Response::Job,https://www.adzuna.in/details/5859124162?utm_medium=api&utm_source=7a21a92b,5859124162,Data Analyst - Intern,0,eyJhbGciOiJIUzI1NiJ9.eyJpIjoiNTg1OTEyNDE2MiIsInMiOiJuRWdLTHJ2QThSR1Zkb2dMSjJPcjdRIn0.Rq0bEmidOGutglup2EnZAn9-69pfq0vK4KKLmGja6is,77.3225,"['India', 'Uttar Pradesh', 'Ghaziabad', 'Noida']",Adzuna::API::Response::Location,"Noida, Ghaziabad",Claight Corporation Expert Market Research,Adzuna::API::Response::Company,IT Jobs,it-jobs,Adzuna::API::Response::Category,,,,2026-10-05
2026-08-28T07:38:10Z,,18.5062,"Key Responsibilities: Business Collaboration: Gather requirements, understand data needs, and translate complex business questions into actionable analytics solutions. Dashboard & Reporting: Build, maintain, and optimize Tableau dashboards, Smartsheets, and Salesforce reports. Take ownership of existing dashboards and develop new interactive dashboards. Data Pipeline Support: Collaborate with data engineers to enhance data pipelines, transitioning manual processes toward automation. Data Qualit…",Adzuna::API::Response::Job,https://www.adzuna.in/details/5859124426?utm_medium=api&utm_source=7a21a92b,5859124426,Data Analyst (Tableau),0,eyJhbGciOiJIUzI1NiJ9.eyJzIjoibkVnS0xydkE4UkdWZG9nTEoyT3I3USIsImkiOiI1ODU5MTI0NDI2In0.e2PhRk5P_DbMOkl0BIxWFMEcGORu4us-zmPAISymOxw,73.84735,"['India', 'Maharashtra', 'Pune']",Adzuna::API::Response::Location,"Pune, Maharashtra",SailPoint Technologies,Adzuna::API::Response::Company,IT Jobs,it-jobs,Adzuna::API::Response::Category,,,,2026-10-05
2026-08-29T07:41:05Z,,19.00821,"We are looking for smart & creative candidates who want to Learn and Grow, and to Innovate because they love the challenge of solving business problems Join our team of Engineers and be a part of our reforming BusinessNext Platform Within this realm of cutting-edge technology, you'll play a pivotal role in shaping the future of digital innovation on a global scale Objectives aligned to this role: To develop innovative data visualizations, improve data quality, and collaborate seamlessly with di…",Adzuna::API::Response::Job,https://www.adzuna.in/details/5860539948?utm_medium=api&utm_source=7a21a92b,5860539948,Engineer - Data Analyst,0,eyJhbGciOiJIUzI1NiJ9.eyJzIjoibkVnS0xydkE4UkdWZG9nTEoyT3I3USIsImkiOiI1ODYwNTM5OTQ4In0.VTq8GUwUtpye1IEljUXnvWpcNaaTjaf9gJv-oj18xKs,72.84415,"['India', 'Maharashtra', 'Mumbai']",Adzuna::API::Response::Location,"Mumbai, Maharashtra",BUSINESSNEXT,Adzuna::API::Response::Company,IT Jobs,it-jobs,Adzuna::API::Response::Category,,,,2026-10-05
2026-08-30T07:39:36Z,,28.323996,"Key Deliverables: Perform data analysis, statistical modeling, and manipulation on large datasets. Optimize queries and scripts across SQL/NoSQL/Snowflake environments. Create dashboards and reports using Power BI and other visualization tools. Collaborate with stakeholders to translate business requirements into analytical solutions. Role Responsibilities: Develop and implement models and data solutions using Python/R/SAS. Maintain and tune database performance, including scripting and admin t…",Adzuna::API::Response::Job,https://www.adzuna.in/details/5861793318?utm_medium=api&utm_source=7a21a92b,5861793318,Senior Data Analyst,0,eyJhbGciOiJIUzI1NiJ9.eyJzIjoibkVnS0xydkE4UkdWZG9nTEoyT3I3USIsImkiOiI1ODYxNzkzMzE4In0.CDxjFes-RlU-0yWT9ezT3AkqKVKEfy72B2R590DQK4E,76.983738,"['India', 'Haryana', 'Gurgaon']",Adzuna::API::Response::Location,"Gurgaon, Haryana",IGT Solutions,Adzuna::API::Response::Company,IT Jobs,it-jobs,Adzuna::API::Response::Category,,,,2026-10-05
2026-09-01T07:03:11Z,,22.2891,About the job Gridscape Solutions is a leading renewable energy systems provider specializing in Microgrid and EV charging solutions designed to lower greenhouse gas emissions in California by leveraging locally generated green energy Our modular microgrids are supported by a cloudbased software platform that integrates realtime energy usage market data and utility tariffs with an AIdriven optimization engine for maximum energy efficiency With over 50 operational microgrids across California an…,Adzuna::API::Response::Job,https://www.adzuna.in/details/5863635689?utm_medium=api&utm_source=7a21a92b,5863635689,Junior Data Analyst,0,eyJhbGciOiJIUzI1NiJ9.eyJpIjoiNTg2MzYzNTY4OSIsInMiOiJuRWdLTHJ2QThSR1Zkb2dMSjJPcjdRIn0.10brozOK6YKora-yRE_zW9cJ1-ktOZXuUW-X1bfJBto,73.1924,"['India', 'Gujarat', 'Vadodara']",Adzuna::API::Response::Location,"Vadodara, Gujarat",Gridscape Solutions,Adzuna::API::Response::Company,IT Jobs,it-jobs,Adzuna::API::Response::Category,,,,2026-10-05
2026-09-01T21:06:28Z,,19.00821,"Description Position at DNEG Data Analytics Manager – HR Analytics Role Summary We are looking for a Data Analytics Manager – HR Analytics to lead the development of people analytics and workforce insights across the organization. This role will partner closely with HR, T a lent Acquisition, Finance, and business leaders to provide data-driven insights that support strategic decision-making. The ideal candidate will have strong analytical skills, experience working with HR data, and the ability…",Adzuna::API::Response::Job,https://www.adzuna.in/details/5864862490?utm_medium=api&utm_source=7a21a92b,5864862490,Data Analyst - HR,0,eyJhbGciOiJIUzI1NiJ9.eyJpIjoiNTg2NDg2MjQ5MCIsInMiOiJuRWdLTHJ2QThSR1Zkb2dMSjJPcjdRIn0._2vPoc2nOMrSSNlNO-zj7Cp3PHQ25Wdn0celVjWoQJc,72.84415,"['India', 'Maharashtra', 'Mumbai']",Adzuna::API::Response::Location,"Mumbai, Maharashtra",DNEG,Adzuna::API::Response::Company,HR & Recruitment Jobs,hr-jobs,Adzuna::API::Response::Category,,,,2026-10-05
2026-09-04T07:34:35Z,,,"Skills Minimum 3 years of relevant work experience with a proven track record of designing, developing and deploying analytics solutions in commercial setting Proficiency in Python & SQL (must) - 3 yrs Knowledge of various modelling algorithms e.g. Regression and Classification, Time Series Models Strong in Machine Learning, NLP & Computer Vision Mandatory Skills: Natural Language Processing (NLP) LLM AWS Skills: Nlp, Llm, Aws Experience: 3.00-5.00 Years",Adzuna::API::Response::Job,https://www.adzuna.in/details/5869814078?utm_medium=api&utm_source=7a21a92b,5869814078,Sr. Data Analyst,0,eyJhbGciOiJIUzI1NiJ9.eyJpIjoiNTg2OTgxNDA3OCIsInMiOiJuRWdLTHJ2QThSR1Zkb2dMSjJPcjdRIn0.B0CUBQvNja_GvNCVr53gmdIe6kCbOf6vb0XXsSr8KJM,,"['India', 'Karnataka', 'Bangalore']",Adzuna::API::Response::Location,"Bangalore, Karnataka",Sagility India Private limited,Adzuna::API::Response::Company,IT Jobs,it-jobs,Adzuna::API::Response::Category,,,,2026-10-05
2026-07-25T03:13:05Z,full_time,13.06041,"It's fun to work in a company where people truly BELIEVE in what they're doing! Job Description: Position Summary: The Principal, Data Analytics will play a critical role in developing advanced analytical and machine learning solutions that support strategic initiatives across Sales, Vendor Management, Cloud, eCommerce, Finance, and Supply Chain. This role combines hands‑on modeling, deep analytical thinking, and strong business partnership. Your role: Break down highly complex, ambiguous busin…",Adzuna::API::Response::Job,https://www.adzuna.in/details/5814393049?utm_medium=api&utm_source=7a21a92b,5814393049,Principal Data Analyst,0,eyJhbGciOiJIUzI1NiJ9.eyJzIjoibkVnS0xydkE4UkdWZG9nTEoyT3I3USIsImkiOiI1ODE0MzkzMDQ5In0.JcWdRk4aGvEjSH7nC50qgywU48NQSHByZRxD7lB1PdM,80.24963,"['India', 'Tamil Nadu', 'Chennai']",Adzuna::API::Response::Location,"Chennai, Tamil Nadu",Ingram Micro,Adzuna::API::Response::Company,IT Jobs,it-jobs,Adzuna::API::Response::Category,,,,2026-10-05
2026-09-09T16:12:51Z,full_time,,"The .NET Full Stack Engineer will be responsible for developing, enhancing, and maintaining enterprise business applications across multiple technology stacks. The role involves working with both legacy and modern .NET Framework and .NET to build scalable and reliable applications. The engineer will design and maintain APIs, develop full-stack solutions, manage databases, and ensure the stability of application environments across on-premises and cloud infrastructure. The role also includes bui…",Adzuna::API::Response::Job,https://www.adzuna.in/details/5876949172?utm_medium=api&utm_source=7a21a92b,5876949172,Data Analyst II,0,eyJhbGciOiJIUzI1NiJ9.eyJpIjoiNTg3Njk0OTE3MiIsInMiOiJuRWdLTHJ2QThSR1Zkb2dMSjJPcjdRIn0.H_lxMmsePZQYUzJnT2nRHt-zctoCQ1xbt2VgofPxBaA,,"['India', 'Karnataka', 'Bangalore']",Adzuna::API::Response::Location,"Bangalore, Karnataka",FedEx,Adzuna::API::Response::Company,IT Jobs,it-jobs,Adzuna::API::Response::Category,,,,2026-10-05
2026-09-11T07:38:41Z,,13.06041,What You Will Be Doing: Conducting thorough data analysis to support clinical trial design and execution. Collaborating with cross-functional teams to identify opportunities for data-driven innovation and optimization within clinical research. Interpreting complex datasets to derive insights and inform strategic decision-making. Assisting in the development of data visualization and reporting tools to effectively communicate findings. Establishing partnerships with stakeholders to leverage data…,Adzuna::API::Response::Job,https://www.adzuna.in/details/5879141463?utm_medium=api&utm_source=7a21a92b,5879141463,Data Analyst II,0,eyJhbGciOiJIUzI1NiJ9.eyJzIjoibkVnS0xydkE4UkdWZG9nTEoyT3I3USIsImkiOiI1ODc5MTQxNDYzIn0.ceFRij0Z9W6KjyjOPmOZFLIpgHqnMdiEMaFmrJrfgDU,80.24963,"['India', 'Tamil Nadu', 'Chennai']",Adzuna::API::Response::Location,"Chennai, Tamil Nadu",ICON plc,Adzuna::API::Response::Company,Scientific & QA Jobs,scientific-qa-jobs,Adzuna::API::Response::Category,,,,2026-10-05
2026-09-11T07:37:42Z,,,"As a SharePoint Developer, you utilize your in-depth technical knowledge of the SharePoint Platform along with Power Platform for developing, testing and managing the SharePoint sites & PowerApps applications. Design, customise and execute exceptional SharePoint-developed websites as per the user needs and requirements. Create custom designs and intranets for the user as per the basic needs. Improve the overall business process and operational level functioning of an organisation using SharePoi…",Adzuna::API::Response::Job,https://www.adzuna.in/details/5879138750?utm_medium=api&utm_source=7a21a92b,5879138750,Lead - Data Analyst,0,eyJhbGciOiJIUzI1NiJ9.eyJzIjoibkVnS0xydkE4UkdWZG9nTEoyT3I3USIsImkiOiI1ODc5MTM4NzUwIn0.H5RMMOjzvixio23s189OxJf9JE9u6MJeQLU5jB5-8No,,"['India', 'Karnataka', 'Bangalore']",Adzuna::API::Response::Location,"Bangalore, Karnataka",AtkinsRealis,Adzuna::API::Response::Company,IT Jobs,it-jobs,Adzuna::API::Response::Category,,,,2026-10-05
2026-09-10T07:40:49Z,,13.06041,"Key Responsibilities: Descriptive & Diagnostic Analysis : Provide actionable insights, trend and variance analyses across product lines (cross-sell, collections, etc.). Stakeholder Support : Assist business stakeholders by performing data pulls and basic manipulations to help derive operational insights. Reporting Automation : Identify recurring data/reporting needs and collaborate with the Tableau team to build dashboards and automate reports. Cross-functional Insights : Translate product/func…",Adzuna::API::Response::Job,https://www.adzuna.in/details/5877847628?utm_medium=api&utm_source=7a21a92b,5877847628,Data Analyst - Credit,0,eyJhbGciOiJIUzI1NiJ9.eyJzIjoibkVnS0xydkE4UkdWZG9nTEoyT3I3USIsImkiOiI1ODc3ODQ3NjI4In0.Gts-QRn4QTdTlNa8fiVkch_8TzQrcQPlV6GRfEQBfHM,80.24963,"['India', 'Tamil Nadu', 'Chennai']",Adzuna::API::Response::Location,"Chennai, Tamil Nadu",Tvs Credit Services Ltd,Adzuna::API::Response::Company,IT Jobs,it-jobs,Adzuna::API::Response::Category,,,,2026-10-05
2026-09-11T07:40:47Z,,,"Cross-Functional Collaboration Collaborate with various teams across the organization to maintain, enhance, and harmonize master data systems and processes. Data Quality & Integrity Ensure master data quality by performing root cause analysis, implementing corrective actions, and regularly reviewing key parameters such as yield, lead time, buffer stocks, and vendor costs. Automation & Process Improvement Drive automation and harmonization of data maintenance processes to improve efficiency and …",Adzuna::API::Response::Job,https://www.adzuna.in/details/5879146293?utm_medium=api&utm_source=7a21a92b,5879146293,Senior Data Analyst,0,eyJhbGciOiJIUzI1NiJ9.eyJzIjoibkVnS0xydkE4UkdWZG9nTEoyT3I3USIsImkiOiI1ODc5MTQ2MjkzIn0.GzfdcZtX86ZmAePxQ-lKVyhoG0-la1c9k8DvgOp59w0,,"['India', 'Karnataka', 'Bangalore']",Adzuna::API::Response::Location,"Bangalore, Karnataka",Renesas,Adzuna::API::Response::Company,IT Jobs,it-jobs,Adzuna::API::Response::Category,,,,2026-10-05
2026-09-14T16:13:06Z,full_time,13.06041,"Own end‑to‑end integration specifications for all global reports Define how data flows between systems and into the reporting layer Validate and reconcile data across source systems and reporting outputs Act as the central point of ownership for reporting logic and assumptions Own assumptions, calculations, and logic behind all reported financial metrics Ensure reports support finance use cases such as: Management reporting Actuals vs budget vs forecast Project and margin reporting Revenue, cos…",Adzuna::API::Response::Job,https://www.adzuna.in/details/5883489655?utm_medium=api&utm_source=7a21a92b,5883489655,Senior Data Analyst,0,eyJhbGciOiJIUzI1NiJ9.eyJpIjoiNTg4MzQ4OTY1NSIsInMiOiJuRWdLTHJ2QThSR1Zkb2dMSjJPcjdRIn0.XB3h2EjC--QOIYlt0qnIgFyuWlw-Tt74YwoG-gSd-wQ,80.24963,"['India', 'Tamil Nadu', 'Chennai']",Adzuna::API::Response::Location,"Chennai, Tamil Nadu",Prose on Pixels,Adzuna::API::Response::Company,Accounting & Finance Jobs,accounting-finance-jobs,Adzuna::API::Response::Category,,,,2026-10-05
2026-09-18T21:50:23Z,,,"Level Up Your Career with Zynga! At Zynga, we bring people together through the power of play. As a global leader in interactive entertainment and a proud label of Take-Two Interactive, our games have been downloaded over 6 billion times—connecting players in 175 countries through fun, strategy, and a little friendly competition. From thrilling casino spins to epic strategy battles, mind-bending puzzles, and social word challenges, our diverse game portfolio has something for everyone. Fan-favo…",Adzuna::API::Response::Job,https://www.adzuna.in/details/5889555928?utm_medium=api&utm_source=7a21a92b,5889555928,Senior Data Analyst,0,eyJhbGciOiJIUzI1NiJ9.eyJzIjoibkVnS0xydkE4UkdWZG9nTEoyT3I3USIsImkiOiI1ODg5NTU1OTI4In0.JfNVLkIJJQ4OHpvaAlmcrvBIvly0cf_usocvgGQct_Q,,"['India', 'Karnataka', 'Bangalore']",Adzuna::API::Response::Location,"Bangalore, Karnataka",Zynga,Adzuna::API::Response::Company,IT Jobs,it-jobs,Adzuna::API::Response::Category,,,,2026-10-05
2026-09-19T16:13:50Z,full_time,17.40275,"Job description: Job Description Role Purpose The purpose of this role is to interpret data and turn into information (reports, dashboards, interactive visualizations etc) which can offer ways to improve a business, thus affecting business decisions. ͏ Do 1. Managing the technical scope of the project in line with the requirements at all stages a. Gather information from various sources (data warehouses, database, data integration and modelling) and interpret patterns and trends b. Develop reco…",Adzuna::API::Response::Job,https://www.adzuna.in/details/5890486909?utm_medium=api&utm_source=7a21a92b,5890486909,DATA ANALYST L4,0,eyJhbGciOiJIUzI1NiJ9.eyJpIjoiNTg5MDQ4NjkwOSIsInMiOiJuRWdLTHJ2QThSR1Zkb2dMSjJPcjdRIn0.xycJFg-6dyWuE4pdcaStMspdvBoZBxpo4Pcpo3o_Ipw,78.50806,"['India', 'Telangana', 'Hyderabad']",Adzuna::API::Response::Location,"Hyderabad, Telangana",Wipro,Adzuna::API::Response::Company,IT Jobs,it-jobs,Adzuna::API::Response::Category,,,,2026-10-05
2026-07-23T03:30:54Z,full_time,,"Job Family : EBO Management Information System (India) Travel Required : None Clearance Required : None What You Will Do : Gather data from primary and secondary sources, ensuring the upkeep of databases and data systems. Detect, examine, and decode trends or patterns within intricate datasets. Cleanse data and scrutinize computer-generated reports and outputs to identify and rectify coding errors. Coordinate with management to align business and informational priorities. Identify opportunities…",Adzuna::API::Response::Job,https://www.adzuna.in/details/5811405065?utm_medium=api&utm_source=7a21a92b,5811405065,Senior Data Analyst,0,eyJhbGciOiJIUzI1NiJ9.eyJpIjoiNTgxMTQwNTA2NSIsInMiOiJuRWdLTHJ2QThSR1Zkb2dMSjJPcjdRIn0.iFhI9sG-pkBzAVm9vEhD31pLRAGtgZZe7X8VH4-0A9Y,,['India'],Adzuna::API::Response::Location,India,Guidehouse,Adzuna::API::Response::Company,IT Jobs,it-jobs,Adzuna::API::Response::Category,,,,2026-10-05
2026-09-08T09:33:09Z,part_time,28.55492,This is a remote position. Freelance Trainer – Qualitative Data Analysis Session Duration: 3 Hours Mode: Online Schedule: First Week of October 2026 Requirement We are looking for an experienced Qualitative Data Analysis Trainer to conduct a 3-hour interactive training session covering practical approaches to analyzing and interpreting qualitative research data. Key Topics Qualitative Data Analysis Fundamentals Thematic & Content Analysis Coding and Categorization Developing Codebooks & Coding …,Adzuna::API::Response::Job,https://www.adzuna.in/details/5875204752?utm_medium=api&utm_source=7a21a92b,5875204752,Quality Data Analyst,0,eyJhbGciOiJIUzI1NiJ9.eyJpIjoiNTg3NTIwNDc1MiIsInMiOiJuRWdLTHJ2QThSR1Zkb2dMSjJPcjdRIn0.mrAJJYA-5ZUJfxQiRUugOvpYqS7NOGb5YNSGB49UHuo,77.15894,"['India', 'Delhi', 'South West Delhi', 'Munirka']",Adzuna::API::Response::Location,"Munirka, South West Delhi",Overture Rede,Adzuna::API::Response::Company,Teaching Jobs,teaching-jobs,Adzuna::API::Response::Category,,,contract,2026-10-05
2026-09-18T21:46:19Z,,18.5062,"Druva, the autonomous data security company, puts data security on autopilot with a 100% SaaS, fully managed platform to secure and recover data from all threats. The Druva Data Security Cloud ensures the availability, confidentiality, and fidelity of data - providing customers with autonomous protection, rapid incident response, and guaranteed data recovery. The company is trusted by its more than 6,000 customers, including 65 of the Fortune 500, to defend business data in today’s ever-connect…",Adzuna::API::Response::Job,https://www.adzuna.in/details/5889542498?utm_medium=api&utm_source=7a21a92b,5889542498,Senior Data Analyst,0,eyJhbGciOiJIUzI1NiJ9.eyJpIjoiNTg4OTU0MjQ5OCIsInMiOiJuRWdLTHJ2QThSR1Zkb2dMSjJPcjdRIn0.pivhvwxlm_HMiMxw9cpWceusH-XmyMAfUDYAJKchTOU,73.84735,"['India', 'Maharashtra', 'Pune']",Adzuna::API::Response::Location,"Pune, Maharashtra",Druva,Adzuna::API::Response::Company,IT Jobs,it-jobs,Adzuna::API::Response::Category,,,,2026-10-05
2026-09-25T21:05:13Z,full_time,19.00821,"It's fun to work in a company where people truly BELIEVE in what they're doing! Job Description: Your Role As part of the Global Pricing Team, you will help shape strategies that drive profitable growth, strengthen market position, and support decision-making across different countries. You will work cross-functionally with Sales, Finance, Vendor Management, and senior leadership to transform data into actionable recommendations and ensure pricing is fully aligned with business strategy. Key Re…",Adzuna::API::Response::Job,https://www.adzuna.in/details/5898467609?utm_medium=api&utm_source=7a21a92b,5898467609,Data Analyst - Pricing,0,eyJhbGciOiJIUzI1NiJ9.eyJzIjoibkVnS0xydkE4UkdWZG9nTEoyT3I3USIsImkiOiI1ODk4NDY3NjA5In0.7OhMSyHVjkz-kAGDei-fzSVyoWJ_Rw_t6_0qsXHCqP4,72.84415,"['India', 'Maharashtra', 'Mumbai']",Adzuna::API::Response::Location,"Mumbai, Maharashtra",Ingram Micro,Adzuna::API::Response::Company,Accounting & Finance Jobs,accounting-finance-jobs,Adzuna::API::Response::Category,,,,2026-10-05
2026-09-27T21:24:33Z,full_time,,"Job Family : EBO Management Information System (India) Travel Required : None Clearance Required : None What You Will Do : Design and implement dashboards that meet the need and expectation of all its users Ensure all data is intelligently stored and processed Translate business requirements into specifications that will be used to implement the required reports and dashboards, created from potentially multiple data sources Participate with other specialist/leads/managers to understand reportin…",Adzuna::API::Response::Job,https://www.adzuna.in/details/5900743851?utm_medium=api&utm_source=7a21a92b,5900743851,Lead - Data Analyst,0,eyJhbGciOiJIUzI1NiJ9.eyJzIjoibkVnS0xydkE4UkdWZG9nTEoyT3I3USIsImkiOiI1OTAwNzQzODUxIn0.xzpJt3WClDX1pwJrh9gh_0G_UCAlbjKjrqk78Do5IGo,,['India'],Adzuna::API::Response::Location,India,Guidehouse,Adzuna::API::Response::Company,IT Jobs,it-jobs,Adzuna::API::Response::Category,,,,2026-10-05
2026-09-30T08:06:31Z,,17.40275,Role Description Job Specification Senior Data Engineer Experience Level 5 years Role Overview We are seeking a strong Senior Data Engineer to join FX Conduct Team This team is responsible for building robust and scalable data assets leveraging cuttingedge technologies including Apache Spark Scala Hadoop Elastic Search and GCP The ideal candidate will bring expertise in big data frameworks handson experience with Hadoop and cloud platforms and a passion for solving complex data challenges in fi…,Adzuna::API::Response::Job,https://www.adzuna.in/details/5903326187?utm_medium=api&utm_source=7a21a92b,5903326187,PysparkScalaSQLHiveAirflow (Data analyst),0,eyJhbGciOiJIUzI1NiJ9.eyJpIjoiNTkwMzMyNjE4NyIsInMiOiJuRWdLTHJ2QThSR1Zkb2dMSjJPcjdRIn0.9grJU6TTTjXD-YzS25xfRHZKNMw3MdaCwqljBAcBjIk,78.50806,"['India', 'Telangana', 'Hyderabad']",Adzuna::API::Response::Location,"Hyderabad, Telangana",LTM,Adzuna::API::Response::Company,IT Jobs,it-jobs,Adzuna::API::Response::Category,,,,2026-10-05
2026-09-29T22:51:29Z,full_time,13.06041,"The Lead Analyst will support the delivery of a range of contracted consulting and analytical engagements, such as revenue optimization, authorization consulting, portfolio health-checks, real time data streaming, risk management capabilities, etc. for our processing clients, merchant, and government entities. Key Responsibilities Development and partnerships for key product capabilities using authorization, transactional, repayments and account demographic data, such as the next best action re…",Adzuna::API::Response::Job,https://www.adzuna.in/details/5902987713?utm_medium=api&utm_source=7a21a92b,5902987713,Lead Data Analyst,0,eyJhbGciOiJIUzI1NiJ9.eyJzIjoibkVnS0xydkE4UkdWZG9nTEoyT3I3USIsImkiOiI1OTAyOTg3NzEzIn0.8N1MvO3x9A4C-_pMznfB68O4lT7uc1TbimWQPrv9ai4,80.24963,"['India', 'Tamil Nadu', 'Chennai']",Adzuna::API::Response::Location,"Chennai, Tamil Nadu",Dicetek LLC,Adzuna::API::Response::Company,Consultancy Jobs,consultancy-jobs,Adzuna::API::Response::Category,,,permanent,2026-10-05
2026-10-01T21:07:50Z,full_time,,"Join us as a Data & Analytics Manager This is an opportunity to take on a purpose-led leadership role in a cutting edge Data & Analytics team Acting as a consultant, you’ll understand the needs of our stakeholders to identify suitable data and analytics solutions to meet their needs and business challenges in line with our purpose You’ll bring advanced analytics to life through visualisation to tell powerful stories and influence important decisions for key stakeholders, giving you excellent re…",Adzuna::API::Response::Job,https://www.adzuna.in/details/5905880067?utm_medium=api&utm_source=7a21a92b,5905880067,"Data Analyst, VP",0,eyJhbGciOiJIUzI1NiJ9.eyJzIjoibkVnS0xydkE4UkdWZG9nTEoyT3I3USIsImkiOiI1OTA1ODgwMDY3In0.c68MQxXNbA9C2WyWms8rDx_zRecBCQMNocUxMznl0-Q,,"['India', 'Karnataka', 'Bangalore']",Adzuna::API::Response::Location,"Bangalore, Karnataka",Natwest Group,Adzuna::API::Response::Company,IT Jobs,it-jobs,Adzuna::API::Response::Category,,,,2026-10-05
2026-10-01T08:37:34Z,full_time,28.323996,"SE Advisory Services is Schneider Electric's global consulting practice, helping organizations turn bold energy, sustainability, and digitalization ambitions into measurable impact. We are looking for a new colleague to join our energy and sustainability services group. I.A.V. Associate Purpose of the job: The position holder will be part of a global team identifying and resolving invoice errors, maintain special databases based on contracting and billing data. Tasks: Invoice management: analys…",Adzuna::API::Response::Job,https://www.adzuna.in/details/5904536472?utm_medium=api&utm_source=7a21a92b,5904536472,Data Analyst I,0,eyJhbGciOiJIUzI1NiJ9.eyJpIjoiNTkwNDUzNjQ3MiIsInMiOiJuRWdLTHJ2QThSR1Zkb2dMSjJPcjdRIn0.RLBH7RkWbE063q3xJodiwf4XgZeIfCX5zxSqxsLoTSk,76.983738,"['India', 'Haryana', 'Gurgaon']",Adzuna::API::Response::Location,"Gurgaon, Haryana",Schneider Electric,Adzuna::API::Response::Company,Accounting & Finance Jobs,accounting-finance-jobs,Adzuna::API::Response::Category,,,permanent,2026-10-05
2026-10-01T21:27:39Z,full_time,,"About Our Company Ameriprise India LLP has been providing client based financial solutions to help clients plan and achieve their financial objectives for 20 years. We are part of Ameriprise Financial Inc., a US financial planning company headquartered in Minneapolis with a global presence and diversified financial services leader with more than $1.5 trillion in assets under management, administration and advisement as of year-end 2024. The firm’s focus areas include Asset Management and Advice…",Adzuna::API::Response::Job,https://www.adzuna.in/details/5905915387?utm_medium=api&utm_source=7a21a92b,5905915387,Senior Data Analyst,0,eyJhbGciOiJIUzI1NiJ9.eyJzIjoibkVnS0xydkE4UkdWZG9nTEoyT3I3USIsImkiOiI1OTA1OTE1Mzg3In0.0qhclQiIWbDtSMbWrB18sneyoTLUfhZhYU-lOvP2XnQ,,['India'],Adzuna::API::Response::Location,India,Ameriprise,Adzuna::API::Response::Company,Accounting & Finance Jobs,accounting-finance-jobs,Adzuna::API::Response::Category,,,,2026-10-05
2026-10-01T21:32:29Z,full_time,,"Description Responsible to prepare and publish various business reports and analyze the data from various systems to formulate the best possible opportunities for business growth. Engage with business leaders to understand their reporting needs and work to deliver value and achieve team goals. Responsibilities PRINCIPAL RESPONSIBILITIES List and describe this position’s key responsibilities in concise, comprehensive statements. Address what the position holder does to achieve the position’s mai…",Adzuna::API::Response::Job,https://www.adzuna.in/details/5905925723?utm_medium=api&utm_source=7a21a92b,5905925723,Data Analyst I,0,eyJhbGciOiJIUzI1NiJ9.eyJpIjoiNTkwNTkyNTcyMyIsInMiOiJuRWdLTHJ2QThSR1Zkb2dMSjJPcjdRIn0.tfydrTWqV507x_B8ZcQV4XwiO4Bq7UBHLJvyRt9o7fU,,['India'],Adzuna::API::Response::Location,India,Honeywell,Adzuna::API::Response::Company,IT Jobs,it-jobs,Adzuna::API::Response::Category,,,,2026-10-05
2026-10-01T11:33:52Z,,,"Responsible to prepare and publish various business reports and analyze the data from various systems to formulate the best possible opportunities for business growth. Engage with business leaders to understand their reporting needs and work to deliver value and achieve team goals. PRINCIPAL RESPONSIBILITIES _List and describe this position's key responsibilities in concise, comprehensive statements. Address what the position holder does to achieve the position's main purpose. Also check the ap…",Adzuna::API::Response::Job,https://www.adzuna.in/details/5904964048?utm_medium=api&utm_source=7a21a92b,5904964048,Data Analyst I,0,eyJhbGciOiJIUzI1NiJ9.eyJzIjoibkVnS0xydkE4UkdWZG9nTEoyT3I3USIsImkiOiI1OTA0OTY0MDQ4In0.LkseTp9WUri5x4hbEgLO874TBC2bQIYUXEkGQpmqoEU,,['India'],Adzuna::API::Response::Location,India,Honeywell Technologies,Adzuna::API::Response::Company,IT Jobs,it-jobs,Adzuna::API::Response::Category,,,,2026-10-05
2026-10-01T11:33:52Z,,18.5062,"Responsible to prepare and publish various business reports and analyze the data from various systems to formulate the best possible opportunities for business growth. Engage with business leaders to understand their reporting needs and work to deliver value and achieve team goals. PRINCIPAL RESPONSIBILITIES _List and describe this position's key responsibilities in concise, comprehensive statements. Address what the position holder does to achieve the position's main purpose. Also check the ap…",Adzuna::API::Response::Job,https://www.adzuna.in/details/5904964009?utm_medium=api&utm_source=7a21a92b,5904964009,Data Analyst I,0,eyJhbGciOiJIUzI1NiJ9.eyJzIjoibkVnS0xydkE4UkdWZG9nTEoyT3I3USIsImkiOiI1OTA0OTY0MDA5In0.YbU__UjFwvEjl7hyBGwcRM_uVeC2Dq8ywn7xMiHQZpI,73.84735,"['India', 'Maharashtra', 'Pune']",Adzuna::API::Response::Location,"Pune, Maharashtra",Honeywell Technologies,Adzuna::API::Response::Company,IT Jobs,it-jobs,Adzuna::API::Response::Category,,,,2026-10-05
2026-09-26T11:16:26Z,,17.40275,"Requisition number: 2378278 Job category: Business & Data Analytics Optum is a global organization that delivers care, aided by technology to help millions of people live healthier lives. The work you do with our team will directly improve health outcomes by connecting people with the care, pharmacy benefits, data and resources they need to feel their best. Here, you will find a culture guided by inclusion, talented peers, comprehensive benefits and career development opportunities. Come make a…",Adzuna::API::Response::Job,https://www.adzuna.in/details/5899329546?utm_medium=api&utm_source=7a21a92b,5899329546,Senior Data Analyst,0,eyJhbGciOiJIUzI1NiJ9.eyJzIjoibkVnS0xydkE4UkdWZG9nTEoyT3I3USIsImkiOiI1ODk5MzI5NTQ2In0.Zi4dEniz6TRWpyqOFILCtmWYRZshOKklVL1FJ-dsiFc,78.50806,"['India', 'Telangana', 'Hyderabad']",Adzuna::API::Response::Location,"Hyderabad, Telangana",UnitedHealth Group,Adzuna::API::Response::Company,IT Jobs,it-jobs,Adzuna::API::Response::Category,,,,2026-10-05
2026-09-11T11:10:33Z,,,"This role is part of Enterprise Productivity and Efficiency(EP&E) - CitiLean Reengineering Team based out of Gurgaon. The team runs key strategic program based on business priorities. This role will be responsible to support and drive Global EP&E Lean programs. Some of the key offerings of the Team are Revenue Enhancement, Operating Model and Process Optimization, Data Analytics, Project Management Framework, Digitization / Automation, and Training / Certifications. The Process Engineer is a pr…",Adzuna::API::Response::Job,https://www.adzuna.in/details/5879363497?utm_medium=api&utm_source=7a21a92b,5879363497,Process and Data Analyst,0,eyJhbGciOiJIUzI1NiJ9.eyJzIjoibkVnS0xydkE4UkdWZG9nTEoyT3I3USIsImkiOiI1ODc5MzYzNDk3In0.U2j0x_LMmOgsY69ODjnK7lkaMk-Gk4VgDhINm3MV2rs,,['India'],Adzuna::API::Response::Location,India,Citigroup,Adzuna::API::Response::Company,Engineering Jobs,engineering-jobs,Adzuna::API::Response::Category,,,,2026-10-05
2026-09-17T21:48:30Z,full_time,,"Description Data analysis, RCA and remediation under Issue management in US Banking Retail Lending. Required skills - SQL, Python, PySpark. Experience in US Banking, preferable experience in Retail Lending and Issue Management. Proven expertise as an individual contributor as well as team player, stakeholder management and project delivery. Responsibilities Data analysis, RCA and remediation under Issue management in US Banking Retail Lending. Required skills - SQL, Python, PySpark. Experience …",Adzuna::API::Response::Job,https://www.adzuna.in/details/5887946461?utm_medium=api&utm_source=7a21a92b,5887946461,Data Analyst Banking,0,eyJhbGciOiJIUzI1NiJ9.eyJzIjoibkVnS0xydkE4UkdWZG9nTEoyT3I3USIsImkiOiI1ODg3OTQ2NDYxIn0.v9oB4kkICrE2zKVm9E6HDGVncQwxrl8ymPZUIWVTZFE,,['India'],Adzuna::API::Response::Location,India,EXL,Adzuna::API::Response::Company,IT Jobs,it-jobs,Adzuna::API::Response::Category,,,,2026-10-05
2026-10-03T11:18:39Z,,28.323996,"Requisition number: 2386951 Job category: Business & Data Analytics Optum is a global organization that delivers care, aided by technology to help millions of people live healthier lives. The work you do with our team will directly improve health outcomes by connecting people with the care, pharmacy benefits, data and resources they need to feel their best. Here, you will find a culture guided by inclusion, talented peers, comprehensive benefits and career development opportunities. Come make a…",Adzuna::API::Response::Job,https://www.adzuna.in/details/5909550041?utm_medium=api&utm_source=7a21a92b,5909550041,Senior Data Analyst,0,eyJhbGciOiJIUzI1NiJ9.eyJzIjoibkVnS0xydkE4UkdWZG9nTEoyT3I3USIsImkiOiI1OTA5NTUwMDQxIn0.Eo8rdQq2nRiezpQr5-h6Uf6WFGkT9QPETdS097sznMY,76.983738,"['India', 'Haryana', 'Gurgaon']",Adzuna::API::Response::Location,"Gurgaon, Haryana",UnitedHealth Group,Adzuna::API::Response::Company,IT Jobs,it-jobs,Adzuna::API::Response::Category,,,,2026-10-05
2026-10-03T07:41:15Z,full_time,17.40275,"Job Summary We are looking for a hands-on Data Scientist & Python Developer with around 5 years of experience in building, deploying, and maintaining machine learning models and data-driven applications. The role focuses on independent delivery of ML features end to end, working closely with senior data scientists, architects, and product owners. Key Responsibilities Develop, train, and evaluate machine learning models for business and industrial use cases. Build Python applications, REST APIs,…",Adzuna::API::Response::Job,https://www.adzuna.in/details/5909232119?utm_medium=api&utm_source=7a21a92b,5909232119,Data Analyst II,0,eyJhbGciOiJIUzI1NiJ9.eyJpIjoiNTkwOTIzMjExOSIsInMiOiJuRWdLTHJ2QThSR1Zkb2dMSjJPcjdRIn0.fskZPyNcjWx8AQ8Eo3Tcnbg_s1dRpkYkpuUaf5J4vBk,78.50806,"['India', 'Telangana', 'Hyderabad']",Adzuna::API::Response::Location,"Hyderabad, Telangana",Schneider Electric,Adzuna::API::Response::Company,IT Jobs,it-jobs,Adzuna::API::Response::Category,,,permanent,2026-10-05
2026-10-03T16:23:58Z,full_time,,"About Us Established in 2018, Bybit is one of the world’s leading cryptocurrency exchanges and digital financial platforms, serving over 80 million users across more than 200 countries and regions. Powered by world-class technology and a user-first mindset, Bybit delivers a seamless ecosystem across trading, payments, wealth management, custody, institutional services, and Web3 — connecting users to the future of digital finance. Our core values define how we build. We listen, care and improve …",Adzuna::API::Response::Job,https://www.adzuna.in/details/5909808054?utm_medium=api&utm_source=7a21a92b,5909808054,Senior Data Analyst,0,eyJhbGciOiJIUzI1NiJ9.eyJpIjoiNTkwOTgwODA1NCIsInMiOiJuRWdLTHJ2QThSR1Zkb2dMSjJPcjdRIn0.WgfSX0u2sBAhPuowKeVkcUE3N9YhqCFb0r4CH6rbarc,,['India'],Adzuna::API::Response::Location,India,Bybit,Adzuna::API::Response::Company,Accounting & Finance Jobs,accounting-finance-jobs,Adzuna::API::Response::Category,,,permanent,2026-10-05
2026-06-10T09:41:20Z,,17.40275,"Role Overview Responsible for building dashboards (xBR dashboard, SA dash, Performance), WBR deck creation/support, weekly deal lists, MBR / QBR data packs. Support activation & realization reporting (SFDC), assist Genesis on activation metrics, prepare WBR/RTBR/QBR data packs and decks, handle SFDC hygiene/cases and regular data loads, and respond to day-to-day activation help desk requests. Jack-of-all-trades operational role with heavier focus on case handling and execution than deep analyti…",Adzuna::API::Response::Job,https://www.adzuna.in/details/5758030211?utm_medium=api&utm_source=7a21a92b,5758030211,GTM Data Analyst,0,eyJhbGciOiJIUzI1NiJ9.eyJpIjoiNTc1ODAzMDIxMSIsInMiOiJuRWdLTHJ2QThSR1Zkb2dMSjJPcjdRIn0.GbE8XEOVOVvIqSOB8gtOBb9KtSuNtkUgcGFiLKZ6GM8,78.50806,"['India', 'Telangana', 'Hyderabad']",Adzuna::API::Response::Location,"Hyderabad, Telangana",People First Consultants,Adzuna::API::Response::Company,IT Jobs,it-jobs,Adzuna::API::Response::Category,,,,2026-10-05
2026-10-03T11:18:38Z,,28.323996,"Requisition number: 2386944 Job category: Business & Data Analytics Optum is a global organization that delivers care, aided by technology to help millions of people live healthier lives. The work you do with our team will directly improve health outcomes by connecting people with the care, pharmacy benefits, data and resources they need to feel their best. Here, you will find a culture guided by inclusion, talented peers, comprehensive benefits and career development opportunities. Come make a…",Adzuna::API::Response::Job,https://www.adzuna.in/details/5909550012?utm_medium=api&utm_source=7a21a92b,5909550012,Data Analyst 2,0,eyJhbGciOiJIUzI1NiJ9.eyJzIjoibkVnS0xydkE4UkdWZG9nTEoyT3I3USIsImkiOiI1OTA5NTUwMDEyIn0.LsLOXZMm7pbc6rBVXacVKtWLiD2ts1GVu5sWKOnqkO8,76.983738,"['India', 'Haryana', 'Gurgaon']",Adzuna::API::Response::Location,"Gurgaon, Haryana",UnitedHealth Group,Adzuna::API::Response::Company,IT Jobs,it-jobs,Adzuna::API::Response::Category,,,,2026-10-05
2026-09-15T01:41:10Z,,20.4742,"Analyze data from Zoho and other business systems to derive actionable insights for decision-making. Develop and maintain Zoho Dashboards to track business metrics, KPIs, and performance indicators. Use Zoho Analytics to gather, clean, and organize data from various sources, ensuring accuracy and consistency. Generate business insights and recommendations based on data trends, patterns, and analysis. Prepare and process data for further analysis using data prep techniques and tools. Create deta…",Adzuna::API::Response::Job,https://www.adzuna.in/details/5883870481?utm_medium=api&utm_source=7a21a92b,5883870481,Jr. Data Analyst,0,eyJhbGciOiJIUzI1NiJ9.eyJzIjoibkVnS0xydkE4UkdWZG9nTEoyT3I3USIsImkiOiI1ODgzODcwNDgxIn0.A1bXp-s9udNK-MmTe2ZnjTMwLp3lv3mTsaH3wKl2RW8,75.54375,"['India', 'Maharashtra', 'Aurangabad', 'Sillod']",Adzuna::API::Response::Location,"Sillod, Aurangabad",VIJAY COPOLYMERS,Adzuna::API::Response::Company,IT Jobs,it-jobs,Adzuna::API::Response::Category,,,permanent,2026-10-05
2024-05-10T07:38:22Z,,21.18955,"Creating a detailed business analysis, outlining problems, opportunities and solutions for a business. Budgeting and forecasting. Planning and monitoring. Variance analysis. Pricing.",Adzuna::API::Response::Job,https://www.adzuna.in/details/4686701002?utm_medium=api&utm_source=7a21a92b,4686701002,Business Data Analyst,0,eyJhbGciOiJIUzI1NiJ9.eyJzIjoibkVnS0xydkE4UkdWZG9nTEoyT3I3USIsImkiOiI0Njg2NzAxMDAyIn0.4gb7QKsqgGsYrDt6LLN0KokjtnqB2tR1ODttYR4iHXE,72.8318,"['India', 'Gujarat', 'Surat']",Adzuna::API::Response::Location,"Surat, Gujarat",,Adzuna::API::Response::Company,IT Jobs,it-jobs,Adzuna::API::Response::Category,,,,2026-10-05
2025-10-22T14:52:04Z,full_time,18.5062,"Description 5 - 9 years of professional experience as a Data Analyst with good decision-making, analytical and problem-solving skills. Working knowledge / experience of Big Data frameworks like Hadoop, Hive and Spark. Hands-on experience in query languages like HQL or SQL (Spark SQL) for Data exploration. Data mapping: Determine the data mapping required to join multiple data sets together across multiple sources. Documentation - Data Mapping, Subsystem Design, Technical Design, Business Requir…",Adzuna::API::Response::Job,https://www.adzuna.in/details/5458953672?utm_medium=api&utm_source=7a21a92b,5458953672,Data Analyst-Data Management and Analytics-Data Ops/Data Analyst,0,eyJhbGciOiJIUzI1NiJ9.eyJpIjoiNTQ1ODk1MzY3MiIsInMiOiJuRWdLTHJ2QThSR1Zkb2dMSjJPcjdRIn0.h1pQzYTzRiv9kZJ2E8W3fPa-kz0aErVpELg_EGTeH8Y,73.84735,"['India', 'Maharashtra', 'Pune']",Adzuna::API::Response::Location,"Pune, Maharashtra",EXL,Adzuna::API::Response::Company,IT Jobs,it-jobs,Adzuna::API::Response::Category,,,,2026-10-05
2026-08-01T20:53:04Z,full_time,,"Why This Role Matters The Big Data Analyst – Data Solutions (India) plays a key role in transforming large and complex datasets into meaningful insights that drive data-led media solutions and business decisions. By leveraging strong analytical skills, PySpark/Python expertise, and statistical reasoning, the Analyst helps build scalable data solutions that support business growth and innovation. Working closely with senior team members, the role contributes to advanced analytics and modelling i…",Adzuna::API::Response::Job,https://www.adzuna.in/details/5824131818?utm_medium=api&utm_source=7a21a92b,5824131818,Big Data Analyst - Data Solutions,0,eyJhbGciOiJIUzI1NiJ9.eyJpIjoiNTgyNDEzMTgxOCIsInMiOiJuRWdLTHJ2QThSR1Zkb2dMSjJPcjdRIn0.OAjuAqRaiWWTAPylu_TaERbuXbVW0x912cZp7Xy2ZA4,,"['India', 'Karnataka', 'Bangalore']",Adzuna::API::Response::Location,"Bangalore, Karnataka",Azira,Adzuna::API::Response::Company,IT Jobs,it-jobs,Adzuna::API::Response::Category,,,,2026-10-05
2026-05-18T02:04:19Z,,19.00821,"About Us “Capco, a Wipro company, is a global technology and management consulting firm. Awarded with Consultancy of the year in the British Bank Award and has been ranked Top 100 Best Companies for Women in India 2022 by Avtar & Seramount . With our presence across 32 cities across globe, we support 100 clients across banking, financial and Energy sectors. We are recognized for our deep transformation execution and delivery. WHY JOIN CAPCO? You will work on engaging projects with the largest i…",Adzuna::API::Response::Job,https://www.adzuna.in/details/5732553171?utm_medium=api&utm_source=7a21a92b,5732553171,Data Analyst - Data Remediation - Mumbai,0,eyJhbGciOiJIUzI1NiJ9.eyJpIjoiNTczMjU1MzE3MSIsInMiOiJuRWdLTHJ2QThSR1Zkb2dMSjJPcjdRIn0.35bGnkJJczL3aJRgo8aIth60M1ffr8Z8tlRJurUJq3A,72.84415,"['India', 'Maharashtra', 'Mumbai']",Adzuna::API::Response::Location,"Mumbai, Maharashtra",Capco,Adzuna::API::Response::Company,IT Jobs,it-jobs,Adzuna::API::Response::Category,,,,2026-10-05
2026-08-27T02:10:36Z,full_time,19.00821,"This job is with Capco, an inclusive employer and a member of myGwork – the largest global platform for the LGBTQ business community. Please do not contact the recruiter directly. About Us “Capco, a Wipro company, is a global technology and management consulting firm. Awarded with Consultancy of the year in the British Bank Award and has been ranked Top 100 Best Companies for Women in India 2022 by Avtar & Seramount . With our presence across 32 cities across globe, we support 100 clients acros…",Adzuna::API::Response::Job,https://www.adzuna.in/details/5857251181?utm_medium=api&utm_source=7a21a92b,5857251181,Data Analyst - Data Remediation - Mumbai,0,eyJhbGciOiJIUzI1NiJ9.eyJpIjoiNTg1NzI1MTE4MSIsInMiOiJuRWdLTHJ2QThSR1Zkb2dMSjJPcjdRIn0.O86txBNkOiIFI6YgRnq3TX0SJTCSvb3h3SmJIjK3LDk,72.84415,"['India', 'Maharashtra', 'Mumbai']",Adzuna::API::Response::Location,"Mumbai, Maharashtra",Capco,Adzuna::API::Response::Company,IT Jobs,it-jobs,Adzuna::API::Response::Category,,,,2026-10-05
2026-09-08T11:05:26Z,full_time,13.01543,"Overview About Business Unit: Powerful predictors of the future - our Analytics team seamlessly blends data science and business intelligence to provide unparalleled foresight for our platform offerings. They turn insights into actionable results for our clients by collaborating with senior team members and staying ahead of market trends, powered by our data assets. By using new-age analytic tools and emerging technologies, the team cultivates a dynamic learning environment for curious minds to…",Adzuna::API::Response::Job,https://www.adzuna.in/details/5875288726?utm_medium=api&utm_source=7a21a92b,5875288726,Senior Data Analyst Data Analytics,0,eyJhbGciOiJIUzI1NiJ9.eyJpIjoiNTg3NTI4ODcyNiIsInMiOiJuRWdLTHJ2QThSR1Zkb2dMSjJPcjdRIn0.xL0e0FF9KKFTuNgwfe8n1fCE6jACVlHqpvPyCEzHCpA,77.62093,"['India', 'Karnataka', 'Bangalore', 'Ramakrishna Hegde Nagar']",Adzuna::API::Response::Location,"Ramakrishna Hegde Nagar, Bangalore",Epsilon,Adzuna::API::Response::Company,Consultancy Jobs,consultancy-jobs,Adzuna::API::Response::Category,,,,2026-10-05
2026-09-09T16:12:51Z,full_time,,"Overview About Business Unit: Powerful predictors of the future - our Analytics team seamlessly blends data science and business intelligence to provide unparalleled foresight for our platform offerings. They turn insights into actionable results for our clients by collaborating with senior team members and staying ahead of market trends, powered by our data assets. By using new-age analytic tools and emerging technologies, the team cultivates a dynamic learning environment for curious minds to…",Adzuna::API::Response::Job,https://www.adzuna.in/details/5876949177?utm_medium=api&utm_source=7a21a92b,5876949177,Senior Data Analyst Data Analytics,0,eyJhbGciOiJIUzI1NiJ9.eyJpIjoiNTg3Njk0OTE3NyIsInMiOiI3akVvTDd2QThSR0c3NDdUVEROOHJRIn0.xUNRjGtUjzDkNgT3bTByfFPxSnqSVz2SJtX-ZdXiNPs,,"['India', 'Karnataka', 'Bangalore']",Adzuna::API::Response::Location,"Bangalore, Karnataka",Epsilon,Adzuna::API::Response::Company,Consultancy Jobs,consultancy-jobs,Adzuna::API::Response::Category,,,,2026-10-05
2026-09-04T07:34:36Z,,,"Job Description Seeking a skilled Data Scientist with expertise in Natural Language Processing (NLP), Large Language Models (LLMs), Python, and AWS to develop, deploy, and optimize machine learning models for processing large-scale textual data. Skills: 1. Minimum 3 years of relevant work experience with a proven track record of designing, developing and deploying analytics solutions in commercial setting 2. Proficiency in Python & SQL (must) - 3 yrs 3. Knowledge of various modelling algorithms…",Adzuna::API::Response::Job,https://www.adzuna.in/details/5869814087?utm_medium=api&utm_source=7a21a92b,5869814087,Sr. Data Analyst (Data Science),0,eyJhbGciOiJIUzI1NiJ9.eyJzIjoiN2pFb0w3dkE4UkdHNzQ3VFRETjhyUSIsImkiOiI1ODY5ODE0MDg3In0.si4Bxr8Hm11JGsFh8IvTACtqUhw-WNITtOA9PE3hkWg,,"['India', 'Karnataka', 'Bangalore']",Adzuna::API::Response::Location,"Bangalore, Karnataka",Sagility India Private limited,Adzuna::API::Response::Company,IT Jobs,it-jobs,Adzuna::API::Response::Category,,,,2026-10-05
2026-06-08T16:11:26Z,full_time,,"ProArch is looking for a talented Data Analyst/PowerBI Engineer who will play a crucial role in analyzing data and generating actionable insights for our clients. In this position, you will leverage your expertise in Power BI and data analysis techniques to transform complex data into clear and compelling visualizations and reports. You'll work closely with stakeholders to understand their analytics needs and provide solutions that support informed decision-making. Key Responsibilities: Design,…",Adzuna::API::Response::Job,https://www.adzuna.in/details/5756181759?utm_medium=api&utm_source=7a21a92b,5756181759,Data Analyst/PowerBI Engineer,0,eyJhbGciOiJIUzI1NiJ9.eyJzIjoiN2pFb0w3dkE4UkdHNzQ3VFRETjhyUSIsImkiOiI1NzU2MTgxNzU5In0.YhtP1WzROED1bo3i2X9Q8SrUPLxikWTikG7lfLvfcQw,,['India'],Adzuna::API::Response::Location,India,ProArch,Adzuna::API::Response::Company,IT Jobs,it-jobs,Adzuna::API::Response::Category,,,,2026-10-05
2026-09-25T11:19:11Z,full_time,,"Translate business needs into technical specs for data engineers; define and validate data quality across ETL processes and systems Collaborate with cross-functional teams (Business, IT functional and Technical Teams) to support Data Engineers build the data products. Analyze complex SAP/Non-SAP datasets to help in data modeling Support data mappings, verify the correctness of Data Products and adhering to Data Quality Norms  Develop data collection and automation workflows using cloud service…",Adzuna::API::Response::Job,https://www.adzuna.in/details/5897957723?utm_medium=api&utm_source=7a21a92b,5897957723,Data Analyst/Business Analyst,0,eyJhbGciOiJIUzI1NiJ9.eyJpIjoiNTg5Nzk1NzcyMyIsInMiOiI3akVvTDd2QThSR0c3NDdUVEROOHJRIn0.pAhcAPGFh67gQqCK_3G2cecWE3GeSKZqqqe_mGhVUSw,,['India'],Adzuna::API::Response::Location,India,Unison Group,Adzuna::API::Response::Company,IT Jobs,it-jobs,Adzuna::API::Response::Category,,,,2026-10-05
2026-04-09T01:03:12Z,full_time,,"Position: Senior Commercial Data Analyst Location: Mumbai, India About LRN: LRN is the world’s leading dedicated ethics and compliance SaaS company, helping more than 30 million people every year navigate complex regional and global regulatory environments and build ethical, responsible cultures. With over 3,000 clients across the US, EMEA, APAC, and Latin America—including some of the world’s most respected and successful brands—we’re proud to be the long-term partner trusted to reduce organiz…",Adzuna::API::Response::Job,https://www.adzuna.in/details/5693524382?utm_medium=api&utm_source=7a21a92b,5693524382,Senior Commercial Data Analyst,0,eyJhbGciOiJIUzI1NiJ9.eyJzIjoiN2pFb0w3dkE4UkdHNzQ3VFRETjhyUSIsImkiOiI1NjkzNTI0MzgyIn0.lglWYnk6cuHEGKtsx3VDCRpeZiMXOvWPo1rRJz_HAr4,,['India'],Adzuna::API::Response::Location,India,LRN Corporation,Adzuna::API::Response::Company,Sales Jobs,sales-jobs,Adzuna::API::Response::Category,,,contract,2026-10-05
2026-09-14T13:00:16Z,,19.00821,"About the job Mercor connects elite creative and technical talent with leading AI research labs. Headquartered in San Francisco, our investors include Benchmark , General Catalyst , Peter Thiel , Adam D'Angelo , Larry Summers , and Jack Dorsey . Position: Application Users - Origin on Windows - STEM Type: Contract Compensation: $45–$55/hour Location: Remote Role Responsibilities Evaluate the accuracy and depth of AI-generated content in Statistics and Econometrics to strengthen reasoning and ri…",Adzuna::API::Response::Job,https://www.adzuna.in/details/5883377937?utm_medium=api&utm_source=7a21a92b,5883377937,OriginPro Expert - Data Analyst,0,eyJhbGciOiJIUzI1NiJ9.eyJzIjoiN2pFb0w3dkE4UkdHNzQ3VFRETjhyUSIsImkiOiI1ODgzMzc3OTM3In0.IaJrwH_tYMUkjtAQFmXgM0-d8HJSpForXSnH7pQJot0,72.84415,"['India', 'Maharashtra', 'Mumbai']",Adzuna::API::Response::Location,"Mumbai, Maharashtra",Mercor,Adzuna::API::Response::Company,IT Jobs,it-jobs,Adzuna::API::Response::Category,,,contract,2026-10-05
2026-09-15T13:03:56Z,,19.00821,"About the job Mercor connects elite creative and technical talent with leading AI research labs. Headquartered in San Francisco, our investors include Benchmark , General Catalyst , Peter Thiel , Adam D'Angelo , Larry Summers , and Jack Dorsey . Position: Application Users - EViews on Windows - STEM Type: Contract Compensation: $45–$55/hour Location: Remote Role Responsibilities Evaluate the accuracy and depth of AI-generated content in Econometrics to strengthen reasoning and rigor in model ou…",Adzuna::API::Response::Job,https://www.adzuna.in/details/5884402106?utm_medium=api&utm_source=7a21a92b,5884402106,EViews Specialist - Data Analyst,0,eyJhbGciOiJIUzI1NiJ9.eyJzIjoiN2pFb0w3dkE4UkdHNzQ3VFRETjhyUSIsImkiOiI1ODg0NDAyMTA2In0.0Z6p-39JwywBehgjhV47aVT9bA0e_qTpMbHVf6j8IPw,72.84415,"['India', 'Maharashtra', 'Mumbai']",Adzuna::API::Response::Location,"Mumbai, Maharashtra",Mercor,Adzuna::API::Response::Company,IT Jobs,it-jobs,Adzuna::API::Response::Category,,,contract,2026-10-05
2026-09-30T23:51:07Z,,18.94206,"Job Description: 1. Home Loan Domain Expertise Demonstrated experience in building analytical solutions for Home Loan/Lending domain, including portfolio analytics, delinquency & risk reporting, GL reconciliation, customer lifecycle insights, and regulatory/RBI reporting. 2. Data Modeling & Architecture (Microsoft Fabric) Strong proficiency in designing enterprise grade data models and architecture using Microsoft Fabric components-Warehouse, Lakehouse, Dataflow Gen2, Eventhouse, KQL Database, …",Adzuna::API::Response::Job,https://www.adzuna.in/details/5904171616?utm_medium=api&utm_source=7a21a92b,5904171616,Sr Data Analyst Architect,0,eyJhbGciOiJIUzI1NiJ9.eyJzIjoiN2pFb0w3dkE4UkdHNzQ3VFRETjhyUSIsImkiOiI1OTA0MTcxNjE2In0.j5Hnk1M9DnFMHKNhiPjPHdJ5Wg_2muTGwA0kE9az66g,72.83544,"['India', 'Maharashtra', 'Mumbai', 'Bazargate']",Adzuna::API::Response::Location,"Bazargate, Mumbai",Acme Services Private Limited,Adzuna::API::Response::Company,IT Jobs,it-jobs,Adzuna::API::Response::Category,2600000.0,2700000.0,,2026-10-05
2025-05-23T06:51:56Z,full_time,19.00821,"Job Title: Data Analyst Associate – Data Management Location: Mumbai, India Company: Wissen Technology About Us: Wissen Technology is a leading technology and consulting firm known for its strong commitment to excellence, innovation, and customer satisfaction. We are passionate about harnessing data to drive smart business decisions and deliver impactful insights. Join us in shaping the future of data management. Role Overview: We are looking for a meticulous and proactive Data Analyst Associat…",Adzuna::API::Response::Job,https://www.adzuna.in/details/5211779120?utm_medium=api&utm_source=7a21a92b,5211779120,Data Analyst Associate - Data Management,0,eyJhbGciOiJIUzI1NiJ9.eyJzIjoiN2pFb0w3dkE4UkdHNzQ3VFRETjhyUSIsImkiOiI1MjExNzc5MTIwIn0.T04EJLmGOfGMl9tmb7iBkHt-YMeg-_Wg_V7NxNwl3Ek,72.84415,"['India', 'Maharashtra', 'Mumbai']",Adzuna::API::Response::Location,"Mumbai, Maharashtra",Wissen Technology,Adzuna::API::Response::Company,IT Jobs,it-jobs,Adzuna::API::Response::Category,,,,2026-10-05
2026-08-27T16:06:25Z,full_time,18.5062,"Strong Data Analyst Profile with advanced Excel and SQL expertise 2 Mandatory (Experience 1): Must have 4 years of overall experience as a hands-on Data Analyst 3 Mandatory (Tech skill 1): Must be highly proficient in advanced Excel — complex functions, macros, calculations, and pivots 4 Mandatory (Tech skill 2): Must have strong hands-on SQL and a good understanding of relational database concepts 5 Mandatory (Tech skill 3): Must be able to automate routine tasks using Python (for automation p…",Adzuna::API::Response::Job,https://www.adzuna.in/details/5858131069?utm_medium=api&utm_source=7a21a92b,5858131069,Sr Data Analyst (Tariff Data,0,eyJhbGciOiJIUzI1NiJ9.eyJpIjoiNTg1ODEzMTA2OSIsInMiOiI3akVvTDd2QThSR0c3NDdUVEROOHJRIn0.vZwj_K94AIqDkef4WmKnT3FeWyR3B3DhEIGgCk81vrM,73.84735,"['India', 'Maharashtra', 'Pune']",Adzuna::API::Response::Location,"Pune, Maharashtra",Staffnixcom,Adzuna::API::Response::Company,IT Jobs,it-jobs,Adzuna::API::Response::Category,1100000.0,1500000.0,,2026-10-05
2025-08-02T05:31:53Z,full_time,10.64215,"We are looking for a dynamic and skilled Data Science and Data Analyst Trainer with 2 to 5 years of hands-on industry and/or teaching experience. The ideal candidate should be able to simplify complex data concepts, mentor aspiring professionals, and deliver effective training programs in data analytics, data science, and business intelligence tools. Skills:- Tableau, Python, PowerBI, Machine Learning (ML), Artificial Intelligence (AI) and Deep Learning",Adzuna::API::Response::Job,https://www.adzuna.in/details/5333342202?utm_medium=api&utm_source=7a21a92b,5333342202,Data Analyst and Data science trainer,0,eyJhbGciOiJIUzI1NiJ9.eyJpIjoiNTMzMzM0MjIwMiIsInMiOiI3akVvTDd2QThSR0c3NDdUVEROOHJRIn0.sc14k_-MnMsrIYHwWhFQouxyjTQbRQ4oyjrELJ06My8,76.0448,"['India', 'Kerala', 'Thrissur', 'Chavakkad']",Adzuna::API::Response::Location,"Chavakkad, Thrissur",EDU TECH,Adzuna::API::Response::Company,IT Jobs,it-jobs,Adzuna::API::Response::Category,200000.0,600000.0,,2026-10-05
2026-09-10T07:38:49Z,,18.5062,"Data Analyst - Technical Data PM Pune Experience: 10-15 Years Skills: Key Responsibilities: Project Planning and Execution: Lead the end-to-end project management process, from initiation to closure. Develop comprehensive project plans, including scope, timelines, resources, and budget. Ensure project deliverables meet quality standards and are completed on time and within budget. Monitor and report on project progress, identifying and mitigating risks as they arise. Technical Leadership: Provi…",Adzuna::API::Response::Job,https://www.adzuna.in/details/5877845358?utm_medium=api&utm_source=7a21a92b,5877845358,Data Analyst - Technical Data PM,0,eyJhbGciOiJIUzI1NiJ9.eyJzIjoiN2pFb0w3dkE4UkdHNzQ3VFRETjhyUSIsImkiOiI1ODc3ODQ1MzU4In0._kCtiLnMGvCkHwpxQEfTjdHMfiqdPtipytuIEDZ1uIo,73.84735,"['India', 'Maharashtra', 'Pune']",Adzuna::API::Response::Location,"Pune, Maharashtra",Nihilent,Adzuna::API::Response::Company,IT Jobs,it-jobs,Adzuna::API::Response::Category,,,,2026-10-05
2026-08-07T07:27:33Z,,17.40275,"Job Purpose Senior Data Analyst, Market Data will join the Master Data Management team within Intercontinental Exchange (ICE). The Master Data Management Operations team is responsible for building and maintaining corporate company-wide data uniformity. This position will be responsible for managing high-level data sets (Business Entity, Client Segmentation, Contact Data etc.) and onboarding new acquisitions on schedule. The successful candidate will work on new and existing projects in close c…",Adzuna::API::Response::Job,https://www.adzuna.in/details/5831397505?utm_medium=api&utm_source=7a21a92b,5831397505,"Senior Data Analyst, Market Data",0,eyJhbGciOiJIUzI1NiJ9.eyJpIjoiNTgzMTM5NzUwNSIsInMiOiI3akVvTDd2QThSR0c3NDdUVEROOHJRIn0.JrucxnjOpRKIKJFZ9PItYkDqOD1wztG95VkAZXyQeYs,78.50806,"['India', 'Telangana', 'Hyderabad']",Adzuna::API::Response::Location,"Hyderabad, Telangana",ICE,Adzuna::API::Response::Company,IT Jobs,it-jobs,Adzuna::API::Response::Category,,,,2026-10-05
2026-09-15T16:15:15Z,full_time,19.00821,"About Us “Capco, a Wipro company, is a global technology and management consulting firm. Awarded with Consultancy of the year in the British Bank Award and has been ranked Top 100 Best Companies for Women in India 2022 by Avtar & Seramount . With our presence across 32 cities across globe, we support 100 clients across banking, financial and Energy sectors. We are recognized for our deep transformation execution and delivery. WHY JOIN CAPCO? You will work on engaging projects with the largest i…",Adzuna::API::Response::Job,https://www.adzuna.in/details/5884512105?utm_medium=api&utm_source=7a21a92b,5884512105,Data Analyst - Data Analyst L3 (5.1-7 years),0,eyJhbGciOiJIUzI1NiJ9.eyJpIjoiNTg4NDUxMjEwNSIsInMiOiI3akVvTDd2QThSR0c3NDdUVEROOHJRIn0.1Xl4Zk9YAo85XBnvoZis7ABpnfCGVaJXV6NSDqPFDcI,72.84415,"['India', 'Maharashtra', 'Mumbai']",Adzuna::API::Response::Location,"Mumbai, Maharashtra",Capco,Adzuna::API::Response::Company,IT Jobs,it-jobs,Adzuna::API::Response::Category,,,,2026-10-05
2025-04-25T04:45:08Z,full_time,19.00821,"What You will do: ● Play the role of Data Analyst / ML Engineer ● Collection, cleanup, exploration and visualization of data ● Perform statistical analysis on data and build ML models ● Implement ML models using some of the popular ML algorithms ● Use Excel to perform analytics on large amounts of data ● Understand, model and build to bring actionable business intelligence out of data that is available in different formats ● Work with data engineers to design, build, test and monitor data pipel…",Adzuna::API::Response::Job,https://www.adzuna.in/details/5161304220?utm_medium=api&utm_source=7a21a92b,5161304220,Data Analyst / ML Engineer,0,eyJhbGciOiJIUzI1NiJ9.eyJpIjoiNTE2MTMwNDIyMCIsInMiOiI3akVvTDd2QThSR0c3NDdUVEROOHJRIn0.mMQzQmX46Q6w-kiGXMnZfwZ4EA8ZJecJTyiVRfD7PN4,72.84415,"['India', 'Maharashtra', 'Mumbai']",Adzuna::API::Response::Location,"Mumbai, Maharashtra",Talent Pro,Adzuna::API::Response::Company,IT Jobs,it-jobs,Adzuna::API::Response::Category,2000000.0,4000000.0,,2026-10-05
2026-08-22T21:07:38Z,full_time,28.56579,"Data Analyst - Revenue Operations Location: Noida Type: Full-time About the Role We are seeking a motivated Data Analyst to join our Revenue Operations data and reporting team. This position is well suited to an individual who wishes to build a career in revenue operations, sales analytics, and go-to-market (GTM) systems. The successful candidate will support the Revenue Operations center of excellence by maintaining data integrity, preparing reports, and enabling the sales organization to oper…",Adzuna::API::Response::Job,https://www.adzuna.in/details/5852610226?utm_medium=api&utm_source=7a21a92b,5852610226,Data Analyst - Revenue Operations,0,eyJhbGciOiJIUzI1NiJ9.eyJzIjoiN2pFb0w3dkE4UkdHNzQ3VFRETjhyUSIsImkiOiI1ODUyNjEwMjI2In0.DMWbg0E9W4SPl1OEIOmtdlSfcRfxCETZ9x4YhuHw6Vw,77.3225,"['India', 'Uttar Pradesh', 'Ghaziabad', 'Noida']",Adzuna::API::Response::Location,"Noida, Ghaziabad",Clearwater Analytics,Adzuna::API::Response::Company,IT Jobs,it-jobs,Adzuna::API::Response::Category,,,,2026-10-05
2026-08-28T07:35:50Z,,18.5062,"Job Title: Aerospace Warranty Data Analyst Location: Pune Experience: 2-3 Years Education: Any Engineering Domain Notice Period: 15-30 Days Shift: General Shift Job Description: We are looking for an Aerospace Warranty Data Analyst with expertise in warranty, aftermarket data analysis, and reliability analysis within the aerospace industry . The ideal candidate should have a strong understanding of aerospace aftermarket business and be proficient in analyzing and interpreting warranty and relia…",Adzuna::API::Response::Job,https://www.adzuna.in/details/5859117636?utm_medium=api&utm_source=7a21a92b,5859117636,Aerospace Warranty Data Analyst,0,eyJhbGciOiJIUzI1NiJ9.eyJpIjoiNTg1OTExNzYzNiIsInMiOiI3akVvTDd2QThSR0c3NDdUVEROOHJRIn0.Suu6iXRffWDhoXHmK05eLs0SqsN2dKOBQO7JxtmBn-4,73.84735,"['India', 'Maharashtra', 'Pune']",Adzuna::API::Response::Location,"Pune, Maharashtra",Onward Technologies Limited,Adzuna::API::Response::Company,Engineering Jobs,engineering-jobs,Adzuna::API::Response::Category,,,,2026-10-05
2026-04-18T02:09:47Z,,28.323996,"Company Overview ClearView Healthcare Partners is a premier life sciences strategy consulting firm headquartered in Boston, with offices in San Francisco, New York City, London, Zurich and Gurgaon. Serving clients in the biopharmaceutical, medical device, and diagnostic spaces, we provide world-class strategic decision-making support across a diverse range of business issues. Our goal is to inform actionable recommendations that allow companies to achieve their business objectives. ClearView He…",Adzuna::API::Response::Job,https://www.adzuna.in/details/5702935490?utm_medium=api&utm_source=7a21a92b,5702935490,Data Analyst - Advanced Analytics,0,eyJhbGciOiJIUzI1NiJ9.eyJzIjoiN2pFb0w3dkE4UkdHNzQ3VFRETjhyUSIsImkiOiI1NzAyOTM1NDkwIn0.7r0gCy8Um7FrL0aTAZSRdUttHLopPidrHDwiqSEy9bQ,76.983738,"['India', 'Haryana', 'Gurgaon']",Adzuna::API::Response::Location,"Gurgaon, Haryana",ClearView Healthcare Partners,Adzuna::API::Response::Company,IT Jobs,it-jobs,Adzuna::API::Response::Category,,,,2026-10-05
2026-08-22T20:47:45Z,,,"Job title: Liquidity reporting Compliance Finance has mobilised a multi-year Integrity of Regulatory Reporting (IRR) programme to ensure that Regulatory Reporting across the Group is fit for purpose; accurate, timely and complete. The IRR programme is responsible for overseeing the design and implementation of a set of standards and control outcomes that will be consistently applied across the end-to-end Regulatory Reporting Process. IRR will drive the interconnectivity across various strategic…",Adzuna::API::Response::Job,https://www.adzuna.in/details/5852577088?utm_medium=api&utm_source=7a21a92b,5852577088,Liquidity Reporting- data analyst,0,eyJhbGciOiJIUzI1NiJ9.eyJzIjoiN2pFb0w3dkE4UkdHNzQ3VFRETjhyUSIsImkiOiI1ODUyNTc3MDg4In0.v1QdS7o_KTEKJudpqa_HNwy1dKbI4n8kEwjNH2HG5Ag,,['India'],Adzuna::API::Response::Location,India,Capco,Adzuna::API::Response::Company,Accounting & Finance Jobs,accounting-finance-jobs,Adzuna::API::Response::Category,,,,2026-10-05
2026-05-14T02:15:38Z,full_time,19.17335,"Description Junior data analyst who will support data driven decision making by collecting, analyzing, and interpreting data. The role involves working with business teams to generate insights, build reports, and improve operational efficiency. Creating reports/dashboards to enable data-driven decision making. Responsibilities Collect, clean and validate data from multiple sources Perform basic to intermediate data analysis Create dashboards using tools like Power BI/Excel Generate daily/weekly…",Adzuna::API::Response::Job,https://www.adzuna.in/details/5728314973?utm_medium=api&utm_source=7a21a92b,5728314973,Junior - Data Analyst| Thane,0,eyJhbGciOiJIUzI1NiJ9.eyJpIjoiNTcyODMxNDk3MyIsInMiOiI3akVvTDd2QThSR0c3NDdUVEROOHJRIn0.81aX6fG-bejAKUu5hSJN2XRmw8NSkrUh43HZstSjLw8,73.04845,"['India', 'Maharashtra', 'Thane']",Adzuna::API::Response::Location,"Thane, Maharashtra",CSB Bank,Adzuna::API::Response::Company,IT Jobs,it-jobs,Adzuna::API::Response::Category,,,,2026-10-05
2026-09-08T21:10:38Z,,,"Job Title: Senior Data Analyst Role Overview We are looking for a Senior Data Analyst to work on a broad range of data analytics, data visualization, and business intelligence initiatives across multiple industries. The role requires strong analytical skills, frequent client interaction, and the ability to translate business problems into effective analytical and BI solutions while collaborating closely with Data Engineering teams. Key Responsibilities Work on a wide range of data analytics, da…",Adzuna::API::Response::Job,https://www.adzuna.in/details/5875696221?utm_medium=api&utm_source=7a21a92b,5875696221,Senior Data Analyst- Tableau,0,eyJhbGciOiJIUzI1NiJ9.eyJpIjoiNTg3NTY5NjIyMSIsInMiOiI3akVvTDd2QThSR0c3NDdUVEROOHJRIn0.w4z0tF0qY_ZA5cHOfPPWAwtx4d9_7hb-3C49j6GE3jw,,"['India', 'Karnataka', 'Bangalore']",Adzuna::API::Response::Location,"Bangalore, Karnataka",Sigmoid,Adzuna::API::Response::Company,IT Jobs,it-jobs,Adzuna::API::Response::Category,,,,2026-10-05
2026-08-26T07:38:05Z,,,Key Responsibilities: A day in the life of an Infoscion As part of the Infosys delivery team your primary role would be to interface with the client for quality assurance issue resolution and ensuring high customer satisfaction You will understand requirements create and review designs validate the architecture and ensure high levels of service offerings to clients in the technology domain You will participate in project estimation provide inputs for solution delivery conduct technical risk pla…,Adzuna::API::Response::Job,https://www.adzuna.in/details/5856197181?utm_medium=api&utm_source=7a21a92b,5856197181,Healthcare_ Data Analyst_Q2,0,eyJhbGciOiJIUzI1NiJ9.eyJzIjoiN2pFb0w3dkE4UkdHNzQ3VFRETjhyUSIsImkiOiI1ODU2MTk3MTgxIn0._zZIoEaeyBN77pFbiND3Oj4d6FXirW4xurqhFBDU97M,,"['India', 'Karnataka', 'Bangalore']",Adzuna::API::Response::Location,"Bangalore, Karnataka",Infosys Limited,Adzuna::API::Response::Company,IT Jobs,it-jobs,Adzuna::API::Response::Category,,,,2026-10-05
2026-09-01T20:56:14Z,,19.00821,"Description Position at DNEG Position: Business Data Analyst (Senior) Department: Business Operations / Strategy Location: Mumbai - WFO Role Overview We are seeking a Business Data Analyst to support data-driven decision-making across production, operations, recruitment, finance, and business strategy within the VFX and media industry. The ideal candidate will transform complex data into actionable insights, helping leadership optimize resource planning, project performance, talent acquisition,…",Adzuna::API::Response::Job,https://www.adzuna.in/details/5864839902?utm_medium=api&utm_source=7a21a92b,5864839902,Senior Business Data Analyst,0,eyJhbGciOiJIUzI1NiJ9.eyJpIjoiNTg2NDgzOTkwMiIsInMiOiI3akVvTDd2QThSR0c3NDdUVEROOHJRIn0.cDWXPxtq9UXbCKwaB46qj1BJ9vccTKhIAZe4IwvMQto,72.84415,"['India', 'Maharashtra', 'Mumbai']",Adzuna::API::Response::Location,"Mumbai, Maharashtra",DNEG,Adzuna::API::Response::Company,IT Jobs,it-jobs,Adzuna::API::Response::Category,,,,2026-10-05
2026-08-20T11:09:52Z,,,"Title: GCC HR Data Analyst Supervisor Location: ADM Capability Center Role Overview: The Global HR Data & Analytics team enables insight-led decision making across the enterprise by providing trusted, consistent, and scalable workforce data, reporting, and analytics support. As part of the Global Capability Center, the GCC HR Data Analyst Supervisor serves as the day-to-day lead for HR Data & Analytics delivery, overseeing a team of analysts and ensuring accurate, timely, and consistent executi…",Adzuna::API::Response::Job,https://www.adzuna.in/details/5849314595?utm_medium=api&utm_source=7a21a92b,5849314595,HR Data Analyst Supervisor,0,eyJhbGciOiJIUzI1NiJ9.eyJpIjoiNTg0OTMxNDU5NSIsInMiOiI3akVvTDd2QThSR0c3NDdUVEROOHJRIn0.9LieMWqBAzGLAMrM7jm0OhjUDhcmF03ehYS7yZ481SY,,"['India', 'Karnataka', 'Bangalore']",Adzuna::API::Response::Location,"Bangalore, Karnataka",ADM,Adzuna::API::Response::Company,HR & Recruitment Jobs,hr-jobs,Adzuna::API::Response::Category,,,,2026-10-05
2024-01-07T15:08:03Z,full_time,,"Roles & Responsibilities: Prepare and maintain E-commerce reports. Performing analysis to assess quality and meaning of data Preparing reports for the management stating trends, patterns, and predictions using relevant data Streamlining communication channels between Sales, Operations, Accounts and other teams. Build relationships with Marketplace Sellers/logistics partners/third party vendor/ payment gateways. Assigning numerical value to essential business functions so that business performan…",Adzuna::API::Response::Job,https://www.adzuna.in/details/4514376542?utm_medium=api&utm_source=7a21a92b,4514376542,E- commerce Data Analyst,0,eyJhbGciOiJIUzI1NiJ9.eyJzIjoiN2pFb0w3dkE4UkdHNzQ3VFRETjhyUSIsImkiOiI0NTE0Mzc2NTQyIn0.Js9IQ8L3EkzfdOUzHXMldmUa2AySa0jC-aTCznhXBlw,,"['India', 'Karnataka', 'Bangalore']",Adzuna::API::Response::Location,"Bangalore, Karnataka",Qrata,Adzuna::API::Response::Company,IT Jobs,it-jobs,Adzuna::API::Response::Category,500000.0,800000.0,,2026-10-05
2025-05-26T02:02:33Z,,,Job Title – Data Analyst Place of work - Mumbai Business Unit – Data & Analytics Function - COO Job Purpose : Own specific work streams within the context of a larger projects Manage internal processes necessary for successful project implementation Perform research needed to execute projects Document project activities to adhere to controls processes Work with cross functional stakeholders to increase adoption of analytics in decision making Independently execute projects Roles & Responsibilit…,Adzuna::API::Response::Job,https://www.adzuna.in/details/5216157760?utm_medium=api&utm_source=7a21a92b,5216157760,Data Analyst - wholesale banking,0,eyJhbGciOiJIUzI1NiJ9.eyJzIjoiN2pFb0w3dkE4UkdHNzQ3VFRETjhyUSIsImkiOiI1MjE2MTU3NzYwIn0.YDbQ8_3zTwbGOI9w5NlHgFduguJkcYQCiWAU63eq7UM,,['India'],Adzuna::API::Response::Location,India,Asterion,Adzuna::API::Response::Company,Consultancy Jobs,consultancy-jobs,Adzuna::API::Response::Category,,,,2026-10-05
2026-10-04T11:51:39Z,,,"Job Scope: Analytics & Information Management AIM is a global community that is driving data driven transformation across Citi in multiple functions with the objective to create actionable intelligence for our business leaders. We are a fast-growing organization working with Citi businesses and functions across the world. Client Remediation Analytics The Client Remediation - Data Analyst, accomplishes results through the management of professional team that Integrates subject matter and industr…",Adzuna::API::Response::Job,https://www.adzuna.in/details/5911187231?utm_medium=api&utm_source=7a21a92b,5911187231,Data Analyst with SAS & SQL,0,eyJhbGciOiJIUzI1NiJ9.eyJpIjoiNTkxMTE4NzIzMSIsInMiOiI3akVvTDd2QThSR0c3NDdUVEROOHJRIn0.CLjkv6DJQ31Hyf3ntestZjUhYOb_mHT02p9yniKjgjw,,"['India', 'Karnataka', 'Bangalore']",Adzuna::API::Response::Location,"Bangalore, Karnataka",Citigroup,Adzuna::API::Response::Company,IT Jobs,it-jobs,Adzuna::API::Response::Category,,,,2026-10-05
2026-09-10T07:37:22Z,,17.40275,"ModMed is hiring a driven Senior Data Analyst 1 to join our high-performing Software Product Development team. This is an exciting opportunity to work with a hyper-growth SaaS company that is truly Modernizing Medicine! Data Analysis and Reporting : Analyze structured and unstructured data to identify trends and actionable insights that align with business objectives. Visualization : Use tools like Tableau, Power BI, or Looker to create dashboards that clearly communicate data insights to stake…",Adzuna::API::Response::Job,https://www.adzuna.in/details/5877844187?utm_medium=api&utm_source=7a21a92b,5877844187,Senior Data Analyst 1,0,eyJhbGciOiJIUzI1NiJ9.eyJzIjoiN2pFb0w3dkE4UkdHNzQ3VFRETjhyUSIsImkiOiI1ODc3ODQ0MTg3In0.fzomg2JZlmxJCVEEe6uETQxrAuHEmyjCYKoVyrX-O6E,78.50806,"['India', 'Telangana', 'Hyderabad']",Adzuna::API::Response::Location,"Hyderabad, Telangana",ModMed Technologies India Private Lid,Adzuna::API::Response::Company,IT Jobs,it-jobs,Adzuna::API::Response::Category,,,,2026-10-05
2026-08-14T20:49:33Z,full_time,,"Senior Data Analyst-I Do you like working with data and analytics to gain insight to solve problems? Do you enjoy collaborating across teams to build and deliver products that make a difference? About Our Team:- The Content and Data Analytics team is part of DataOps within Global Operations at Elsevier. We provide analytics services primarily using Databricks, supporting Product Owners, Product Managers, Data Scientists, and Research Data Platform domain teams. Our work contributes to Elsevier …",Adzuna::API::Response::Job,https://www.adzuna.in/details/5841929681?utm_medium=api&utm_source=7a21a92b,5841929681,Senior Data Analyst I,0,eyJhbGciOiJIUzI1NiJ9.eyJpIjoiNTg0MTkyOTY4MSIsInMiOiI3akVvTDd2QThSR0c3NDdUVEROOHJRIn0.nLBTE8POxwBSsU4aDBdIOlJ0czConMmMNUmj4cDiy_Q,,['India'],Adzuna::API::Response::Location,India,Elsevier,Adzuna::API::Response::Company,IT Jobs,it-jobs,Adzuna::API::Response::Category,,,,2026-10-05
2026-07-12T03:12:40Z,full_time,,"Sr. Data Analyst Ready to turn bold ideas into real-world impact? At Genpact, we don’t just adapt to change, we lead it. AI and digital innovation are transforming the way businesses work, and we’re at the forefront of it. Genpact’s AI Gigafactory , our industry-first accelerator, exemplifies how we scale advanced technology solutions to help global enterprises work smarter, grow faster, and transform at scale. Whether tackling complex challenges through large-scale models or agentic AI , our b…",Adzuna::API::Response::Job,https://www.adzuna.in/details/5797292800?utm_medium=api&utm_source=7a21a92b,5797292800,Sr. Data Analyst 4B,0,eyJhbGciOiJIUzI1NiJ9.eyJpIjoiNTc5NzI5MjgwMCIsInMiOiI3akVvTDd2QThSR0c3NDdUVEROOHJRIn0.7-0GwFZT2ml3ZNeCQTXF5RQ8PoeGV5FnfoMvNCkjAN4,,['India'],Adzuna::API::Response::Location,India,Genpact,Adzuna::API::Response::Company,IT Jobs,it-jobs,Adzuna::API::Response::Category,,,,2026-10-05
2026-09-26T16:17:42Z,full_time,,"Translate business needs into technical specs for data engineers; define and validate data quality across ETL processes and systems Collaborate with cross-functional teams (Business, IT functional and Technical Teams) to support Data Engineers build the data products. Analyze complex SAP/Non-SAP datasets to help in data modeling Support data mappings, verify the correctness of Data Products and adhering to Data Quality Norms  Develop data collection and automation workflows using cloud service…",Adzuna::API::Response::Job,https://www.adzuna.in/details/5899550126?utm_medium=api&utm_source=7a21a92b,5899550126,Data Analyst/Business Analyst,0,eyJhbGciOiJIUzI1NiJ9.eyJpIjoiNTg5OTU1MDEyNiIsInMiOiI3akVvTDd2QThSR0c3NDdUVEROOHJRIn0.ZgKFQwFi5O9uFMqYu7GiT_FRuTZ0U4nFCKnxCeEqOac,,"['India', 'Karnataka', 'Bangalore']",Adzuna::API::Response::Location,"Bangalore, Karnataka",Unison Group,Adzuna::API::Response::Company,IT Jobs,it-jobs,Adzuna::API::Response::Category,,,,2026-10-05
2026-09-26T16:17:42Z,full_time,17.40275,"Translate business needs into technical specs for data engineers; define and validate data quality across ETL processes and systems Collaborate with cross-functional teams (Business, IT functional and Technical Teams) to support Data Engineers build the data products. Analyze complex SAP/Non-SAP datasets to help in data modeling Support data mappings, verify the correctness of Data Products and adhering to Data Quality Norms  Develop data collection and automation workflows using cloud service…",Adzuna::API::Response::Job,https://www.adzuna.in/details/5899550128?utm_medium=api&utm_source=7a21a92b,5899550128,Data Analyst/Business Analyst,0,eyJhbGciOiJIUzI1NiJ9.eyJzIjoiN2pFb0w3dkE4UkdHNzQ3VFRETjhyUSIsImkiOiI1ODk5NTUwMTI4In0.HtuCpwnp9iwTjf--lOjQ-OJuL4ti8UvzyX3XSD4rMhk,78.50806,"['India', 'Telangana', 'Hyderabad']",Adzuna::API::Response::Location,"Hyderabad, Telangana",Unison Group,Adzuna::API::Response::Company,IT Jobs,it-jobs,Adzuna::API::Response::Category,,,,2026-10-05
2026-08-16T11:25:36Z,,,"Bengaluru Gurgaon Chennai Full time R116815 Senior Data Analyst-I Do you like working with data and analytics to gain insight to solve problems? Do you enjoy collaborating across teams to build and deliver products that make a difference? About Our Team:- The Content and Data Analytics team is part of DataOps within Global Operations at Elsevier. We provide analytics services primarily using Databricks, supporting Product Owners, Product Managers, Data Scientists, and Research Data Platform dom…",Adzuna::API::Response::Job,https://www.adzuna.in/details/5843994207?utm_medium=api&utm_source=7a21a92b,5843994207,Senior Data Analyst I,0,eyJhbGciOiJIUzI1NiJ9.eyJzIjoiN2pFb0w3dkE4UkdHNzQ3VFRETjhyUSIsImkiOiI1ODQzOTk0MjA3In0.G9MYH2p96POM0oPJPhevqkRXc_woCkiwi2mAqmkhPhk,,"['India', 'Karnataka', 'Bangalore']",Adzuna::API::Response::Location,"Bangalore, Karnataka",RELX INC,Adzuna::API::Response::Company,IT Jobs,it-jobs,Adzuna::API::Response::Category,,,,2026-10-05
2026-08-16T11:25:36Z,,13.06041,"Bengaluru Gurgaon Chennai Full time R116815 Senior Data Analyst-I Do you like working with data and analytics to gain insight to solve problems? Do you enjoy collaborating across teams to build and deliver products that make a difference? About Our Team:- The Content and Data Analytics team is part of DataOps within Global Operations at Elsevier. We provide analytics services primarily using Databricks, supporting Product Owners, Product Managers, Data Scientists, and Research Data Platform dom…",Adzuna::API::Response::Job,https://www.adzuna.in/details/5843994203?utm_medium=api&utm_source=7a21a92b,5843994203,Senior Data Analyst I,0,eyJhbGciOiJIUzI1NiJ9.eyJzIjoiN2pFb0w3dkE4UkdHNzQ3VFRETjhyUSIsImkiOiI1ODQzOTk0MjAzIn0.D_y2PQ57JCDv58d6EqWLGNquBpWYDLzdnChuYa3CH0E,80.24963,"['India', 'Tamil Nadu', 'Chennai']",Adzuna::API::Response::Location,"Chennai, Tamil Nadu",RELX INC,Adzuna::API::Response::Company,IT Jobs,it-jobs,Adzuna::API::Response::Category,,,,2026-10-05
2026-09-02T21:33:46Z,full_time,,"Sr. Data Analyst Ready to turn bold ideas into real-world impact? At Genpact, we don’t just adapt to change, we lead it. AI and digital innovation are transforming the way businesses work, and we’re at the forefront of it. Genpact’s AI Gigafactory , our industry-first accelerator, exemplifies how we scale advanced technology solutions to help global enterprises work smarter, grow faster, and transform at scale. Whether tackling complex challenges through large-scale models or agentic AI , our b…",Adzuna::API::Response::Job,https://www.adzuna.in/details/5867232971?utm_medium=api&utm_source=7a21a92b,5867232971,Sr. Data Analyst 4A,0,eyJhbGciOiJIUzI1NiJ9.eyJzIjoiN2pFb0w3dkE4UkdHNzQ3VFRETjhyUSIsImkiOiI1ODY3MjMyOTcxIn0.jztYJzRdHGMfZ71jg7m83l_gRTnEQX16gldjcPboAjM,,['India'],Adzuna::API::Response::Location,India,Genpact,Adzuna::API::Response::Company,IT Jobs,it-jobs,Adzuna::API::Response::Category,,,,2026-10-05
2026-07-29T20:49:08Z,full_time,,"Job Description Purpose of the role To enable data-driven strategic and operational decision making through extracting actionable insights from large datasets, performing statistical and advanced analytics to uncover trends and patterns, and presenting findings through clear visualisations and reports. Accountabilities Investigation and analysis of data issues related to quality, lineage, controls, and authoritative source identification, documenting data sources, methodologies, and quality fin…",Adzuna::API::Response::Job,https://www.adzuna.in/details/5819875080?utm_medium=api&utm_source=7a21a92b,5819875080,Senior Data Analyst - AVP,0,eyJhbGciOiJIUzI1NiJ9.eyJpIjoiNTgxOTg3NTA4MCIsInMiOiI3akVvTDd2QThSR0c3NDdUVEROOHJRIn0.26bOj7jkmKcmQM9kQQir3th2GICuuiqsVBtGVJVNv7k,,['India'],Adzuna::API::Response::Location,India,Barclays,Adzuna::API::Response::Company,IT Jobs,it-jobs,Adzuna::API::Response::Category,,,,2026-10-05
2026-10-01T21:30:40Z,full_time,,"Lead Reinsurance Data Analyst, Assurant, GCC-India This role is responsible for executing and optimizing reinsurance operations with a strong focus on accuracy, controls, and efficiency. The Lead Reinsurance Data Analyst operates as an individual contributor. The role evaluates data analyses, process optimization plans, business intelligence and AI-enabled tools to enhance operational effectiveness, improve cycle times, and strengthen controls. This position drives the modernization of processe…",Adzuna::API::Response::Job,https://www.adzuna.in/details/5905922956?utm_medium=api&utm_source=7a21a92b,5905922956,Lead Reinsurance Data Analyst,0,eyJhbGciOiJIUzI1NiJ9.eyJpIjoiNTkwNTkyMjk1NiIsInMiOiI3akVvTDd2QThSR0c3NDdUVEROOHJRIn0.aDF-tBPvG8Y1IxL9VDYOJShDJvMxWEUOvE18HTmTfzs,,"['India', 'Karnataka', 'Bangalore']",Adzuna::API::Response::Location,"Bangalore, Karnataka",Assurant Warranty Solutions,Adzuna::API::Response::Company,IT Jobs,it-jobs,Adzuna::API::Response::Category,,,,2026-10-05
2025-06-14T02:58:20Z,,,"Job Roles and Responsibilities: Update all details of the contact on Rolo CRM. Handle all activities on internal Rolo CRM . ⁠Develop complete understanding of Rolo CRM. Check each team member daily engagement on Rolo CRM. Create detailed reports, including brand performance reports and team reports, using Excel (pivot tables, charts, and formulas). Develop dynamic dashboards to track KPIs, CRM updates, and key business metrics. Analyze and provide insights from meeting feedback to improve strat…",Adzuna::API::Response::Job,https://www.adzuna.in/details/5249443156?utm_medium=api&utm_source=7a21a92b,5249443156,Data Analyst- Building Materials,0,eyJhbGciOiJIUzI1NiJ9.eyJpIjoiNTI0OTQ0MzE1NiIsInMiOiI3akVvTDd2QThSR0c3NDdUVEROOHJRIn0._J6QiBG1dZiYUV2IAVHXaRP18AHNZdYriysCXGxIAgo,,"['India', 'Karnataka', 'Bangalore']",Adzuna::API::Response::Location,"Bangalore, Karnataka",The Search House,Adzuna::API::Response::Company,IT Jobs,it-jobs,Adzuna::API::Response::Category,,,,2026-10-05
2026-08-08T20:56:35Z,full_time,17.40275,"About the role As a data analyst, you’ll support engineering decision-making across our product lines, with a focus on electrical transformer design and power systems analysis. You'll build tools, scripts, and models to help engineers analyse data, optimize designs, and validate performance. Our integrated model of combining advanced engineering, tight supply-chain control, and exceptional service empowers you to build resilient solutions that restore reliability and control to the operators wh…",Adzuna::API::Response::Job,https://www.adzuna.in/details/5833598910?utm_medium=api&utm_source=7a21a92b,5833598910,Data Analyst – Engineering Systems,0,eyJhbGciOiJIUzI1NiJ9.eyJzIjoiN2pFb0w3dkE4UkdHNzQ3VFRETjhyUSIsImkiOiI1ODMzNTk4OTEwIn0.6yz2gIw12mBDYD_eqtp0jI0yDL-WAlBFxFbA8ilBhB4,78.50806,"['India', 'Telangana', 'Hyderabad']",Adzuna::API::Response::Location,"Hyderabad, Telangana",Ayr Energy,Adzuna::API::Response::Company,Engineering Jobs,engineering-jobs,Adzuna::API::Response::Category,,,,2026-10-05
2021-09-03T01:56:14Z,full_time,,"If you are interested in joining a purpose-driven community that is dedicated to creating ambitious and inclusive workplaces, then be a part of a high growth startup with a world class team, building a revolutionary product Our client is a vertical fintech play focused on solving industry-specific financing gaps in the food sector through the application of data. The platform provides skin-in-the-game growth capital to much-loved F&B brands. Founded in 2019, they're VC funded and based out of S…",Adzuna::API::Response::Job,https://www.adzuna.in/details/2427499955?utm_medium=api&utm_source=7a21a92b,2427499955,Data Analyst - Underwriting & Risk,0,eyJhbGciOiJIUzI1NiJ9.eyJzIjoiN2pFb0w3dkE4UkdHNzQ3VFRETjhyUSIsImkiOiIyNDI3NDk5OTU1In0.rrq6njH4j19cxg2NjnpR_WzWXWDSIeOTPRDTOmtBvpg,,"['India', 'Karnataka', 'Bangalore']",Adzuna::API::Response::Location,"Bangalore, Karnataka",Unnati,Adzuna::API::Response::Company,Accounting & Finance Jobs,accounting-finance-jobs,Adzuna::API::Response::Category,500000.0,1500000.0,,2026-10-05
2026-10-02T21:44:40Z,full_time,,"Data Analyst Job Summary: The Assistant Manager – Data Analytics will support the data analytics function in driving revenue optimization, operational efficiency, enhancing customer experience, and enabling data-driven decision-making across the airline. This role involves hands-on data analysis, reporting, and dashboard development, while collaborating with cross-functional teams to generate actionable insights. The position requires strong analytical and technical skills, a problem-solving mi…",Adzuna::API::Response::Job,https://www.adzuna.in/details/5908398822?utm_medium=api&utm_source=7a21a92b,5908398822,Assistant Manager - Data Analyst,0,eyJhbGciOiJIUzI1NiJ9.eyJzIjoiN2pFb0w3dkE4UkdHNzQ3VFRETjhyUSIsImkiOiI1OTA4Mzk4ODIyIn0.okMjoKYi6Ht9kp7_MWTNOJNV5GR-2OEOF5-2QHB2rRQ,,['India'],Adzuna::API::Response::Location,India,SNV Aviation,Adzuna::API::Response::Company,IT Jobs,it-jobs,Adzuna::API::Response::Category,600000.0,600000.0,,2026-10-05
2026-10-01T21:31:16Z,full_time,,"Lead Reinsurance Data Analyst, Assurant, GCC-India This role is responsible for executing and optimizing reinsurance operations with a strong focus on accuracy, controls, and efficiency. The Lead Reinsurance Data Analyst operates as an individual contributor. The role evaluates data analyses, process optimization plans, business intelligence and AI-enabled tools to enhance operational effectiveness, improve cycle times, and strengthen controls. This position drives the modernization of processe…",Adzuna::API::Response::Job,https://www.adzuna.in/details/5905923899?utm_medium=api&utm_source=7a21a92b,5905923899,Lead Reinsurance Data Analyst,0,eyJhbGciOiJIUzI1NiJ9.eyJpIjoiNTkwNTkyMzg5OSIsInMiOiI3akVvTDd2QThSR0c3NDdUVEROOHJRIn0.SHa4HjL9OETvzDwcjRsIDub-nm4g58VmLz4M2gK_8f0,,"['India', 'Karnataka', 'Bangalore']",Adzuna::API::Response::Location,"Bangalore, Karnataka",Assurant,Adzuna::API::Response::Company,IT Jobs,it-jobs,Adzuna::API::Response::Category,,,,2026-10-05
2026-10-03T21:20:07Z,full_time,,"Job Description: Job Title: Reference Data Analyst, NCT Location: Bangalore, India Role Description The Reference Data & SSI Operations Analyst is responsible for managing, validating, and maintaining high-quality strategic data across the organization's systems. This role ensures data accuracy for regulatory compliance and business operations, handles the end-to-end setup of Standard Settlement Instructions (SSIs), and collaborates with key stakeholders to support long-term data efficiency and…",Adzuna::API::Response::Job,https://www.adzuna.in/details/5910196732?utm_medium=api&utm_source=7a21a92b,5910196732,"Reference Data Analyst, NCT",0,eyJhbGciOiJIUzI1NiJ9.eyJpIjoiNTkxMDE5NjczMiIsInMiOiI3akVvTDd2QThSR0c3NDdUVEROOHJRIn0.4eB5eoL6Vo52ZWnsiB76SE4xuzqfj4TVjAl7zgW_LBg,,['India'],Adzuna::API::Response::Location,India,Deutsche Bank,Adzuna::API::Response::Company,Accounting & Finance Jobs,accounting-finance-jobs,Adzuna::API::Response::Category,,,,2026-10-05
2026-08-07T20:55:11Z,full_time,30.75395,"Description The S&P (Survey and Positioning) Hydrographic Survey Data Analyst is responsible for data processing and analysis activities required for job preparation, field support, office QC, final reporting QC, final deliverable QC, and project close out activities assigned by Project Management. This position operates company supplied computers with appropriate software programs to support data processing and analysis tasks. This position interfaces closely with the offshore staff, GIS and P…",Adzuna::API::Response::Job,https://www.adzuna.in/details/5832090748?utm_medium=api&utm_source=7a21a92b,5832090748,Principal Survey Data Analyst,0,eyJhbGciOiJIUzI1NiJ9.eyJzIjoiN2pFb0w3dkE4UkdHNzQ3VFRETjhyUSIsImkiOiI1ODMyMDkwNzQ4In0.eJ4oZQbaRtq8JVqateT51oeSlw2nK-7TS5g9_XWA3dk,76.76094,"['India', 'Chandigarh']",Adzuna::API::Response::Location,"Chandigarh, India",Oceaneering,Adzuna::API::Response::Company,"Energy, Oil & Gas Jobs",energy-oil-gas-jobs,Adzuna::API::Response::Category,,,,2026-10-05
2025-05-19T01:54:34Z,,,"To be successful in this role as a Vice President-Lead Data Analyst, you should possess the following skillsets: Experience in Data Management, Governance including records management and ability to review business processes from data lens and identify critical upstream and downstream components especially in financial services organization – understanding of models, EUDAs etc. Strong understanding of data governance, quality, controls, lineage and reference data/metadata management including r…",Adzuna::API::Response::Job,https://www.adzuna.in/details/5205499598?utm_medium=api&utm_source=7a21a92b,5205499598,VP - Lead Data Analyst,0,eyJhbGciOiJIUzI1NiJ9.eyJpIjoiNTIwNTQ5OTU5OCIsInMiOiI3akVvTDd2QThSR0c3NDdUVEROOHJRIn0.EZ8tta7chvKV2yKItpoH-sy-bEGy_YBe97SYleOuYuM,,['India'],Adzuna::API::Response::Location,India,Asterion,Adzuna::API::Response::Company,IT Jobs,it-jobs,Adzuna::API::Response::Category,,,,2026-10-05
2026-10-02T11:15:45Z,,,"Reporting & Automation Analyst - AIM, Gurugram Excited to grow your career?  We value our talented employees, and whenever possible strive to help one of our associates grow professionally before recruiting new talent to our open positions. If you think the open position, you see is right for you, we encourage you to apply!  Our people make all the difference in our success.  We are seeking an experienced and strategic Data Analyst for our Data/Information Management Team. The ideal candidate w…",Adzuna::API::Response::Job,https://www.adzuna.in/details/5907461738?utm_medium=api&utm_source=7a21a92b,5907461738,Data Analyst-Reporting and Automation,0,eyJhbGciOiJIUzI1NiJ9.eyJzIjoiN2pFb0w3dkE4UkdHNzQ3VFRETjhyUSIsImkiOiI1OTA3NDYxNzM4In0.nTNIVz34s0FegwYx00BfjlQKcrfyt3YZEiIOOY9fLQc,,['India'],Adzuna::API::Response::Location,India,Citigroup,Adzuna::API::Response::Company,IT Jobs,it-jobs,Adzuna::API::Response::Category,,,,2026-10-05
2026-04-03T01:52:11Z,full_time,,"What can you expect as a FedEx team member? Career Mobility and Development : When you join FedEx, you’re joining a team with possibilities that literally span the world—from opportunities for advancement and location transfer, to training and leadership programs. Total Compensation and Benefits Package : We want to keep our employees for a long time, so we offer competitive benefits, opportunities for flexible work arrangements, and programs to support well-being. Equal Opportunities Our great…",Adzuna::API::Response::Job,https://www.adzuna.in/details/5687725924?utm_medium=api&utm_source=7a21a92b,5687725924,Data Analyst-Senior II,0,eyJhbGciOiJIUzI1NiJ9.eyJpIjoiNTY4NzcyNTkyNCIsInMiOiI3akVvTDd2QThSR0c3NDdUVEROOHJRIn0.B0LaRTppeyTJ-zemch3wwBL16-WmfCrV_2f46sju9H8,,['India'],Adzuna::API::Response::Location,India,FedEx,Adzuna::API::Response::Company,Engineering Jobs,engineering-jobs,Adzuna::API::Response::Category,,,,2026-10-05
2026-09-26T16:15:21Z,full_time,,"Who we are About Stripe Stripe is a financial infrastructure platform for businesses. Millions of companies—from the world’s largest enterprises to the most ambitious startups—use Stripe to accept payments, grow their revenue, and accelerate new business opportunities. Our mission is to increase the GDP of the internet, and we have a staggering amount of work ahead. That means you have an unprecedented opportunity to put the global economy within everyone’s reach while doing the most important …",Adzuna::API::Response::Job,https://www.adzuna.in/details/5899538231?utm_medium=api&utm_source=7a21a92b,5899538231,"Data Analyst, Global Growth",0,eyJhbGciOiJIUzI1NiJ9.eyJzIjoiN2pFb0w3dkE4UkdHNzQ3VFRETjhyUSIsImkiOiI1ODk5NTM4MjMxIn0.sivjlgx5DF-4Nns2aOXs6bpQaAWSsZ2NsBrp3lM1ovc,,['India'],Adzuna::API::Response::Location,India,Stripe,Adzuna::API::Response::Company,IT Jobs,it-jobs,Adzuna::API::Response::Category,,,permanent,2026-10-05
2026-08-08T07:28:17Z,,,"About the Role You will be a part of a pool of analysts responsible for analyzing the financial performance of the Business Unit Life & Health Reinsurance (BU LH Re). We support our leading client managers and underwriters in managing and steering their client relationships and portfolios. In this role, you will work closely with all teams within BU LH Re Finance across locations to drive digital transformation and analytics initiatives. Key Responsibilities Gather requirements from sub-BU team…",Adzuna::API::Response::Job,https://www.adzuna.in/details/5832796068?utm_medium=api&utm_source=7a21a92b,5832796068,Senior Data Analyst I,0,eyJhbGciOiJIUzI1NiJ9.eyJpIjoiNTgzMjc5NjA2OCIsInMiOiI3akVvTDd2QThSR0c3NDdUVEROOHJRIn0.w2FReOiCM0XGJDjJNf0ucQwGAttd6l_QltCHPysZTqs,,"['India', 'Karnataka', 'Bangalore']",Adzuna::API::Response::Location,"Bangalore, Karnataka",SWISS RE,Adzuna::API::Response::Company,IT Jobs,it-jobs,Adzuna::API::Response::Category,,,,2026-10-05
2026-09-23T21:25:21Z,full_time,,"Job Family : EBO Management Information System (India) Travel Required : Up to 25% Clearance Required : None What You Will Do : Gather data from primary and secondary sources, ensuring the upkeep of databases and data systems. Detect, examine, and decode trends or patterns within intricate datasets. Cleanse data and scrutinize computer-generated reports and outputs to identify and rectify coding errors. Coordinate with management to align business and informational priorities. Track process met…",Adzuna::API::Response::Job,https://www.adzuna.in/details/5895353519?utm_medium=api&utm_source=7a21a92b,5895353519,Assistant Manager - Data Analyst,0,eyJhbGciOiJIUzI1NiJ9.eyJzIjoiN2pFb0w3dkE4UkdHNzQ3VFRETjhyUSIsImkiOiI1ODk1MzUzNTE5In0.cgZfWzitM1lPceSNhzdU6tH0p8UaMHCO8am105iLSa0,,['India'],Adzuna::API::Response::Location,India,Guidehouse,Adzuna::API::Response::Company,IT Jobs,it-jobs,Adzuna::API::Response::Category,,,,2026-10-05
2026-10-04T11:51:38Z,,,"The Data Analyst is a developing professional role. Applies specialty area knowledge in monitoring, assessing, analyzing and/or evaluating processes and data. Identifies policy gaps and formulates policies. Interprets data and makes recommendations. Researches and interprets factual information. Identifies inconsistencies in data or results, defines business issues and formulates recommendations on policies, procedures or practices. Integrates established disciplinary knowledge within own speci…",Adzuna::API::Response::Job,https://www.adzuna.in/details/5911187207?utm_medium=api&utm_source=7a21a92b,5911187207,Data Analyst with SAS and SQL,0,eyJhbGciOiJIUzI1NiJ9.eyJpIjoiNTkxMTE4NzIwNyIsInMiOiJia0pRTUx2QThSR1Zkb2dMSjJPcjdRIn0.7E_OZG_JF3x2Mqhq1ra2QlH3esez7jfuniBkeTf7564,,"['India', 'Karnataka', 'Bangalore']",Adzuna::API::Response::Location,"Bangalore, Karnataka",Citigroup,Adzuna::API::Response::Company,IT Jobs,it-jobs,Adzuna::API::Response::Category,,,,2026-10-05
2026-08-15T20:57:23Z,,,"Description As an Arcadian, you already help us deliver world leading sustainable design, engineering, and consultancy solutions for natural and built assets. You are part of our global business comprising 34,000 people, in over 30 countries, dedicated to improving quality of life. Everyone has an important role to play. With the power of many curious minds, together we can continue to solve the world’s most complex challenges and deliver more impact together. This role is to support integratio…",Adzuna::API::Response::Job,https://www.adzuna.in/details/5843168823?utm_medium=api&utm_source=7a21a92b,5843168823,Global HSW Data Analyst,0,eyJhbGciOiJIUzI1NiJ9.eyJzIjoiYmtKUU1MdkE4UkdWZG9nTEoyT3I3USIsImkiOiI1ODQzMTY4ODIzIn0.BcttFSSgrEnGVRUUvI_I0Htiur1C64m8hHw7TJ27sH4,,['India'],Adzuna::API::Response::Location,India,Arcadis,Adzuna::API::Response::Company,IT Jobs,it-jobs,Adzuna::API::Response::Category,,,,2026-10-05
2026-09-12T16:13:34Z,full_time,13.06041,"Comcast brings together the best in media and technology. We drive innovation to create the world's best entertainment and online experiences. As a Fortune 50 leader, we set the pace in a variety of innovative and fascinating businesses and create career opportunities across a wide range of locations and disciplines. We are at the forefront of change and move at an amazing pace, thanks to our remarkable people, who bring cutting-edge products and services to life for millions of customers every…",Adzuna::API::Response::Job,https://www.adzuna.in/details/5880854014?utm_medium=api&utm_source=7a21a92b,5880854014,Salesforce Data Analyst 2,0,eyJhbGciOiJIUzI1NiJ9.eyJzIjoiYmtKUU1MdkE4UkdWZG9nTEoyT3I3USIsImkiOiI1ODgwODU0MDE0In0.0oWY9sKeyuYWusfjSgoT7vjkGQgRNq8MzjW8VAJ4mRk,80.24963,"['India', 'Tamil Nadu', 'Chennai']",Adzuna::API::Response::Location,"Chennai, Tamil Nadu",Comcast,Adzuna::API::Response::Company,IT Jobs,it-jobs,Adzuna::API::Response::Category,,,,2026-10-05
2026-09-19T16:16:22Z,full_time,,"Position title: Business Intelligence and Data Analyst Summary - • Operate and continuously improve the CARS/BI backend within the global Enterprise Data and Business Intelligence platform, ensuring system stability, continuous data loading, and Warehouse the timely delivery of business-critical reports. • Own the underlying data foundation — SQL pipelines, relational data models, and data warehouse structures — that internal reporting teams and global Data Management initiatives depend on, and…",Adzuna::API::Response::Job,https://www.adzuna.in/details/5890494495?utm_medium=api&utm_source=7a21a92b,5890494495,Business Intelligence and Data Analyst,0,eyJhbGciOiJIUzI1NiJ9.eyJpIjoiNTg5MDQ5NDQ5NSIsInMiOiJia0pRTUx2QThSR1Zkb2dMSjJPcjdRIn0.5IDI55SdxCl7NiZNvZrEQ_RpX2wlXwfflpdnh5Z8PTQ,,"['India', 'Karnataka', 'Bangalore']",Adzuna::API::Response::Location,"Bangalore, Karnataka",Aanet Talent Global Solutions,Adzuna::API::Response::Company,IT Jobs,it-jobs,Adzuna::API::Response::Category,1500000.0,1700000.0,,2026-10-05
2026-09-07T21:18:39Z,full_time,,"About Handshake Handshake was founded on a simple belief that everyone deserves a path to a great career, regardless of where they went to school or who they know. Today, we power 25 million job seekers, 1 million employers, and 1,600 educational institutions. In 2025, we started Handshake AI and built the fastest-growing AI data business in history. We work directly with frontier AI lab researchers to create evaluations, publish benchmarks, and push the boundary of data. We’ve grown from $0 to…",Adzuna::API::Response::Job,https://www.adzuna.in/details/5874261915?utm_medium=api&utm_source=7a21a92b,5874261915,"Data Analyst, Finance and Payments",0,eyJhbGciOiJIUzI1NiJ9.eyJzIjoiYmtKUU1MdkE4UkdWZG9nTEoyT3I3USIsImkiOiI1ODc0MjYxOTE1In0.DOLdAcNWB9m6z3zYQ23txModqYfkdFWL9_dJcJ9DLng,,['India'],Adzuna::API::Response::Location,India,Handshake,Adzuna::API::Response::Company,IT Jobs,it-jobs,Adzuna::API::Response::Category,360000.0,360000.0,,2026-10-05
2026-09-08T07:02:15Z,,,Maxgen Technologies Pvt ltd located in pune We are offering indata analyst internshipand data analytics program to It and Engineering fresher candidates why we are important interns friendly environment professional and experience staff good work culture job placement in top mnc visit us at www maxgentechnologies com call us hidden mobile address Abhijeet 3 603 Netaji Rd near Pantaloons Mithakhali Ellisbridge Ahmedabad,Adzuna::API::Response::Job,https://www.adzuna.in/details/5875067962?utm_medium=api&utm_source=7a21a92b,5875067962,Data Analyst Internship in Ahmedabad,0,eyJhbGciOiJIUzI1NiJ9.eyJzIjoiYmtKUU1MdkE4UkdWZG9nTEoyT3I3USIsImkiOiI1ODc1MDY3OTYyIn0.IXTjiuCO7GkqwMW_L7VeEpQCMKWXXyVty3-TmX4ho74,,['India'],Adzuna::API::Response::Location,India,MAXGEN TECHNOLOGIES PRIVATE LIMITED,Adzuna::API::Response::Company,Engineering Jobs,engineering-jobs,Adzuna::API::Response::Category,,,,2026-10-05
2026-08-14T20:50:19Z,full_time,,"Job Family : EBO Management Information System (India) Travel Required : Up to 25% Clearance Required : None What You Will Do : Gather data from primary and secondary sources, ensuring the upkeep of databases and data systems. Detect, examine, and decode trends or patterns within intricate datasets. Cleanse data and scrutinize computer-generated reports and outputs to identify and rectify coding errors. Coordinate with management to align business and informational priorities. Responsible for t…",Adzuna::API::Response::Job,https://www.adzuna.in/details/5841930714?utm_medium=api&utm_source=7a21a92b,5841930714,Assistant Manager - Data Analyst,0,eyJhbGciOiJIUzI1NiJ9.eyJzIjoiYmtKUU1MdkE4UkdWZG9nTEoyT3I3USIsImkiOiI1ODQxOTMwNzE0In0.bXXkyBpFFmhIp5RDw6CjqrLv5zYxLy_f5iBY8zZcVFY,,['India'],Adzuna::API::Response::Location,India,Guidehouse,Adzuna::API::Response::Company,IT Jobs,it-jobs,Adzuna::API::Response::Category,,,,2026-10-05
2026-09-28T21:22:35Z,,,"Job Description Context & Role: Context: PNB MetLife has a very strong in-house Data Science and Analytics team which uses all kinds of advance analytics / data science, AI - machine learning, deep learning, GenAI, data visualization / self-service analytics, data mining and deep dive data insights & analysis techniques to work on many business problems. Team closely works with senior stakeholders and management team to solve business problems and help them achieve business objectives. We are l…",Adzuna::API::Response::Job,https://www.adzuna.in/details/5901707785?utm_medium=api&utm_source=7a21a92b,5901707785,ANT - Sr. Data Analyst,0,eyJhbGciOiJIUzI1NiJ9.eyJzIjoiYmtKUU1MdkE4UkdWZG9nTEoyT3I3USIsImkiOiI1OTAxNzA3Nzg1In0.9cTD8aFNCs666A7CduwdX2bY0V5_j7-seGjDbpyQJDk,,['India'],Adzuna::API::Response::Location,India,PNB MetLife,Adzuna::API::Response::Company,IT Jobs,it-jobs,Adzuna::API::Response::Category,,,,2026-10-05
2026-09-19T11:11:38Z,,,"Req ID: 135134 Remote Position: Yes Region: Asia Country: India State/Province: Chennai City: Guindy, Chennai Summary The AI Data Analyst will design, develop, document, and maintain data pipelines and architectures, working closely with IT, Data Engineering, and Data Science teams to deliver artificial intelligence and machine learning solutions. Provide technical support on selected AI systems (for example, Generative AI applications, agentic workflows, and internal data integration tools) an…",Adzuna::API::Response::Job,https://www.adzuna.in/details/5890240441?utm_medium=api&utm_source=7a21a92b,5890240441,Azure AI Data Analyst,0,eyJhbGciOiJIUzI1NiJ9.eyJzIjoiYmtKUU1MdkE4UkdWZG9nTEoyT3I3USIsImkiOiI1ODkwMjQwNDQxIn0.jbGqWJG5pdQvXV8tw_RLr9UcBMT-GXEIGJ4aIEu2Yqw,,['India'],Adzuna::API::Response::Location,India,Celestica,Adzuna::API::Response::Company,IT Jobs,it-jobs,Adzuna::API::Response::Category,,,,2026-10-05
2026-09-17T21:47:48Z,full_time,22.2891,"Location: Vadodara, Gujarat, India Job ID: R0135850 Date Posted: 2026-07-07 Company Name: HITACHI ENERGY TECHNOLOGY SERVICES PRIVATE LIMITED Profession (Job Category): Data Analytics/Business Intelligence Job Schedule: Full time Remote: No Job Description: Data Analyst - Power Transformer The opportunity As a Data Analytics Engineer at the Global Engineering Center in Vadodara, India, you’ll be part of a dynamic team that values innovation, diversity, and collaboration. The Transformers Busines…",Adzuna::API::Response::Job,https://www.adzuna.in/details/5887944296?utm_medium=api&utm_source=7a21a92b,5887944296,Data Analyst - Power Transformer,0,eyJhbGciOiJIUzI1NiJ9.eyJpIjoiNTg4Nzk0NDI5NiIsInMiOiJia0pRTUx2QThSR1Zkb2dMSjJPcjdRIn0.Z9PsKSDEUdLn6hplFyJhet4LJJMLC_SINk-28w_Jc34,73.1924,"['India', 'Gujarat', 'Vadodara']",Adzuna::API::Response::Location,"Vadodara, Gujarat",Hitachi,Adzuna::API::Response::Company,"Energy, Oil & Gas Jobs",energy-oil-gas-jobs,Adzuna::API::Response::Category,,,,2026-10-05
2026-08-08T20:41:58Z,full_time,,"About the role We're looking for a Data Analyst to join our Ops Intelligence function and make sure RLS's operational data and reporting never depends on any single person. You'll pull, clean, and structure operational data, maintain dashboards and reporting hygiene, and document how everything works as you learn it. The goal is a function built on systems and documentation rather than on any one person's memory, so RLS's visibility into its own operations holds up over time regardless of who's…",Adzuna::API::Response::Job,https://www.adzuna.in/details/5833581852?utm_medium=api&utm_source=7a21a92b,5833581852,AI-Powered Data Analyst,0,eyJhbGciOiJIUzI1NiJ9.eyJzIjoiYmtKUU1MdkE4UkdWZG9nTEoyT3I3USIsImkiOiI1ODMzNTgxODUyIn0.PWiTNj7RiKCbS81FPW_w9A2xdWiEvsVy6kS_gklD4XA,,['India'],Adzuna::API::Response::Location,India,RemoteLegalStaff,Adzuna::API::Response::Company,IT Jobs,it-jobs,Adzuna::API::Response::Category,,,,2026-10-05
2026-09-30T21:17:21Z,,,"Why This Role As a Blockchain Data Analyst & Researcher, you will be a pivotal force in our data intelligence efforts, serving primarily as a blockchain data protocol researcher. Your core mission will involve a deep dive into the complex internals and mechanics of various blockchain networks, reverse engineering of sophisticated Decentralized Finance (DeFi) protocols, and translating these complex systems into actionable, structured data. Develop new derivative data models and datasets for cli…",Adzuna::API::Response::Job,https://www.adzuna.in/details/5904044260?utm_medium=api&utm_source=7a21a92b,5904044260,Blockchain Data Analyst & Researcher,0,eyJhbGciOiJIUzI1NiJ9.eyJzIjoiYmtKUU1MdkE4UkdWZG9nTEoyT3I3USIsImkiOiI1OTA0MDQ0MjYwIn0.UZsXDxLxWNp0bT_a9JbDnsnhiPbeIaQXyMRGFESVy68,,['India'],Adzuna::API::Response::Location,India,Lukka,Adzuna::API::Response::Company,IT Jobs,it-jobs,Adzuna::API::Response::Category,,,contract,2026-10-05
2026-10-02T21:24:27Z,full_time,26.7441,"Job Description: Job Title: Reference Data Analyst, NCT Location: Jaipur, India Role Description Operational Reference Data Services (ORDS) function comprises of Client Data, Tax & Regulatory teams (including Instrument Reference Data). Responsible for providing operational services across the Global Markets and Corporate Investment Banking (CIB) clients globally, which enable client business, regulatory and tax compliance, protect against client lifecycle risk and drive-up data standards withi…",Adzuna::API::Response::Job,https://www.adzuna.in/details/5908320974?utm_medium=api&utm_source=7a21a92b,5908320974,"Reference Data Analyst, NCT",0,eyJhbGciOiJIUzI1NiJ9.eyJpIjoiNTkwODMyMDk3NCIsInMiOiJia0pRTUx2QThSR1Zkb2dMSjJPcjdRIn0.pXoIcS0uIJYxvDEHCLtGhu8wcPQQOkjJdrOBV81tFpo,75.9469,"['India', 'Rajasthan', 'Jaipur']",Adzuna::API::Response::Location,"Jaipur, Rajasthan",Deutsche Bank,Adzuna::API::Response::Company,Accounting & Finance Jobs,accounting-finance-jobs,Adzuna::API::Response::Category,,,,2026-10-05
2026-10-03T11:16:31Z,,18.5219,"What you'll do: EIIC functional excellence organization is aligned with CTO's strategy to drive ""One Eaton Engineering Functional Excellence"". The Charter of this organization is to simplify & create better work experiences for our Engineers by transforming existing engineering work processes. EIIC functional excellence organization will work with global Engineering Functional Excellence leaders in CTO's office, Electrical, and Industrial Sector businesses. These organizations will be responsib…",Adzuna::API::Response::Job,https://www.adzuna.in/details/5909547153?utm_medium=api&utm_source=7a21a92b,5909547153,Senior Engineer - Data Analyst,0,eyJhbGciOiJIUzI1NiJ9.eyJpIjoiNTkwOTU0NzE1MyIsInMiOiJia0pRTUx2QThSR1Zkb2dMSjJPcjdRIn0.L-ZGgyQf7HaHVTsjfzLjInQtwTVixI3x3vuDiA6nOEk,73.95314,"['India', 'Maharashtra', 'Pune', 'Hadapsar']",Adzuna::API::Response::Location,"Hadapsar, Pune",Eaton Corporation,Adzuna::API::Response::Company,Engineering Jobs,engineering-jobs,Adzuna::API::Response::Category,,,,2026-10-05
2026-09-07T16:09:56Z,full_time,,"About Team As the Senior Data Analyst, Marketplace Analytics & Data Science, you will be part of the team with an aim to evaluate the effectiveness and efficiency of the Marketplace platform. Walmart Marketplace allows independent third-party sellers to list products directly on Walmart.com alongside Walmart’s own inventory. Your focus will be to support the Business and Product teams in strategic and operational decision making as they prioritize and build capabilities and tools to allow Selle…",Adzuna::API::Response::Job,https://www.adzuna.in/details/5873987552?utm_medium=api&utm_source=7a21a92b,5873987552,"(IND) Senior, Data Analyst",0,eyJhbGciOiJIUzI1NiJ9.eyJzIjoiYmtKUU1MdkE4UkdWZG9nTEoyT3I3USIsImkiOiI1ODczOTg3NTUyIn0.hXthq9Nt56UYOjhjmvjTPopMysMQii3iXLeDuuQ5F5Q,,"['India', 'Karnataka', 'Bangalore']",Adzuna::API::Response::Location,"Bangalore, Karnataka",Walmart Global Tech India,Adzuna::API::Response::Company,IT Jobs,it-jobs,Adzuna::API::Response::Category,,,,2026-10-05
2026-09-30T21:21:28Z,,,"Secure Every Identity, from AI to Human Identity is the key to unlocking the potential of AI. Okta secures AI by building the trusted, neutral infrastructure that enables organizations to safely embrace this new era. This work requires a relentless drive to solve complex challenges with real-world stakes. We are looking for builders and owners who operate with speed and urgency and execute with excellence. This is an opportunity to do career-defining work. We're all in on this mission. If you a…",Adzuna::API::Response::Job,https://www.adzuna.in/details/5904048022?utm_medium=api&utm_source=7a21a92b,5904048022,Senior Data Analyst (Auth0),0,eyJhbGciOiJIUzI1NiJ9.eyJzIjoiYmtKUU1MdkE4UkdWZG9nTEoyT3I3USIsImkiOiI1OTA0MDQ4MDIyIn0.ZvvODgwyRLrv5pR_gLWw5f3pHmO2vin_z8DRE74QmVI,,"['India', 'Karnataka', 'Bangalore']",Adzuna::API::Response::Location,"Bangalore, Karnataka",Okta,Adzuna::API::Response::Company,IT Jobs,it-jobs,Adzuna::API::Response::Category,,,,2026-10-05
2026-07-06T03:09:35Z,,19.00821,"WPP is the trusted growth partner for the world’s leading brands. We unite cutting-edge media intelligence and data solutions, world-class creativity, next-generation production, transformative enterprise solutions and expert strategic counsel in a single company – powered by exceptional talent and our agentic marketing platform, WPP Open, to help our clients navigate change, capture opportunity and deliver transformational growth. We work with the world's most valuable brands and have global r…",Adzuna::API::Response::Job,https://www.adzuna.in/details/5789372931?utm_medium=api&utm_source=7a21a92b,5789372931,Data Analyst (Procurement & REWS),0,eyJhbGciOiJIUzI1NiJ9.eyJzIjoiYmtKUU1MdkE4UkdWZG9nTEoyT3I3USIsImkiOiI1Nzg5MzcyOTMxIn0.0VlsNSMmJEFgDxOOL3etyo8BgkG2L7orgMgCdU7qll4,72.84415,"['India', 'Maharashtra', 'Mumbai']",Adzuna::API::Response::Location,"Mumbai, Maharashtra",WPP,Adzuna::API::Response::Company,Accounting & Finance Jobs,accounting-finance-jobs,Adzuna::API::Response::Category,,,,2026-10-05
2026-10-01T21:16:02Z,full_time,,"Senior Workforce Data Analyst Syneos Health® is a leading fully-integrated life sciences services organization built to accelerate customer success. We partner with innovators at every point across the drug development and commercialization continuum, helping them navigate complexity, anticipate change and accelerate progress. Every day we perform better because of how we work together, as one team, each the best at what we do. We bring together talented experts across a broad spectrum of busin…",Adzuna::API::Response::Job,https://www.adzuna.in/details/5905895983?utm_medium=api&utm_source=7a21a92b,5905895983,Senior Workforce Data Analyst,0,eyJhbGciOiJIUzI1NiJ9.eyJpIjoiNTkwNTg5NTk4MyIsInMiOiJia0pRTUx2QThSR1Zkb2dMSjJPcjdRIn0.PcliRZB84erRcZkMlnU6DAyzqQFduofwev2Ux25If0M,,['India'],Adzuna::API::Response::Location,India,Syneos Health,Adzuna::API::Response::Company,HR & Recruitment Jobs,hr-jobs,Adzuna::API::Response::Category,,,,2026-10-05
2026-09-30T21:25:50Z,,,"Join TRG Screen: Building World-Class Teams. One Expert at a Time. Are you ready to be part of a dynamic team at the forefront of subscription spend management innovation? At TRG Screen, we're not just redefining how organizations manage their subscription expenses – we're shaping the future of the industry. With cutting-edge solutions and a commitment to excellence, we empower businesses around the globe to optimize their subscription investments and drive sustainable growth. Join us in our mi…",Adzuna::API::Response::Job,https://www.adzuna.in/details/5904052155?utm_medium=api&utm_source=7a21a92b,5904052155,Senior Market Data Analyst,0,eyJhbGciOiJIUzI1NiJ9.eyJpIjoiNTkwNDA1MjE1NSIsInMiOiJia0pRTUx2QThSR1Zkb2dMSjJPcjdRIn0.p4dBfFgvQG_hC51GZtiQA9uzzTMVA6xGaEqhghxR9NA,,"['India', 'Karnataka', 'Bangalore']",Adzuna::API::Response::Location,"Bangalore, Karnataka",TRG Screen,Adzuna::API::Response::Company,IT Jobs,it-jobs,Adzuna::API::Response::Category,,,,2026-10-05
2026-10-03T05:20:31Z,full_time,12.95703,"This job is with Deutsche Bank, an inclusive employer and a member of myGwork – the largest global platform for the LGBTQ business community. Please do not contact the recruiter directly. Position Overview The Reference Data & SSI Operations Analyst is responsible for managing, validating, and maintaining high-quality strategic data across the organization's systems. This role ensures data accuracy for regulatory compliance and business operations, handles the end-to-end setup of Standard Settl…",Adzuna::API::Response::Job,https://www.adzuna.in/details/5908978170?utm_medium=api&utm_source=7a21a92b,5908978170,"Reference Data Analyst, NCT",0,eyJhbGciOiJIUzI1NiJ9.eyJpIjoiNTkwODk3ODE3MCIsInMiOiJia0pRTUx2QThSR1Zkb2dMSjJPcjdRIn0.MeobSHa7A3P41CQrSMHBmEH_OG18LJ2ZnNZDHNIlmuQ,77.59837,"['India', 'Karnataka', 'Bangalore']",Adzuna::API::Response::Location,"Bangalore, Karnataka",Deutsche Bank,Adzuna::API::Response::Company,Accounting & Finance Jobs,accounting-finance-jobs,Adzuna::API::Response::Category,,,,2026-10-05
2026-07-03T02:56:16Z,,," Why Headout? We’re a rocketship: 9-figure revenue, record growth, and profitable With $200M in revenue, guests in 700 cities, and 18 months of profitability, Headout is the fastest-growing marketplace in the travel industry, and we’re just getting started. We've raised $60M from top-tier investors and are building a durable company for the long term — because that's what our mission needs and deserves. We’re growing, profitable and nowhere near done. What we do is important In an increasingly …",Adzuna::API::Response::Job,https://www.adzuna.in/details/5786028821?utm_medium=api&utm_source=7a21a92b,5786028821,"Lead Data Analyst, Growth",0,eyJhbGciOiJIUzI1NiJ9.eyJpIjoiNTc4NjAyODgyMSIsInMiOiJia0pRTUx2QThSR1Zkb2dMSjJPcjdRIn0.0zSGA2_Sq6C4TSVp8nyRUV1quGRnJZSEX1OnJmJwDtQ,,"['India', 'Karnataka', 'Bangalore']",Adzuna::API::Response::Location,"Bangalore, Karnataka",Headout,Adzuna::API::Response::Company,IT Jobs,it-jobs,Adzuna::API::Response::Category,,,,2026-10-05
2025-07-03T03:31:14Z,full_time,,"Location: Bangalore – Hebbal – 5 Days - WFO Type: Contract – 6 Months to start with, extendable Experience Required: 5 years in Data Analysis, with ERP migration experience Key Responsibilities: Analyze and map data from SAP to JD Edwards structures. Define data transformation rules and business logic. Assist with data extraction, cleansing, and enrichment. Collaborate with technical teams to design and execute ETL processes. Perform data validation and reconciliation before and after migration…",Adzuna::API::Response::Job,https://www.adzuna.in/details/5280546845?utm_medium=api&utm_source=7a21a92b,5280546845,Data Analyst (ERP Migration),0,eyJhbGciOiJIUzI1NiJ9.eyJzIjoiYmtKUU1MdkE4UkdWZG9nTEoyT3I3USIsImkiOiI1MjgwNTQ2ODQ1In0.YGNoo74SBpoCUYXZBSuAaq3teTEimJYTlmYZMH13OUI,,"['India', 'Karnataka', 'Bangalore']",Adzuna::API::Response::Location,"Bangalore, Karnataka",TIGI HR Solution Pvt. Ltd.,Adzuna::API::Response::Company,IT Jobs,it-jobs,Adzuna::API::Response::Category,1200000.0,1500000.0,contract,2026-10-05
2020-09-20T02:07:56Z,full_time,17.40275,"Must Have 6 years of work experience in Power BI Hands on in Power BI & Power Tool Build Analysis Services reporting models. Develop visual reports, dashboards and KPI scorecards using Power BI desktop. Connect to data sources, importing data and transforming data for Business Intelligence. Analytical thinking for translating data into informative visuals and reports. Implement row level security on data and have an understanding of application security layer models in Power BI. Make DAX querie…",Adzuna::API::Response::Job,https://www.adzuna.in/details/1714383026?utm_medium=api&utm_source=7a21a92b,1714383026,Data Analyst (Power BI),0,eyJhbGciOiJIUzI1NiJ9.eyJzIjoiYmtKUU1MdkE4UkdWZG9nTEoyT3I3USIsImkiOjE3MTQzODMwMjZ9.rXNYD_idAKsW09F02rhy5bzIsBaRrbAwEpHVVyBD19I,78.50806,"['India', 'Telangana', 'Hyderabad']",Adzuna::API::Response::Location,"Hyderabad, Telangana",Carbynetech,Adzuna::API::Response::Company,IT Jobs,it-jobs,Adzuna::API::Response::Category,800000.0,1500000.0,,2026-10-05
2026-02-16T01:14:48Z,full_time,28.56579,"Description About KPMG in India KPMG entities in India are professional services firm(s). These Indian member firms are affiliated with KPMG International Limited. KPMG was established in India in August 1993. Our professionals leverage the global network of firms, and are conversant with local laws, regulations, markets and competition. KPMG has offices across India in Ahmedabad, Bengaluru, Chandigarh, Chennai, Gurugram, Jaipur, Hyderabad, Jaipur, Kochi, Kolkata, Mumbai, Noida, Pune, Vadodara …",Adzuna::API::Response::Job,https://www.adzuna.in/details/5631029876?utm_medium=api&utm_source=7a21a92b,5631029876,Assistant Manager - Data Analyst,0,eyJhbGciOiJIUzI1NiJ9.eyJzIjoiYmtKUU1MdkE4UkdWZG9nTEoyT3I3USIsImkiOiI1NjMxMDI5ODc2In0.B3nRgbkhr25xODI2IOzd5bgtiJwniE3v83OM3kQSXPw,77.3225,"['India', 'Uttar Pradesh', 'Ghaziabad', 'Noida']",Adzuna::API::Response::Location,"Noida, Ghaziabad",BSR & Co,Adzuna::API::Response::Company,IT Jobs,it-jobs,Adzuna::API::Response::Category,,,,2026-10-05
2024-07-31T03:08:11Z,full_time,,"Data Science (Mandatory): Statistical model building, Ensemble methods, deep learning, supervised and unsupervised learning, Logistic regression, time series analysis, cluster analysis, deep learning Technical skills (Mandatory) : Python, Cloud computing (GCP or AWS),Cognos Analytics, Advanced Excel. Technical skills (Desirable) : Big data, Hive, Cognos Analytics, Hadoop, Power BI or equivalent visualization tool, Spark Soft skills: Excellent Communication skills, Self-driven and innovative Rol…",Adzuna::API::Response::Job,https://www.adzuna.in/details/4801471014?utm_medium=api&utm_source=7a21a92b,4801471014,Data Scientist/Data Analyst,0,eyJhbGciOiJIUzI1NiJ9.eyJzIjoiYmtKUU1MdkE4UkdWZG9nTEoyT3I3USIsImkiOiI0ODAxNDcxMDE0In0.UbjbhlHetXSeMalY6u5mPI2Ob8xcGdzjUxSmESWLYeU,,"['India', 'Karnataka', 'Bangalore']",Adzuna::API::Response::Location,"Bangalore, Karnataka",Starz Infotech,Adzuna::API::Response::Company,IT Jobs,it-jobs,Adzuna::API::Response::Category,,,,2026-10-05
2025-12-16T10:56:15Z,full_time,19.00821,"Must have Strong SQL skills (queries, optimization, procedures, triggers) Must have Advanced Excel skills Should have 3 years of relevant experience Should have Reporting  dashboard creation experience Should have Database development & maintenance experience Must have Strong communication for client interactions Should have Ability to work independently Willingness to work from client locations Skills:- PowerBI",Adzuna::API::Response::Job,https://www.adzuna.in/details/5543913591?utm_medium=api&utm_source=7a21a92b,5543913591,Data Analyst Fintech company,0,eyJhbGciOiJIUzI1NiJ9.eyJpIjoiNTU0MzkxMzU5MSIsInMiOiJia0pRTUx2QThSR1Zkb2dMSjJPcjdRIn0.KCOpZnfWZ-U2SPruNLGQtEk2Y4l5F5NA2hMJWySk_iw,72.84415,"['India', 'Maharashtra', 'Mumbai']",Adzuna::API::Response::Location,"Mumbai, Maharashtra",Talent Pro,Adzuna::API::Response::Company,Accounting & Finance Jobs,accounting-finance-jobs,Adzuna::API::Response::Category,800000.0,1200000.0,,2026-10-05
2023-03-02T02:02:24Z,full_time,28.56579,"About Us Rezo.ai is an AI-first and NLP-first sales & support automation platform with a mission to become the leading automation/AI platform in the world. Our team has extensive experience in AI and Automation and is working extremely hard to build a state-of-art automation platform. Currently, deployed with large enterprises to automate conversations across voice, email, chat, social, and WhatsApp and enhance customer experience. If you are fascinated by AI and looking to work with a team tha…",Adzuna::API::Response::Job,https://www.adzuna.in/details/3952014895?utm_medium=api&utm_source=7a21a92b,3952014895,Voice Data Analyst - Transcriptionist,0,eyJhbGciOiJIUzI1NiJ9.eyJpIjoiMzk1MjAxNDg5NSIsInMiOiJia0pRTUx2QThSR1Zkb2dMSjJPcjdRIn0.c9DLYpa1ovQmfFRUl_uFn2SREZTW5Ht7fCjyoSHjkuY,77.3225,"['India', 'Uttar Pradesh', 'Ghaziabad', 'Noida']",Adzuna::API::Response::Location,"Noida, Ghaziabad",Rezo.AI,Adzuna::API::Response::Company,IT Jobs,it-jobs,Adzuna::API::Response::Category,300000.0,600000.0,,2026-10-05
2023-03-01T01:41:55Z,full_time,,"SKILLS: python, sql, etl (building etl pipelines) EXPERIENCE : 3 to10 LOCATION: Bangalore and Gurugram COMPANY DESCRIPTION: This Company is a global management consulting firm . We are the trusted advisor to the world's leading businesses, governments, and institutions. We work with leading organizations across the private, public and social sectors. Our scale, scope, and knowledge allow us to address problems that no one else can. REQUIREMENTS: Bachelor’s degree in Engineering or Computer Scie…",Adzuna::API::Response::Job,https://www.adzuna.in/details/3949357016?utm_medium=api&utm_source=7a21a92b,3949357016,Data analyst (ETL Pipeline),0,eyJhbGciOiJIUzI1NiJ9.eyJzIjoiYmtKUU1MdkE4UkdWZG9nTEoyT3I3USIsImkiOiIzOTQ5MzU3MDE2In0.nC4eMTGw0p8OSXMS5zTrXJ2_0qYbE3Q-qQpqSn8gERY,,"['India', 'Karnataka', 'Bangalore']",Adzuna::API::Response::Location,"Bangalore, Karnataka",People First Consultants,Adzuna::API::Response::Company,IT Jobs,it-jobs,Adzuna::API::Response::Category,,,,2026-10-05
2022-06-26T06:20:49Z,full_time,,"Job description The ideal candidate is adept at using large data sets to find opportunities for product and process optimization and using models to test the effectiveness of different courses of action. Mine and analyze data from company databases to drive optimization and improvement of product development, marketing techniques and business strategies. Assess the effectiveness and accuracy of new data sources and data gathering techniques. Develop custom data models and algorithms to apply to…",Adzuna::API::Response::Job,https://www.adzuna.in/details/3262155278?utm_medium=api&utm_source=7a21a92b,3262155278,Data Analyst- Biglittle.ai,0,eyJhbGciOiJIUzI1NiJ9.eyJzIjoiYmtKUU1MdkE4UkdWZG9nTEoyT3I3USIsImkiOiIzMjYyMTU1Mjc4In0.Cem5a_OUSu6YL27oyMqzG0DAUrK9Lv7ytM-6oIuWpUI,,"['India', 'Karnataka', 'Bangalore']",Adzuna::API::Response::Location,"Bangalore, Karnataka",Codejudge,Adzuna::API::Response::Company,IT Jobs,it-jobs,Adzuna::API::Response::Category,2000000.0,2500000.0,,2026-10-05
2026-06-10T09:42:57Z,full_time,,"Company Introduction : Varaha is a global, leading, climate tech venture focused on carbon removal solutions such as - regenerative agriculture, afforestation, biochar, and enhanced rock weathering - that support smallholder land stewards at scale. In just the third year of operation, we are removing and avoiding more than 1 million tons of CO2 and distributing the majority of the revenues to more than 100,000 smallholder land stewards in South Asia and Sub-Saharan Africa. Backed by leading glo…",Adzuna::API::Response::Job,https://www.adzuna.in/details/5758031269?utm_medium=api&utm_source=7a21a92b,5758031269,Data Engineer/ Data Analyst,0,eyJhbGciOiJIUzI1NiJ9.eyJzIjoiYmtKUU1MdkE4UkdWZG9nTEoyT3I3USIsImkiOiI1NzU4MDMxMjY5In0.mcMeyBUkx6BvmpuUNxKuM4VVtzy9OhvGjltm7yL3krs,,['India'],Adzuna::API::Response::Location,India,Varaha,Adzuna::API::Response::Company,IT Jobs,it-jobs,Adzuna::API::Response::Category,1300000.0,1500000.0,,2026-10-05
2025-09-11T17:32:12Z,,12.95703,"Data Scientist Primary Skills Classification (Decision Trees, SVM), Distance (Hamming Distance, Euclidean Distance, Manhattan Distance), Forecasting (Exponential Smoothing, ARIMA, ARIMAX), Great Expectation, Evidently AI, Hypothesis Testing, ML Frameworks (TensorFlow, PyTorch, Sci-Kit Learn, CNTK, Keras, MXNet), Probabilistic Graph Models, Python/PySpark, R/ R Studio, Regression (Linear, Logistic), SAS/SPSS, Statistical analysis and computing, Tools(KubeFlow, BentoML), T-Test, Z-Test Job requir…",Adzuna::API::Response::Job,https://www.adzuna.in/details/5394067861?utm_medium=api&utm_source=7a21a92b,5394067861,Lead Data Analyst- R01552322,0,eyJhbGciOiJIUzI1NiJ9.eyJpIjoiNTM5NDA2Nzg2MSIsInMiOiJia0pRTUx2QThSR1Zkb2dMSjJPcjdRIn0.MWI7qeWxCgijttZcsBATKUbS9nSQ8SwJ9GrjD53hCko,77.59837,"['India', 'Karnataka', 'Bangalore']",Adzuna::API::Response::Location,"Bangalore, Karnataka",Brillio,Adzuna::API::Response::Company,IT Jobs,it-jobs,Adzuna::API::Response::Category,,,,2026-10-05
2026-07-18T06:31:37Z,,,Maxgen Technologies Pvt ltd offers live project internships in Pune Freshers and Students will getdata Analyst Internshipwith machine learning program Fresher career program hybrid internship placement without bond practical project internships flexible working hours call us hidden mobile visit us www maxgentechnologies com,Adzuna::API::Response::Job,https://www.adzuna.in/details/5805535278?utm_medium=api&utm_source=7a21a92b,5805535278,Data Analyst Internship in Pune,0,eyJhbGciOiJIUzI1NiJ9.eyJzIjoiYmtKUU1MdkE4UkdWZG9nTEoyT3I3USIsImkiOiI1ODA1NTM1Mjc4In0.HzocCJ6Op761CMENROb8O4z3LmDjA17Xell5ilGVBco,,['India'],Adzuna::API::Response::Location,India,MAXGEN TECHNOLOGIES PRIVATE LIMITED,Adzuna::API::Response::Company,IT Jobs,it-jobs,Adzuna::API::Response::Category,,,,2026-10-05
2026-08-08T07:31:04Z,,17.40275,"Job description Responsibilities: Develop and maintain interactive dashboards and reports using Tableau(Strong). Write and optimize SQL queries to extract, transform, and load (ETL) data from various sources. Design and implement data models and databases to support business needs. Understanding of GenAI will be added advantage. Create and manage Power Apps to automate workflows and improve business processes. Collaborate with cross-functional teams to understand business requirements and trans…",Adzuna::API::Response::Job,https://www.adzuna.in/details/5832798139?utm_medium=api&utm_source=7a21a92b,5832798139,Data Analyst/BI Developer,0,eyJhbGciOiJIUzI1NiJ9.eyJzIjoiYmtKUU1MdkE4UkdWZG9nTEoyT3I3USIsImkiOiI1ODMyNzk4MTM5In0.U6FI7_du3UrY2rOkGC_Y2rPqclOeqPj1Rttbvcp4eWg,78.50806,"['India', 'Telangana', 'Hyderabad']",Adzuna::API::Response::Location,"Hyderabad, Telangana",Milestone Online Technology,Adzuna::API::Response::Company,IT Jobs,it-jobs,Adzuna::API::Response::Category,,,,2026-10-05
2026-05-14T01:58:05Z,full_time,,"Our team members are at the heart of everything we do. At Cencora, we are united in our responsibility to create healthier futures, and every person here is essential to us being able to deliver on that purpose. If you want to make a difference at the center of health, come join our innovative company and help us improve the lives of people and animals everywhere. Apply today! Job Details Under general supervision of the Supply Chain Modeling & Optimization Director, the Supply Chain Network Mo…",Adzuna::API::Response::Job,https://www.adzuna.in/details/5728249239?utm_medium=api&utm_source=7a21a92b,5728249239,Data Analyst - Supply Chain (IN),0,eyJhbGciOiJIUzI1NiJ9.eyJzIjoiYmtKUU1MdkE4UkdWZG9nTEoyT3I3USIsImkiOiI1NzI4MjQ5MjM5In0.yqyd1LuAnD7H7AYDV19lnM4oMCE6DzWDZpBC9mRlvwU,,['India'],Adzuna::API::Response::Location,India,Cencora,Adzuna::API::Response::Company,IT Jobs,it-jobs,Adzuna::API::Response::Category,,,,2026-10-05
2026-08-20T20:46:17Z,full_time,17.40275,"Data Science (Mandatory): Statistical model building, Ensemble methods, deep learning, supervised and unsupervised learning, Logistic regression, time series analysis, cluster analysis, deep learning Technical skills (Mandatory): Python, Cloud computing (GCP or AWS), Cognos Analytics, Advanced Excel. Technical skills (Desirable): Big data, Hive, Cognos Analytics, Hadoop, Power BI or equivalent visualization tool, Spark Soft skills: Excellent Communication skills, Self-driven and innovative Role…",Adzuna::API::Response::Job,https://www.adzuna.in/details/5849678027?utm_medium=api&utm_source=7a21a92b,5849678027,Data Scientist/Data Analyst,0,eyJhbGciOiJIUzI1NiJ9.eyJpIjoiNTg0OTY3ODAyNyIsInMiOiJia0pRTUx2QThSR1Zkb2dMSjJPcjdRIn0.vTwDRwQ8LyhBTG9DF2wyt-UDJkC2DZAD84Mk9bhWKsg,78.50806,"['India', 'Telangana', 'Hyderabad']",Adzuna::API::Response::Location,"Hyderabad, Telangana",Novartis,Adzuna::API::Response::Company,IT Jobs,it-jobs,Adzuna::API::Response::Category,,,permanent,2026-10-05
2026-08-21T07:38:58Z,,13.06041,"Key Responsibilities : Analyze Marketing Campaign Performance : Track and assess key performance metrics such as Cost Per Acquisition (CPA) , Return on Ad Spend (ROAS) , and conversion rates to evaluate the effectiveness of campaigns. Leverage analytics tools to provide actionable insights for optimizing campaigns, improving targeting, and ensuring budget efficiency. Develop Data-Driven Insights : Maintain and enhance reporting frameworks using advanced analytics to monitor campaign performance…",Adzuna::API::Response::Job,https://www.adzuna.in/details/5850376564?utm_medium=api&utm_source=7a21a92b,5850376564,Data Analyst - Digital Marketing,0,eyJhbGciOiJIUzI1NiJ9.eyJpIjoiNTg1MDM3NjU2NCIsInMiOiJia0pRTUx2QThSR1Zkb2dMSjJPcjdRIn0.J1Rmd6DBo-PpegtOBl-1P8dPzCHSfadBlExkH7E2nqQ,80.24963,"['India', 'Tamil Nadu', 'Chennai']",Adzuna::API::Response::Location,"Chennai, Tamil Nadu",TVS Credit Services,Adzuna::API::Response::Company,"PR, Advertising & Marketing Jobs",pr-advertising-marketing-jobs,Adzuna::API::Response::Category,,,,2026-10-05
2026-08-21T07:39:55Z,,19.00821,"RESPONSIBILITIES: Provide mutual fund transaction processing services with a strong customer-focused approach Deliver proactive and innovative solutions to clients and stakeholders Lead small and moderately complex projects or independently handle complex operational tasks Apply specialized expertise to evaluate wide-ranging and complex issues and develop creative, efficient solutions Recommend and support implementation of new procedures to enhance processing efficiency Work with a high degree…",Adzuna::API::Response::Job,https://www.adzuna.in/details/5850379847?utm_medium=api&utm_source=7a21a92b,5850379847,Sr. Specialist Data Analyst,0,eyJhbGciOiJIUzI1NiJ9.eyJzIjoiYmtKUU1MdkE4UkdWZG9nTEoyT3I3USIsImkiOiI1ODUwMzc5ODQ3In0.Up2rDh5JOjAzQSXqIRkctzPtlpsxSkaiIy20h866__o,72.84415,"['India', 'Maharashtra', 'Mumbai']",Adzuna::API::Response::Location,"Mumbai, Maharashtra",Ss C Technologies,Adzuna::API::Response::Company,IT Jobs,it-jobs,Adzuna::API::Response::Category,,,,2026-10-05
2026-08-21T07:13:09Z,,,Maxgen Technologies Pvt ltd offers live project internships inahmedabad Freshers and Students will getdata analyst internshipwith machine learning program Fresher career program hybrid internship placement without bond practical project internships flexible working hours call us hidden mobile visit us www maxgentechnologies com Address Abhijeet 3 603 Netaji Rd near Pantaloons Mithakhali Ellisbridge Ahmedabad,Adzuna::API::Response::Job,https://www.adzuna.in/details/5850339738?utm_medium=api&utm_source=7a21a92b,5850339738,Data Analyst Internship in Ahmedabad,0,eyJhbGciOiJIUzI1NiJ9.eyJzIjoiYmtKUU1MdkE4UkdWZG9nTEoyT3I3USIsImkiOiI1ODUwMzM5NzM4In0.fziKO7-rM-fJI71NxKnjyZgH1p5QYJBsv0hv583Icr4,,['India'],Adzuna::API::Response::Location,India,MAXGEN TECHNOLOGIES PRIVATE LIMITED,Adzuna::API::Response::Company,IT Jobs,it-jobs,Adzuna::API::Response::Category,,,,2026-10-05
2026-08-25T07:43:07Z,,28.323996,"Key Responsibilities: Survey Design & Development: Design and develop survey questionnaires that align with research objectives and target audience. Collaborate with stakeholders to define survey goals, objectives, and key metrics. Ensure survey questions are clear, unbiased, and effectively capture relevant data. Use survey platforms (e.g., SurveyMonkey, Qualtrics, Google Forms) to set up, configure, and deploy surveys. Survey Administration & Distribution: Administer surveys to targeted respo…",Adzuna::API::Response::Job,https://www.adzuna.in/details/5854880219?utm_medium=api&utm_source=7a21a92b,5854880219,Data Analyst -Survey Administration,0,eyJhbGciOiJIUzI1NiJ9.eyJzIjoiYmtKUU1MdkE4UkdWZG9nTEoyT3I3USIsImkiOiI1ODU0ODgwMjE5In0.qDTGoSpUk7N812qVWGh56pys7cRbWvsa_scbkOpUxVU,76.983738,"['India', 'Haryana', 'Gurgaon']",Adzuna::API::Response::Location,"Gurgaon, Haryana",Oliver Wyman,Adzuna::API::Response::Company,IT Jobs,it-jobs,Adzuna::API::Response::Category,,,,2026-10-05
2026-08-07T06:51:39Z,,,Maxgen Technologies Pvt ltd offers live project internships inPune Candidate will get Machine leanring internship and Ai program with job placement why interns choosing us hybrid internship longterm and shortterm program placement without bond practical project during internship skilled staff and management call us hidden mobile visit us www maxgentechnologies com,Adzuna::API::Response::Job,https://www.adzuna.in/details/5831364894?utm_medium=api&utm_source=7a21a92b,5831364894,Data Analyst Internship in Pune,0,eyJhbGciOiJIUzI1NiJ9.eyJzIjoiYmtKUU1MdkE4UkdWZG9nTEoyT3I3USIsImkiOiI1ODMxMzY0ODk0In0.yV5Nr0dDGaJL28S4FshBeCu6oBjQW814TgtrBCOPYcU,,['India'],Adzuna::API::Response::Location,India,MAXGEN TECHNOLOGIES PRIVATE LIMITED,Adzuna::API::Response::Company,Engineering Jobs,engineering-jobs,Adzuna::API::Response::Category,,,,2026-10-05
2026-08-08T07:28:07Z,,,"Key Responsibilities: Automation & Process Optimization: Design, develop, and maintain automation tools, scripts, and workflows to streamline repetitive support tasks. Automate processes such as data collection, ticket categorization, issue resolution, and reporting. Propose and implement automation strategies to improve response times and support efficiency. Data Analysis & Reporting: Collect, clean, and analyze support-related data to identify trends, bottlenecks, and areas for improvement. G…",Adzuna::API::Response::Job,https://www.adzuna.in/details/5832795808?utm_medium=api&utm_source=7a21a92b,5832795808,Data Analyst (Tech Support),0,eyJhbGciOiJIUzI1NiJ9.eyJzIjoiYmtKUU1MdkE4UkdWZG9nTEoyT3I3USIsImkiOiI1ODMyNzk1ODA4In0.fK8QIYLc_MRIe31AnxkOcjEIR1u8jiAqJhXVOw2Eqyk,,"['India', 'Karnataka', 'Bangalore']",Adzuna::API::Response::Location,"Bangalore, Karnataka",Netradyne,Adzuna::API::Response::Company,IT Jobs,it-jobs,Adzuna::API::Response::Category,,,,2026-10-05
2026-08-25T07:18:56Z,,,Maxgen Technologies Pvt ltd offers live project internships in ahmedabad Candidate will get data anlayst internship and Ai program with job placement why choosing us hybrid internship longterm and shortterm program placement without bond practical project during internship skilled staff and management call us hidden mobile visit us www maxgentechnologies com address Abhijeet 3 603 Netaji Rd near Pantaloons Mithakhali Ellisbridge Ahmedabad,Adzuna::API::Response::Job,https://www.adzuna.in/details/5854850712?utm_medium=api&utm_source=7a21a92b,5854850712,Data Analyst Internship in Ahmedabad,0,eyJhbGciOiJIUzI1NiJ9.eyJzIjoiYmtKUU1MdkE4UkdWZG9nTEoyT3I3USIsImkiOiI1ODU0ODUwNzEyIn0.1OoDPb5qbaVHhkh1Sw0gLELFCVDJIj3UkEAXXkYVdaI,,['India'],Adzuna::API::Response::Location,India,MAXGEN TECHNOLOGIES PRIVATE LIMITED,Adzuna::API::Response::Company,Engineering Jobs,engineering-jobs,Adzuna::API::Response::Category,,,,2026-10-05
2026-08-28T07:36:05Z,,23.4896,"What You'll Be Doing: Coordinate across teams and departments to streamline/automate processes and ensure seamless service delivery. Analyze call center data (voice, chat, email) to identify trends, patterns, and areas for improvement across campaigns. Create compelling data visualizations to communicate findings to both technical and non-technical audiences. Translate complex data sets into actionable recommendations for the operations team, providing clear action items. Develop comprehensive …",Adzuna::API::Response::Job,https://www.adzuna.in/details/5859117977?utm_medium=api&utm_source=7a21a92b,5859117977,Call Center Data Analyst,0,eyJhbGciOiJIUzI1NiJ9.eyJpIjoiNTg1OTExNzk3NyIsInMiOiJia0pRTUx2QThSR1Zkb2dMSjJPcjdRIn0.NT1sSnBcQrNQJtU-arm-gdZgsi-v5grdgBhEeKM1RIs,72.645,"['India', 'Gujarat', 'Gandhinagar']",Adzuna::API::Response::Location,"Gandhinagar, Gujarat",Etech Global Services,Adzuna::API::Response::Company,IT Jobs,it-jobs,Adzuna::API::Response::Category,,,,2026-10-05
2026-09-09T07:37:05Z,,13.06041,"Job description Group/Division The Information Technology (IT) group at KLA is involved in every aspect of the global business. IT s mission is to enable business growth and productivity by connecting people, process, and technology. It focuses not only on enhancing the technology that enables our business to thrive but also on how employees use and are empowered by technology. This integrated approach to customer service, creativity and technological excellence enables employee productivity, b…",Adzuna::API::Response::Job,https://www.adzuna.in/details/5876480070?utm_medium=api&utm_source=7a21a92b,5876480070,Senior Data Analyst/Programmer,0,eyJhbGciOiJIUzI1NiJ9.eyJpIjoiNTg3NjQ4MDA3MCIsInMiOiJia0pRTUx2QThSR1Zkb2dMSjJPcjdRIn0.bE-cE2NXoC0BQJjVE5gDWgYqM_v0r1hq5NGIQw5aRf0,80.24963,"['India', 'Tamil Nadu', 'Chennai']",Adzuna::API::Response::Location,"Chennai, Tamil Nadu",Kla Tencor,Adzuna::API::Response::Company,IT Jobs,it-jobs,Adzuna::API::Response::Category,,,,2026-10-05
2026-08-24T20:48:37Z,full_time,,"Agency : PivotRoots Job Description : We are looking for a sharp, hands-on Senior Analyst to join our growing analytics team embedded at a client office in Bangalore. You will work at the intersection of data, insight, and storytelling — turning raw data into business decisions through rigorous analysis and compelling visualizations. Own end-to-end analysis workflows — from data extraction and transformation to insight delivery Write clean, optimized SQL queries for segmentation, funnel analysi…",Adzuna::API::Response::Job,https://www.adzuna.in/details/5854441171?utm_medium=api&utm_source=7a21a92b,5854441171,Senior Data Analyst - CSA,0,eyJhbGciOiJIUzI1NiJ9.eyJpIjoiNTg1NDQ0MTE3MSIsInMiOiJia0pRTUx2QThSR1Zkb2dMSjJPcjdRIn0.tCrMDETcsgfy9XYKDI6caO7hJR3SioDr_UjIS3_Ab1I,,['India'],Adzuna::API::Response::Location,India,Havas,Adzuna::API::Response::Company,IT Jobs,it-jobs,Adzuna::API::Response::Category,,,permanent,2026-10-05
2026-09-18T21:36:24Z,full_time,," Who we are & What we’re building Peakflo is a rapidly growing Agentic AI company. We are revolutionizing the way global finance teams work with our agentic workflows, and we are actively seeking exceptional talent across diverse disciplines to champion this transformation, uniting multidisciplinary expertise to propel our global strategic vision. Our Growth Story : Peakflo is backed by top-tier global accelerators and investors. We are proud alumni of the prestigious Y-Combinator (W22) and the…",Adzuna::API::Response::Job,https://www.adzuna.in/details/5889518898?utm_medium=api&utm_source=7a21a92b,5889518898,"Data Analyst (Remote, India)",0,eyJhbGciOiJIUzI1NiJ9.eyJpIjoiNTg4OTUxODg5OCIsInMiOiJia0pRTUx2QThSR1Zkb2dMSjJPcjdRIn0.uMhx6zjsHD1h6yxHcFTfqb8t8TPSwvMo8Ur7OlD1lsk,,['India'],Adzuna::API::Response::Location,India,Peakflo,Adzuna::API::Response::Company,IT Jobs,it-jobs,Adzuna::API::Response::Category,100000.0,700000.0,,2026-10-05
2026-09-16T16:13:56Z,full_time,,"About Us Established in 2018, Bybit is one of the world’s leading cryptocurrency exchanges and digital financial platforms, serving over 80 million users across more than 200 countries and regions. Powered by world-class technology and a user-first mindset, Bybit delivers a seamless ecosystem across trading, payments, wealth management, custody, institutional services, and Web3 — connecting users to the future of digital finance. Our core values define how we build. We listen, care and improve …",Adzuna::API::Response::Job,https://www.adzuna.in/details/5885969759?utm_medium=api&utm_source=7a21a92b,5885969759,Senior Data Analyst (Spot),0,eyJhbGciOiJIUzI1NiJ9.eyJpIjoiNTg4NTk2OTc1OSIsInMiOiJia0pRTUx2QThSR1Zkb2dMSjJPcjdRIn0.wZXQEJrtcGhz4iDW5T9gb53aYrQBRx16rVo8cKV7biw,,['India'],Adzuna::API::Response::Location,India,Bybit,Adzuna::API::Response::Company,Accounting & Finance Jobs,accounting-finance-jobs,Adzuna::API::Response::Category,,,permanent,2026-10-05
2026-09-25T21:20:38Z,full_time,,"Responsibilities Data Analysis & Reporting Collect, validate, and analyze operational and business data from various sources. Prepare daily, weekly, and monthly MIS reports and dashboards. Monitor key performance indicators (KPIs) and identify trends, gaps, and improvement opportunities. Generate analytical reports and presentations for management reviews. Business Performance Monitoring Track business performance against targets and budgets. Support variance analysis and root cause identificat…",Adzuna::API::Response::Job,https://www.adzuna.in/details/5898488236?utm_medium=api&utm_source=7a21a92b,5898488236,Team Member - Data Analyst,0,eyJhbGciOiJIUzI1NiJ9.eyJzIjoiYmtKUU1MdkE4UkdWZG9nTEoyT3I3USIsImkiOiI1ODk4NDg4MjM2In0.Ui5DWMVCDGPRukjwk-3KlthV40q5aV3wkbFKV56K5mM,,['India'],Adzuna::API::Response::Location,India,Adani,Adzuna::API::Response::Company,IT Jobs,it-jobs,Adzuna::API::Response::Category,,,,2026-10-05
2026-09-26T21:25:24Z,full_time,,"Work Flexibility: Hybrid What you will do: Partner with business stakeholders to understand reporting and analytics requirements; translate them into clear user stories, data requirements, and technical tasks. Contribute to user-friendly reporting and dashboard experiences by applying standard UI/UX practices and incorporating end-user feedback. Build and optimize data pipelines, ETL/ELT processes, and orchestration workflows for procurement data from ERP systems and other sources, following es…",Adzuna::API::Response::Job,https://www.adzuna.in/details/5899860058?utm_medium=api&utm_source=7a21a92b,5899860058,Senior Staff Data Analyst,0,eyJhbGciOiJIUzI1NiJ9.eyJpIjoiNTg5OTg2MDA1OCIsInMiOiJia0pRTUx2QThSR1Zkb2dMSjJPcjdRIn0.hWgF0a5qu8bZEwA8_bzn2cWdRavAw74CPCB8O5J3Nks,,['India'],Adzuna::API::Response::Location,India,Stryker,Adzuna::API::Response::Company,IT Jobs,it-jobs,Adzuna::API::Response::Category,,,,2026-10-05
2026-08-13T20:38:08Z,,17.40275,"When our values align, there's no limit to what we can achieve. At Parexel, we all share the same goal - to improve the world's health. From clinical trials to regulatory, consulting, and market access, every clinical development solution we provide is underpinned by something special - a deep conviction in what we do. Each of us, no matter what we do at Parexel, contributes to the development of a therapy that ultimately will benefit a patient. We take our work personally, we do it with empath…",Adzuna::API::Response::Job,https://www.adzuna.in/details/5840369440?utm_medium=api&utm_source=7a21a92b,5840369440,Senior Clinical Data Analyst,0,eyJhbGciOiJIUzI1NiJ9.eyJzIjoiYmtKUU1MdkE4UkdWZG9nTEoyT3I3USIsImkiOiI1ODQwMzY5NDQwIn0.71PZ5rMHLwFpHUwb4YieIqdfcYR_6h9TYcyLv2bOMvM,78.50806,"['India', 'Telangana', 'Hyderabad']",Adzuna::API::Response::Location,"Hyderabad, Telangana",Parexel,Adzuna::API::Response::Company,Scientific & QA Jobs,scientific-qa-jobs,Adzuna::API::Response::Category,,,,2026-10-05
