__CLASS__,created,description,salary_is_predicted,adref,title,redirect_url,contract_time,id,company.__CLASS__,company.display_name,location.__CLASS__,location.display_name,location.area,category.__CLASS__,category.tag,category.label,latitude,longitude,contract_type,salary_min,salary_max,date_collected
Adzuna::API::Response::Job,2026-09-09T14:44:26Z,"Role: Data Analyst Job Type: Full-time (Hybrid) Job Location: Bangalore Experience: 6 years Notice Period: Immediate to 30 Days Job Description: Must have strong experience in the Manufacturing domain. Experience working with SAP and Non-SAP data. Strong knowledge of SQL and Python/R. Experience with Azure Data Factory (ADF) and Databricks. Strong understanding of Data Modelling, ETL, Data Mapping, and Data Quality. Experience with Power BI, Tableau, or Looker. Analyze large and complex dataset…",0,eyJhbGciOiJIUzI1NiJ9.eyJzIjoiLXVsbEZUTzc4UkdQcFBUdjg3c0JhZyIsImkiOiI1ODc2ODY5OTc4In0.iWUmgKzRmHN_3BN7B__MxAGz9rIbG2BbkSzS73gy1r8,Data Analyst,https://www.adzuna.in/land/ad/5876869978?se=-ullFTO78RGPpPTv87sBag&utm_medium=api&utm_source=7a21a92b&v=072D1CE1CC72D0FC85E89D98E0B5C45236CC78D8,full_time,5876869978,Adzuna::API::Response::Company,Ignisov Consulting Services,Adzuna::API::Response::Location,"Bangalore, Karnataka","['India', 'Karnataka', 'Bangalore']",Adzuna::API::Response::Category,it-jobs,IT Jobs,,,,,,2026-09-28
Adzuna::API::Response::Job,2026-09-02T16:44:13Z,"Company Description Edwagon is a growing organization focused on using data-driven insights to improve decision-making and business performance. The company values analytical thinking, collaboration, and continuous learning, and encourages team members to explore innovative approaches to solving complex problems. Edwagon offers opportunities to work with diverse datasets, modern tools, and cross-functional teams. Professionals joining Edwagon can expect a supportive environment that recognizes …",0,eyJhbGciOiJIUzI1NiJ9.eyJzIjoiLXVsbEZUTzc4UkdQcFBUdjg3c0JhZyIsImkiOiI1ODY3MDM4MTY2In0.L4sgYJSo7UZb4mE2JnVUS_8uxayUbP9M2q_djPoI_3A,Data Analyst,https://www.adzuna.in/land/ad/5867038166?se=-ullFTO78RGPpPTv87sBag&utm_medium=api&utm_source=7a21a92b&v=005005A5CE08BEDFAA80C211793EB9110F5A4178,full_time,5867038166,Adzuna::API::Response::Company,Edwagon,Adzuna::API::Response::Location,"Bangalore, Karnataka","['India', 'Karnataka', 'Bangalore']",Adzuna::API::Response::Category,it-jobs,IT Jobs,,,,,,2026-09-28
Adzuna::API::Response::Job,2026-09-25T01:51:59Z,"Responsibilities for Data analyst • The candidate must be very good in English, both in verbal and written • She must be from technical background with passion to work as data analyst. • The candidate would be good in researching a technological topic /theme The candidate would be good in building query writing using Boolean operators • The candidate would be good in data validation using social media data sources • Leverage customer verbatim comments to pull in relevant support stories for the…",0,eyJhbGciOiJIUzI1NiJ9.eyJzIjoiLXVsbEZUTzc4UkdQcFBUdjg3c0JhZyIsImkiOiI1ODk3Mjk0NTE3In0.gbcy5494ryKHRrsWA9B4YIFC0FFTA-bypr7fXLtzr9c,Data Analyst,https://www.adzuna.in/land/ad/5897294517?se=-ullFTO78RGPpPTv87sBag&utm_medium=api&utm_source=7a21a92b&v=21DCF7E55436364DA8165DF6052E157821FE1C21,,5897294517,Adzuna::API::Response::Company,Futurlytic Private Limited,Adzuna::API::Response::Location,"Bangalore, Karnataka","['India', 'Karnataka', 'Bangalore']",Adzuna::API::Response::Category,it-jobs,IT Jobs,,,,,,2026-09-28
Adzuna::API::Response::Job,2026-09-07T18:37:51Z,"We are looking for a Data Analyst who can collect, analyze, interpret, and visualize business and financial data to support strategic decision-making. The ideal candidate should have strong analytical skills, attention to detail, and the ability to convert complex data into meaningful business insights. Key Responsibilities Collect, clean, validate, and analyze data from multiple sources. Prepare regular and ad-hoc business performance reports. Develop dashboards and data visualizations for man…",0,eyJhbGciOiJIUzI1NiJ9.eyJpIjoiNTg3NDEzNDU3NiIsInMiOiItdWxsRlRPNzhSR1BwUFR2ODdzQmFnIn0._1xvV98t7TOb_VXsPPWjxiUnH7XRmcmewnR9BErbtBU,Data Analyst,https://www.adzuna.in/land/ad/5874134576?se=-ullFTO78RGPpPTv87sBag&utm_medium=api&utm_source=7a21a92b&v=C577AE65604914B37179B4F8E139D9AF02F18B8E,,5874134576,Adzuna::API::Response::Company,KRFS,Adzuna::API::Response::Location,"Karnataka, India","['India', 'Karnataka']",Adzuna::API::Response::Category,it-jobs,IT Jobs,14.325172,76.227524,,,,2026-09-28
Adzuna::API::Response::Job,2026-09-02T16:42:43Z,"Data Analyst - India - Mumbai or Vadodara - Hybrid - 3 days work from office-2 days working from home. About the Company Pharmanovia is a global speciality pharmaceutical company focused on innovative speciality medicines and trusted, established brands. Pharmanovia combines scientific, medical, regulatory, market access, supply chain and commercial expertise to bring medicines to patients. Together, they reflect a business built to meet patient needs today while helping shape better outcomes f…",0,eyJhbGciOiJIUzI1NiJ9.eyJpIjoiNTg2NzAzNjEwOSIsInMiOiItdWxsRlRPNzhSR1BwUFR2ODdzQmFnIn0.JDY4QtdOpa8XjcgrIMc9DWz7Z-PaziJG8aBY-hf7ZFo,Data Analyst,https://www.adzuna.in/land/ad/5867036109?se=-ullFTO78RGPpPTv87sBag&utm_medium=api&utm_source=7a21a92b&v=3137DF9B503952DFDC32B05C57551147401959BD,,5867036109,Adzuna::API::Response::Company,Pharmanovia,Adzuna::API::Response::Location,"Mumbai, Maharashtra","['India', 'Maharashtra', 'Mumbai']",Adzuna::API::Response::Category,it-jobs,IT Jobs,19.00821,72.84415,,,,2026-09-28
Adzuna::API::Response::Job,2026-09-28T02:03:11Z,"Company Description D2N Solutions is a talent and solutions provider that helps organizations build high-performing teams aligned with their culture and business goals. The company brings together experienced staffing, recruitment, compliance, finance, and marketing professionals who understand the challenges facing both clients and candidates in today’s employment market. D2N Solutions offers comprehensive support across a wide range of technology services, including artificial intelligence, i…",0,eyJhbGciOiJIUzI1NiJ9.eyJzIjoiLXVsbEZUTzc4UkdQcFBUdjg3c0JhZyIsImkiOiI1OTAwODc1NzUxIn0._KTsHfqq1mYHFNXOPcQkBdZXllnwIpcHHBwA1w5gbpI,Data Analyst,https://www.adzuna.in/land/ad/5900875751?se=-ullFTO78RGPpPTv87sBag&utm_medium=api&utm_source=7a21a92b&v=C4BA9C08A7EA4AF6219733E04FE23C46C8F6F2A5,full_time,5900875751,Adzuna::API::Response::Company,D2N Solutions,Adzuna::API::Response::Location,India,['India'],Adzuna::API::Response::Category,it-jobs,IT Jobs,,,,,,2026-09-28
Adzuna::API::Response::Job,2026-09-03T16:50:23Z,"About the Role : We are looking for a highly analytical and detail-oriented Data Analyst to join our Business Development Team. The ideal candidate should have strong skills in data handling, statistical analysis, and visualization tools, along with the ability to translate data into meaningful insights. Key Responsibilities : Data Analysis : - Collect, clean, and validate large datasets from multiple sources - Analyze data to identify trends, patterns, and actionable insights - Develop and mai…",0,eyJhbGciOiJIUzI1NiJ9.eyJzIjoiLXVsbEZUTzc4UkdQcFBUdjg3c0JhZyIsImkiOiI1ODY4Nzk0MjI1In0.wojp4Mfk63OIyJZb36xlbsMMFwPz8bX_YJXVpDNCeGQ,Data Analyst,https://www.adzuna.in/land/ad/5868794225?se=-ullFTO78RGPpPTv87sBag&utm_medium=api&utm_source=7a21a92b&v=D8BC56B9CB11BA0D9B5FFCBCF89C96BD2DFA3D7D,,5868794225,Adzuna::API::Response::Company,Indofast Energy,Adzuna::API::Response::Location,India,['India'],Adzuna::API::Response::Category,it-jobs,IT Jobs,,,,,,2026-09-28
Adzuna::API::Response::Job,2026-09-01T16:23:20Z,"About the Role We are looking for a detail-oriented and analytical Data Analyst to join our remote team. The ideal candidate will collect, analyze, and interpret data to uncover actionable insights that support business decisions, improve marketing performance, and optimize operational efficiency. You will work closely with cross-functional teams to transform complex data into meaningful reports and recommendations. The Data Analyst will be responsible for collecting, cleaning, and analyzing da…",0,eyJhbGciOiJIUzI1NiJ9.eyJzIjoiLXVsbEZUTzc4UkdQcFBUdjg3c0JhZyIsImkiOiI1ODY0NDQzMTk2In0.GzH2355CaCl4K-Go6hXnP1IDTKZ-tvCGClxwpUlUmTs,Data Analyst,https://www.adzuna.in/land/ad/5864443196?se=-ullFTO78RGPpPTv87sBag&utm_medium=api&utm_source=7a21a92b&v=10338B8934051D3701B8DAAFEA2D92D893FF8C64,,5864443196,Adzuna::API::Response::Company,Nians,Adzuna::API::Response::Location,India,['India'],Adzuna::API::Response::Category,it-jobs,IT Jobs,,,,,,2026-09-28
Adzuna::API::Response::Job,2026-09-09T10:19:37Z,"This job is with Cornerstone OnDemand, an inclusive employer and a member of myGwork – the largest global platform for the LGBTQ business community. Please do not contact the recruiter directly. Data Analyst - Enterprise Data Management Location: Hyderabad, India About the Role: We are seeking an experienced Data Analyst to join our Enterprise Data Management team , with a core focus on Data Quality, Data Governance, and Master Data Management (MDM). In this role, you will be responsible for an…",0,eyJhbGciOiJIUzI1NiJ9.eyJzIjoiLXVsbEZUTzc4UkdQcFBUdjg3c0JhZyIsImkiOiI1ODc2NjQ1MDUxIn0.oV_n12I60AI2DOfnIn2knJyvqn2VcgkU3KiFgJzizLs,Data Analyst,https://www.adzuna.in/land/ad/5876645051?se=-ullFTO78RGPpPTv87sBag&utm_medium=api&utm_source=7a21a92b&v=631925FDE58F85DB10B5F3F2B9DA1B57320F62F0,full_time,5876645051,Adzuna::API::Response::Company,Cornerstone OnDemand,Adzuna::API::Response::Location,"Pune, Maharashtra","['India', 'Maharashtra', 'Pune']",Adzuna::API::Response::Category,it-jobs,IT Jobs,18.5062,73.84735,,,,2026-09-28
Adzuna::API::Response::Job,2026-09-25T15:24:07Z,"Data Analyst & Planner – Job Summary Company: JEWEL STAR GROUP Location: Mumbai (In-Office) Working Hours : US Eastern Time Zone (New York) About the Role: We are looking for an experienced Data Analyst & Planner to analyze business, sales, inventory, customer, marketing, and ecommerce data to support strategic decision-making and business growth. The role involves working closely with cross-functional teams to improve reporting, forecasting, operational efficiency, and overall business perform…",0,eyJhbGciOiJIUzI1NiJ9.eyJzIjoiLXVsbEZUTzc4UkdQcFBUdjg3c0JhZyIsImkiOiI1ODk4MTI5NzQ0In0.9nLJM5f4UDuD256MjWGGHknyrvJ1mfVb3hchim2R60U,Data Analyst,https://www.adzuna.in/land/ad/5898129744?se=-ullFTO78RGPpPTv87sBag&utm_medium=api&utm_source=7a21a92b&v=30E44802987F4CECB43EF7439EAB1BE23B3E5A4E,,5898129744,Adzuna::API::Response::Company,JEWELSTAR GROUP,Adzuna::API::Response::Location,"Mumbai, Maharashtra","['India', 'Maharashtra', 'Mumbai']",Adzuna::API::Response::Category,it-jobs,IT Jobs,19.00821,72.84415,,,,2026-09-28
Adzuna::API::Response::Job,2026-09-28T07:33:09Z,"About SmartWinnr SmartWinnr is a leading global platform that uses gamification to enhance knowledge management and performance optimization for distributed sales teams. The platform serves Fortune 500 clients including Boston Scientific, Johnson & Johnson, and AstraZeneca, along with other major companies such as Abbott, Medtronic, HDFC Life, SBI Life, ICICI Prudential, and Aditya Birla to boost sales productivity. SmartWinnr has earned recognition from G2 as one of the top 50 sales products f…",0,eyJhbGciOiJIUzI1NiJ9.eyJzIjoiLXVsbEZUTzc4UkdQcFBUdjg3c0JhZyIsImkiOiI1OTAxMTMzMjIyIn0.tWGBAmDzOpjhEMpm-ePSzSCGcfcp0BRsLICHBy3sYSc,Data Analyst,https://www.adzuna.in/land/ad/5901133222?se=-ullFTO78RGPpPTv87sBag&utm_medium=api&utm_source=7a21a92b&v=BA0F3401CE8F0B17C25D3C424D522B4A812CDC66,,5901133222,Adzuna::API::Response::Company,SmartWinnr,Adzuna::API::Response::Location,"Hyderabad, Telangana","['India', 'Telangana', 'Hyderabad']",Adzuna::API::Response::Category,it-jobs,IT Jobs,17.40275,78.50806,,,,2026-09-28
Adzuna::API::Response::Job,2026-09-18T17:31:52Z,"Job Description : Data Analyst – Fintech About Mint Money Mint Money (by HT Media Group) is a mobile-first personal finance marketplace. We empower millions of users to track credit health, discover personalized loans, and access credit cards seamlessly through partnerships with leading RBI-registered NBFCs and banks. Role Overview As a Data Analyst , you will optimize user acquisition, credit matching, and disbursal funnels. Operating at the intersection of product, marketing, and risk, your i…",0,eyJhbGciOiJIUzI1NiJ9.eyJzIjoiLXVsbEZUTzc4UkdQcFBUdjg3c0JhZyIsImkiOiI1ODg5MjIyOTE5In0.0Bsfs1peWWt6T8VCZJY8KM4LzGLzQLq0wruk1TwgpuU,Data Analyst,https://www.adzuna.in/land/ad/5889222919?se=-ullFTO78RGPpPTv87sBag&utm_medium=api&utm_source=7a21a92b&v=03EF083DA912BE5EBF0E4FE0CF65CCAF6FDA4830,,5889222919,Adzuna::API::Response::Company,HT Digital Streams,Adzuna::API::Response::Location,India,['India'],Adzuna::API::Response::Category,accounting-finance-jobs,Accounting & Finance Jobs,,,,,,2026-09-28
Adzuna::API::Response::Job,2026-09-25T15:21:02Z,"The Data Analyst will be responsible for translating the Group’s data - spanning customer/stakeholder data (Teachers, Schools, Retailers, Distributors, Vendors, Partners) and factory operations data (production, dispatch, inventory, material movement) - into actionable business insights. The role owns dashboard and report development across CRM and ERP systems, surfacing coverage metrics, campaign engagement, operational efficiency, data health scores, and compliance status for SBU heads, plant…",0,eyJhbGciOiJIUzI1NiJ9.eyJpIjoiNTg5ODEyNjE3OSIsInMiOiItdWxsRlRPNzhSR1BwUFR2ODdzQmFnIn0._FMjnGu_acLhrzyLqvMhP_Xcd-PsuvPMZFg9y-BtoY0,Data Analyst,https://www.adzuna.in/land/ad/5898126179?se=-ullFTO78RGPpPTv87sBag&utm_medium=api&utm_source=7a21a92b&v=C4DB41C637EA91E816081FAF9EE7DB65A0AFEAFB,,5898126179,Adzuna::API::Response::Company,Navneet Education Limited,Adzuna::API::Response::Location,"Mumbai, Maharashtra","['India', 'Maharashtra', 'Mumbai']",Adzuna::API::Response::Category,it-jobs,IT Jobs,19.00821,72.84415,,,,2026-09-28
Adzuna::API::Response::Job,2026-09-25T15:24:02Z,"We are hiring for a DATA ANALYST with the skillsets of Oracle pl/sql, unix. JD: Analyze large volumes of data and generate meaningful business insights. Develop, optimize, and maintain complex Oracle SQL/PLSQL queries, procedures, packages, and functions. Perform data extraction, validation, reconciliation, and quality analysis. Utilize Unix/Linux commands and shell scripting for data processing and automation. Investigate data issues, perform root cause analysis, and provide resolutions. Creat…",0,eyJhbGciOiJIUzI1NiJ9.eyJzIjoiLXVsbEZUTzc4UkdQcFBUdjg3c0JhZyIsImkiOiI1ODk4MTI5NjA4In0.Xo-7cGy8Euc7oPINpmmy5F5JNf4jfRPMAoJ9eXtk47U,Data Analyst,https://www.adzuna.in/land/ad/5898129608?se=-ullFTO78RGPpPTv87sBag&utm_medium=api&utm_source=7a21a92b&v=A465629CD7E0313208FBC57D2878FAB324C9B44F,,5898129608,Adzuna::API::Response::Company,Tata Consultancy Services,Adzuna::API::Response::Location,India,['India'],Adzuna::API::Response::Category,it-jobs,IT Jobs,,,,,,2026-09-28
Adzuna::API::Response::Job,2026-09-25T15:24:08Z,"We are hiring for a DATA ANALYST with the skillsets of Oracle pl/sql, unix. JD: Analyze large volumes of data and generate meaningful business insights. Develop, optimize, and maintain complex Oracle SQL/PLSQL queries, procedures, packages, and functions. Perform data extraction, validation, reconciliation, and quality analysis. Utilize Unix/Linux commands and shell scripting for data processing and automation. Investigate data issues, perform root cause analysis, and provide resolutions. Creat…",0,eyJhbGciOiJIUzI1NiJ9.eyJzIjoiLXVsbEZUTzc4UkdQcFBUdjg3c0JhZyIsImkiOiI1ODk4MTI5NzkyIn0.lQCs5JjW5Dz-l0ETOC4ZweX_l1M5KVeyoHcJH-xVWy8,Data Analyst,https://www.adzuna.in/land/ad/5898129792?se=-ullFTO78RGPpPTv87sBag&utm_medium=api&utm_source=7a21a92b&v=64AE30074388AF5F3E58EA892531BD888D52FB26,,5898129792,Adzuna::API::Response::Company,Tata Consultancy Services,Adzuna::API::Response::Location,"Bangalore, Karnataka","['India', 'Karnataka', 'Bangalore']",Adzuna::API::Response::Category,it-jobs,IT Jobs,,,,,,2026-09-28
Adzuna::API::Response::Job,2026-09-02T16:42:41Z,"Job Title: Data Analyst Location: India (Remote) Employment Type: Full-time About Daice Labs Daice Labs is an AI research and product company founded by MIT CSAIL scientists, headquartered in Brookline, MA. The company develops hybrid AI systems that integrate neurosymbolic methods with machine learning to build auditable, adaptive, and governable AI. Daice Labs operates two integrated divisions: a research lab focused on hybrid AI architectures, and Cofabric, a governed AI execution platform f…",0,eyJhbGciOiJIUzI1NiJ9.eyJpIjoiNTg2NzAzNjAzNyIsInMiOiItdWxsRlRPNzhSR1BwUFR2ODdzQmFnIn0.Pev6cVG9vFJCRDW5dyYmlUqIrWLDXrlE1kArTWHerEQ,Data Analyst,https://www.adzuna.in/land/ad/5867036037?se=-ullFTO78RGPpPTv87sBag&utm_medium=api&utm_source=7a21a92b&v=3373786259D5227E399A77A714E583AB630777FD,full_time,5867036037,Adzuna::API::Response::Company,Daice Labs,Adzuna::API::Response::Location,India,['India'],Adzuna::API::Response::Category,it-jobs,IT Jobs,,,,,,2026-09-28
Adzuna::API::Response::Job,2026-09-05T18:30:21Z,"About Position: We are seeking a highly skilled Data Engineer cum Data Analyst with strong expertise in Hadoop Ecosystem, Google Cloud Platform (GCP), Data Analytics, and Project Management. The ideal candidate will possess hands-on experience in designing scalable data platforms, building data pipelines, performing advanced analytics, and leading end-to-end data initiatives. This role requires a blend of technical expertise, business analysis, stakeholder management, and project delivery capab…",0,eyJhbGciOiJIUzI1NiJ9.eyJpIjoiNTg3MTk5MTg5NiIsInMiOiItdWxsRlRPNzhSR1BwUFR2ODdzQmFnIn0.2E6mORnS2dExRQr6BWY2ogBKJt455UcSLCJTK1ebzw0,Data Analyst,https://www.adzuna.in/land/ad/5871991896?se=-ullFTO78RGPpPTv87sBag&utm_medium=api&utm_source=7a21a92b&v=4E224CAAB3213F1718D14EA4D9357EF9FBB8D759,full_time,5871991896,Adzuna::API::Response::Company,Persistent Systems,Adzuna::API::Response::Location,"Hyderabad, Telangana","['India', 'Telangana', 'Hyderabad']",Adzuna::API::Response::Category,it-jobs,IT Jobs,17.40275,78.50806,,,,2026-09-28
Adzuna::API::Response::Job,2026-09-21T17:39:06Z,"We are hiring Data Analyst Freshers on behalf of our client companies. The selected candidates will work with business and operations teams to collect, organize, analyze, and interpret data to support business decision-making. This is an excellent opportunity for freshers looking to start their career in Data Analytics, Business Intelligence, and Data-driven Operations. Key Responsibilities Collect, clean, validate, and organize data from different sources. Analyze datasets to identify trends, …",0,eyJhbGciOiJIUzI1NiJ9.eyJpIjoiNTg5Mjc3MDk5MiIsInMiOiItdWxsRlRPNzhSR1BwUFR2ODdzQmFnIn0.kOrS2n_cfttZB_b6qlCy1n9OQSFuT0uSZajKGbzUbpc,Data Analyst,https://www.adzuna.in/land/ad/5892770992?se=-ullFTO78RGPpPTv87sBag&utm_medium=api&utm_source=7a21a92b&v=D644AB5D5C1241C76D4155BFF35793D9C6391A7E,,5892770992,Adzuna::API::Response::Company,Drave Digitals Recruitment Services,Adzuna::API::Response::Location,India,['India'],Adzuna::API::Response::Category,it-jobs,IT Jobs,,,,,,2026-09-28
Adzuna::API::Response::Job,2026-09-14T17:17:47Z,"We are seeking a highly skilled and detail-oriented Senior Data Analyst / Data Governance Specialist with 7 years of experience to drive data-driven decision-making and ensure robust data governance practices. The ideal candidate will have strong expertise in data analysis, SQL, data modeling, and governance frameworks , along with the ability to translate business requirements into actionable insights. Key Responsibilities Data Analysis & Insights Analyze large volumes of structured and unstru…",0,eyJhbGciOiJIUzI1NiJ9.eyJpIjoiNTg4MzU2MjcyNiIsInMiOiItdWxsRlRPNzhSR1BwUFR2ODdzQmFnIn0.xweh5mfDxZVqYM2QvXEG-_tqO01ZbS32SiFDJwXkJh8,Data Analyst,https://www.adzuna.in/land/ad/5883562726?se=-ullFTO78RGPpPTv87sBag&utm_medium=api&utm_source=7a21a92b&v=5743FEA422ADE6DE4EE297850815AC6CE580C190,,5883562726,Adzuna::API::Response::Company,HTC Global Services,Adzuna::API::Response::Location,"Hyderabad, Telangana","['India', 'Telangana', 'Hyderabad']",Adzuna::API::Response::Category,it-jobs,IT Jobs,17.40275,78.50806,,,,2026-09-28
Adzuna::API::Response::Job,2026-09-25T15:21:03Z,"Job title: Data Analyst Location: Pune, Maharashtra, India · On-site · Full-time · Mid-Senior level QWR Interactive Solutions designs and manufactures head-worn computing devices. We have shipped over 50,000 devices across 17 countries. We also build HUMBL, a voice-native AI app. About the role We are looking for a data analyst with 2 to 4 years of experience turning operational data into decisions, ideally in a hardware, manufacturing, consumer product or technology environment. Our data sits …",0,eyJhbGciOiJIUzI1NiJ9.eyJzIjoiLXVsbEZUTzc4UkdQcFBUdjg3c0JhZyIsImkiOiI1ODk4MTI2MTk4In0.7t6P9BThPlBIpePbi9uJi4cZ3SoM944nMkYVQDdPHkc,Data Analyst,https://www.adzuna.in/land/ad/5898126198?se=-ullFTO78RGPpPTv87sBag&utm_medium=api&utm_source=7a21a92b&v=49D26B61774F658ECC3D105DFA175760C2E344D8,full_time,5898126198,Adzuna::API::Response::Company,QWR,Adzuna::API::Response::Location,India,['India'],Adzuna::API::Response::Category,it-jobs,IT Jobs,,,,,,2026-09-28
Adzuna::API::Response::Job,2026-09-28T07:40:57Z,"About the Company Quantumleap Learning Solutions Pvt Ltd is a leading business coaching and consulting firm committed to helping entrepreneurs and business owners scale their businesses effectively. With a structured approach to business growth, we specialize in providing data-driven insights and strategies that empower our clients . Join us and be part of a company that values accuracy, efficiency, and continuous improvement. About the Role We are looking for a business minded Data Analyst wit…",0,eyJhbGciOiJIUzI1NiJ9.eyJpIjoiNTkwMTEzNzU5NCIsInMiOiItdWxsRlRPNzhSR1BwUFR2ODdzQmFnIn0.ZRIs3FA-QgrAHewXJWmZ2NooID1xobW9-UhIw4ucKUw,Data Analyst,https://www.adzuna.in/land/ad/5901137594?se=-ullFTO78RGPpPTv87sBag&utm_medium=api&utm_source=7a21a92b&v=8797DE99BC0DC8C8175A2CFE3A087271366D70A2,,5901137594,Adzuna::API::Response::Company,Quantum Leap Learning Solutions Pvt Ltd,Adzuna::API::Response::Location,"Bangalore, Karnataka","['India', 'Karnataka', 'Bangalore']",Adzuna::API::Response::Category,it-jobs,IT Jobs,,,,,,2026-09-28
Adzuna::API::Response::Job,2026-09-27T18:07:28Z,"Job Description We are seeking a skilled Data Analyst ,Bangalore, Hyderabad having 4 yrs of experience. About Us CodeVyasa is a mid-sized product engineering company that works with top-tier product and solutions organizations such as McKinsey, Walmart, RazorPay, Swiggy, and others. We are a team of 550 engineers, driving innovation across Product & Data Engineering, focusing on Agentic AI, RPA, Full Stack, and GenAI-based solutions. Key Responsibilities: Design, develop, and maintain interacti…",0,eyJhbGciOiJIUzI1NiJ9.eyJpIjoiNTkwMDYxNjQwNiIsInMiOiItdWxsRlRPNzhSR1BwUFR2ODdzQmFnIn0.5DClZZteu4yCDDfkZVXWg7OPqFmoTRRgeu3b5ft4U9E,Data Analyst,https://www.adzuna.in/land/ad/5900616406?se=-ullFTO78RGPpPTv87sBag&utm_medium=api&utm_source=7a21a92b&v=AB9C67ED297CE516DED5ABF2B5050CE8E38E0264,,5900616406,Adzuna::API::Response::Company,MNC,Adzuna::API::Response::Location,India,['India'],Adzuna::API::Response::Category,it-jobs,IT Jobs,,,,,,2026-09-28
Adzuna::API::Response::Job,2026-09-18T23:23:08Z,"Data Analyst About Credit Saison India Established in 2019, Credit Saison India (CS India) is one of the country’s fastest-growing Non-Bank Financial Company (NBFC) lenders, with verticals in wholesale, direct lending and tech-enabled partnerships with Non-Bank Financial Companies (NBFCs) and fintech's with a vision to unlock India’s financial potential. Combining our tech-enabled model with underwriting capability has allowed us to lending at scale to meet India’s huge gap for credit, especial…",0,eyJhbGciOiJIUzI1NiJ9.eyJzIjoiLXVsbEZUTzc4UkdQcFBUdjg3c0JhZyIsImkiOiI1ODg5Njc1NDUwIn0.5X9g0f16azYYkNoVJuIKQBBDtB3fgf_AMX_Z0LjVxdI,Data Analyst,https://www.adzuna.in/land/ad/5889675450?se=-ullFTO78RGPpPTv87sBag&utm_medium=api&utm_source=7a21a92b&v=6D13B19E5EE70AAAFCF05B9205126299083FD3DC,,5889675450,Adzuna::API::Response::Company,Credit Saison India,Adzuna::API::Response::Location,"Bangalore, Karnataka","['India', 'Karnataka', 'Bangalore']",Adzuna::API::Response::Category,it-jobs,IT Jobs,,,,,,2026-09-28
Adzuna::API::Response::Job,2026-09-12T17:20:59Z,"About Position: We are seeking an experienced Data Analyst Healthcare (Azure Databricks) with 8 years of experience in healthcare data analytics, data profiling, source-to-target mapping, and modern cloud-based data platforms. The ideal candidate will possess strong expertise in healthcare claims data, advanced SQL development, Azure Databricks, and business data analysis. This role will act as a critical bridge between business stakeholders, data engineering teams, analytics teams, and AI/ML i…",0,eyJhbGciOiJIUzI1NiJ9.eyJpIjoiNTg4MDk1MzAzMyIsInMiOiItdWxsRlRPNzhSR1BwUFR2ODdzQmFnIn0.RcF4gZ0hw1rSwC1EwJnldRVWog-8CW5W3B9vs_5yNYI,Data Analyst,https://www.adzuna.in/land/ad/5880953033?se=-ullFTO78RGPpPTv87sBag&utm_medium=api&utm_source=7a21a92b&v=FC6D53927597CEACE22EEDAE514F5937F0134DC8,full_time,5880953033,Adzuna::API::Response::Company,Persistent Systems,Adzuna::API::Response::Location,India,['India'],Adzuna::API::Response::Category,it-jobs,IT Jobs,,,,,,2026-09-28
Adzuna::API::Response::Job,2026-09-03T16:48:56Z,"About the Role As a Data Analyst at EaseMyTrip.com, you will be crucial in analyzing travel data to drive business insights and decisions. Your role involves harnessing large sets of data to identify trends, forecast demand, and optimize our services to enhance customer satisfaction. You will collaborate closely with various departments, including marketing, sales, and customer service, to support our mission of delivering exceptional travel experiences. This position is key to driving data-dri…",0,eyJhbGciOiJIUzI1NiJ9.eyJzIjoiLXVsbEZUTzc4UkdQcFBUdjg3c0JhZyIsImkiOiI1ODY4NzkxNzU4In0.Q7EGFU_oNj83fISpCDH_eUUAj6nOmgFmNthaFWl2-C8,Data Analyst,https://www.adzuna.in/land/ad/5868791758?se=-ullFTO78RGPpPTv87sBag&utm_medium=api&utm_source=7a21a92b&v=195849E2D4E99C9FB14549118D0AFC947CC7F169,,5868791758,Adzuna::API::Response::Company,EaseMyTrip.com,Adzuna::API::Response::Location,India,['India'],Adzuna::API::Response::Category,it-jobs,IT Jobs,,,,,,2026-09-28
Adzuna::API::Response::Job,2026-09-18T17:29:26Z,"Summary The AI Data Analyst will design, develop, document, and maintain data pipelines and architectures, workingclosely with IT, Data Engineering, and Data Science teams to deliver artificial intelligence and machine learningsolutions. Provide technical support on selected AI systems (for example, Generative AI applications, agenticworkflows, and internal data integration tools) and participate in enterprise IT and AI projects. Detailed Description Performs tasks such as, but not limited to, …",0,eyJhbGciOiJIUzI1NiJ9.eyJpIjoiNTg4OTIxOTI1NCIsInMiOiItdWxsRlRPNzhSR1BwUFR2ODdzQmFnIn0.Wpw0F-S_uwyegD29JxNXLIji1N3vGz5I8ax4V9I1VDo,Data Analyst,https://www.adzuna.in/land/ad/5889219254?se=-ullFTO78RGPpPTv87sBag&utm_medium=api&utm_source=7a21a92b&v=F7AFC9AC2D0E9DD4D9D13BF0498E433176A3ACB6,full_time,5889219254,Adzuna::API::Response::Company,Celestica,Adzuna::API::Response::Location,India,['India'],Adzuna::API::Response::Category,it-jobs,IT Jobs,,,,,,2026-09-28
Adzuna::API::Response::Job,2026-09-23T15:37:34Z,"About Company Droisys is an innovation technology company focused on helping companies accelerate their digital initiatives from strategy and planning through execution. We leverage deep technical expertise, Agile methodologies, and data-driven intelligence to modernize systems of engagement and simplify human/tech interaction. Amazing things happen when we work in environments where everyone feels a true sense of belonging and when candidates have the requisite skills and opportunities to succ…",0,eyJhbGciOiJIUzI1NiJ9.eyJzIjoiLXVsbEZUTzc4UkdQcFBUdjg3c0JhZyIsImkiOiI1ODk1MDMwMTQ3In0.Db9Baqo41IO19Nj3C3iAzQIS0SNfesFutuTT6qH0j8c,Data Analyst,https://www.adzuna.in/land/ad/5895030147?se=-ullFTO78RGPpPTv87sBag&utm_medium=api&utm_source=7a21a92b&v=C8E2B6FEA72225B485EA300DB4E50DDF5DE96214,,5895030147,Adzuna::API::Response::Company,Droisys,Adzuna::API::Response::Location,India,['India'],Adzuna::API::Response::Category,it-jobs,IT Jobs,,,contract,,,2026-09-28
Adzuna::API::Response::Job,2026-09-09T14:45:05Z,"About the Team The Analytics team at Navi plays a pivotal role in driving data-informed decision-making across the organization. We work closely with all business functions to generate insights, build visibility, and validate hypotheses that shape strategy and execution. Our work spans five key verticals: Business and Product Analytics, Credit & Credit Risk Analytics, Collections & Biz-fin Analytics, Self-Serve and Automation. About the Role Data analyst is a key role within the Navi central an…",0,eyJhbGciOiJIUzI1NiJ9.eyJpIjoiNTg3Njg3MDcyMSIsInMiOiItdWxsRlRPNzhSR1BwUFR2ODdzQmFnIn0.mhjhfGGPvee78Xg22NTA_LqrXza575RX6IAcE3yJUgE,Data Analyst,https://www.adzuna.in/land/ad/5876870721?se=-ullFTO78RGPpPTv87sBag&utm_medium=api&utm_source=7a21a92b&v=2576438D5221EA5E732DFE3A9D6E997ECFCBEEA1,,5876870721,Adzuna::API::Response::Company,Navi,Adzuna::API::Response::Location,India,['India'],Adzuna::API::Response::Category,it-jobs,IT Jobs,,,,,,2026-09-28
Adzuna::API::Response::Job,2026-09-25T15:23:18Z,"Job Summary With the extreme growth rate of our company, teams, and customer base, we are looking for a Data Analyst to help our Business Intelligence team keep up with the needs of the business by providing data and reports to our various functional areas in a timely manner. As part of this team, you’ll work with your team members, our Data Architect, as well as stakeholders throughout the company to build and maintain new reports and dashboards in PowerBI and Salesforce , providing better acc…",0,eyJhbGciOiJIUzI1NiJ9.eyJpIjoiNTg5ODEyODQ5OSIsInMiOiItdWxsRlRPNzhSR1BwUFR2ODdzQmFnIn0.b5fQLbrO5LClKiWErRcuhCCYPMq1ujyOGrPbdHmjtts,Data Analyst,https://www.adzuna.in/land/ad/5898128499?se=-ullFTO78RGPpPTv87sBag&utm_medium=api&utm_source=7a21a92b&v=DB79B3F4CE4EA21D3400B80E95C13F026C24FA9A,,5898128499,Adzuna::API::Response::Company,CirrusLabs,Adzuna::API::Response::Location,"Bangalore, Karnataka","['India', 'Karnataka', 'Bangalore']",Adzuna::API::Response::Category,it-jobs,IT Jobs,,,,,,2026-09-28
Adzuna::API::Response::Job,2026-09-04T16:57:30Z,"Mandatory skills: Translate business needs into technical specifications and BI solutions. Design, build, and deploy BI solutions (reports, dashboards, semantic models). Develop, optimize, and maintain ETL processes to integrate data from multiple sources. Maintain and improve data warehouses and analytics platforms, including OLAP cubes or tabular models. Write and optimize complex SQL queries and perform ad-hoc data analysis. Create clear, interactive reports and visualizations using BI tools…",0,eyJhbGciOiJIUzI1NiJ9.eyJpIjoiNTg3MDUyNzU2MyIsInMiOiItdWxsRlRPNzhSR1BwUFR2ODdzQmFnIn0.pARleSRW0ZpUTd_5ehmgVcLBjIAM3yO6oxGlDFFt8l4,Data Analyst,https://www.adzuna.in/land/ad/5870527563?se=-ullFTO78RGPpPTv87sBag&utm_medium=api&utm_source=7a21a92b&v=3AE3F6D039668E42E5620EDDC560AB2A23B56122,,5870527563,Adzuna::API::Response::Company,Innodata Inc.,Adzuna::API::Response::Location,India,['India'],Adzuna::API::Response::Category,it-jobs,IT Jobs,,,,,,2026-09-28
Adzuna::API::Response::Job,2026-09-01T16:22:33Z,"The ideal candidate will use their passion for big data and analytics to provide insights to the business covering a range of topics. The main field of Analysis will be the data on NatGasHub.com and the Energy Industry of the US and Canada. Timings-9:00 am to 6:00 pm Direct exposure to working with U.S. and Canadian clients. Responsibilities Understand the day-to-day issues that our business faces, which can be better understood with data Coordinate with the team to complete tasks Making sure t…",0,eyJhbGciOiJIUzI1NiJ9.eyJpIjoiNTg2NDQzNzAxMyIsInMiOiItdWxsRlRPNzhSR1BwUFR2ODdzQmFnIn0.lEx2x0a3sIrF_AmClnG8HuPI4Ywd9viPIS89qhRCg6g,Data Analyst,https://www.adzuna.in/land/ad/5864437013?se=-ullFTO78RGPpPTv87sBag&utm_medium=api&utm_source=7a21a92b&v=73B93ADD4FC40B21FE02ED63887439AAE12218B7,,5864437013,Adzuna::API::Response::Company,Midtown Software,Adzuna::API::Response::Location,"Chandigarh, India","['India', 'Chandigarh']",Adzuna::API::Response::Category,consultancy-jobs,Consultancy Jobs,30.75395,76.76094,,,,2026-09-28
Adzuna::API::Response::Job,2026-09-22T17:39:57Z,Role tasks & responsibilities: Assist in monthly Sales target distribution reports Produce Sales Channel Profitability and Shops P&L Reports Analyze large Data sets to identify growth potentiality of the Sales channel Produce monthly Sales Opex performance and Budget Control report Support in Forecasting Gross Adds and Sales Cost report Skillset & Competences needed for the role: Analytical thinking Problem solving skills Communication and Relationship-building Project Management Main Technical…,0,eyJhbGciOiJIUzI1NiJ9.eyJpIjoiNTg5MzkzMDI2OSIsInMiOiItdWxsRlRPNzhSR1BwUFR2ODdzQmFnIn0.w-JQBDEIOLBj-_VEEKuip6jdMc7fZye59oCUuMT1ORk,Data Analyst,https://www.adzuna.in/land/ad/5893930269?se=-ullFTO78RGPpPTv87sBag&utm_medium=api&utm_source=7a21a92b&v=62874E010F1DE8A440A2762910E5A397D5086C5D,,5893930269,Adzuna::API::Response::Company,Mobily Infotech,Adzuna::API::Response::Location,India,['India'],Adzuna::API::Response::Category,sales-jobs,Sales Jobs,,,,,,2026-09-28
Adzuna::API::Response::Job,2026-09-25T15:23:21Z,"Exp: 3 years Location : Gurugram 1) Design and Develop SQL Logic: Create and implement intermediate to advanced SQL queries, stored procedures, and functions to meet business requirements and enhance data processing efficiency. 2) Maintain and Optimize SQL Processes: Regularly review, maintain, and optimize existing SQL processes, procedures, and chains to ensure optimal performance and scalability. 3) Implement and Manage Business Processes: Design, implement, and manage business processes tha…",0,eyJhbGciOiJIUzI1NiJ9.eyJpIjoiNTg5ODEyODU5MyIsInMiOiItdWxsRlRPNzhSR1BwUFR2ODdzQmFnIn0.ZIYdPOaXYyP-xPknqJ_l85K0SXTdr2PtNAwOTBRpn9w,Data Analyst,https://www.adzuna.in/land/ad/5898128593?se=-ullFTO78RGPpPTv87sBag&utm_medium=api&utm_source=7a21a92b&v=DCAA37E23904574A53638F0A8E5681433FAAB313,,5898128593,Adzuna::API::Response::Company,Home Credit India,Adzuna::API::Response::Location,India,['India'],Adzuna::API::Response::Category,it-jobs,IT Jobs,,,,,,2026-09-28
Adzuna::API::Response::Job,2026-09-15T17:26:47Z,"Required Skills: Strong proficiency in Python for data analysis. Strong knowledge of SQL , including joins, subqueries, CTEs, window functions, and aggregations. Hands-on experience with Tableau or Power BI for dashboard development and data visualization. Good understanding of data cleaning, transformation, and exploratory data analysis. Strong analytical and problem-solving skills. Ability to work with large datasets and derive meaningful insights. Good understanding of data visualization pri…",0,eyJhbGciOiJIUzI1NiJ9.eyJpIjoiNTg4NDU4ODQwNSIsInMiOiItdWxsRlRPNzhSR1BwUFR2ODdzQmFnIn0.C6lJHntLu_IB9-sZr7AaFf0oj2S510pPFI85QAl_LqI,Data Analyst,https://www.adzuna.in/land/ad/5884588405?se=-ullFTO78RGPpPTv87sBag&utm_medium=api&utm_source=7a21a92b&v=F8B67DA624021560AEB81E320332ACCB9C424BF1,,5884588405,Adzuna::API::Response::Company,Innodata Inc.,Adzuna::API::Response::Location,"Noida, Ghaziabad","['India', 'Uttar Pradesh', 'Ghaziabad', 'Noida']",Adzuna::API::Response::Category,it-jobs,IT Jobs,28.56579,77.3225,,,,2026-09-28
Adzuna::API::Response::Job,2026-09-18T17:30:22Z,3 to 8 years of relevant experience in Data Analytics BI Data Engineering or Data Science Advanced SQL including complex joins CTEs window functions and query performance optimization Hands on proficiency in at least one BI or visualization tool such as Power BI Tableau or Qlik Strong stakeholder management skills and proven ability to work with business teams to shape analytical solutions Python or equivalent scripting such as R or PySpark for data manipulation automation or analysis Good to H…,0,eyJhbGciOiJIUzI1NiJ9.eyJzIjoiLXVsbEZUTzc4UkdQcFBUdjg3c0JhZyIsImkiOiI1ODg5MjIwNzk2In0.GVqHEZj9lO5nQQv-wtv27kgXIrRaJq8FLCDLHRGNSQA,Data analyst,https://www.adzuna.in/land/ad/5889220796?se=-ullFTO78RGPpPTv87sBag&utm_medium=api&utm_source=7a21a92b&v=DA2B7E776D183BB53842F894AF7B97E6948A3BB7,,5889220796,Adzuna::API::Response::Company,Live Connections,Adzuna::API::Response::Location,"Chennai, Tamil Nadu","['India', 'Tamil Nadu', 'Chennai']",Adzuna::API::Response::Category,it-jobs,IT Jobs,13.06041,80.24963,,,,2026-09-28
Adzuna::API::Response::Job,2026-09-02T16:42:44Z,"Job Purpose To support the design, calculation, validation, control, and payment of sales incentives, commissions, and performance-based rewards across Consumer Sales channels. The role is responsible for KPI monitoring, commission accuracy, scheme compliance, reporting, financial controls, and coordination with stakeholders to ensure timely and accurate incentive processing. Experience 2-5 years of experience in sales operations, incentive management, commission administration, finance, or per…",0,eyJhbGciOiJIUzI1NiJ9.eyJzIjoiLXVsbEZUTzc4UkdQcFBUdjg3c0JhZyIsImkiOiI1ODY3MDM2MTE4In0.fYOGEpmVcGSSOxrA4fNHU460pgQ5Hk8vzNw0euhVhUc,Data Analyst,https://www.adzuna.in/land/ad/5867036118?se=-ullFTO78RGPpPTv87sBag&utm_medium=api&utm_source=7a21a92b&v=E3CE73797177587B6E8B13A271CB9FF87FE7917E,,5867036118,Adzuna::API::Response::Company,Mobily Infotech,Adzuna::API::Response::Location,India,['India'],Adzuna::API::Response::Category,sales-jobs,Sales Jobs,,,,,,2026-09-28
Adzuna::API::Response::Job,2026-09-11T17:16:32Z,"This is going to be a contractual role for 1 year  1 year (Extendable) Preferred: Immediate joiners or currently serving notice with less than 20 days Location: Hyderabad (located in Hyderabad only) About the Role Are you a data professional who bridges the gap between complex coding and real-world business strategy? Do you know how to extract messy corporate data, build predictive algorithms, and turn those models into beautiful, executive-ready dashboards? Lonza is seeking a Manager, Supply C…",0,eyJhbGciOiJIUzI1NiJ9.eyJzIjoiLXVsbEZUTzc4UkdQcFBUdjg3c0JhZyIsImkiOiI1ODc5NjY4NTM5In0.vPXncCXIYCx-rpQa-tC3tgWqH8Ht4zADyfmzmO1K-SY,Data Analyst,https://www.adzuna.in/land/ad/5879668539?se=-ullFTO78RGPpPTv87sBag&utm_medium=api&utm_source=7a21a92b&v=520AA2FCBF8F78706C4F65D0128E3B1DA99EC4B3,,5879668539,Adzuna::API::Response::Company,Lonza,Adzuna::API::Response::Location,"Hyderabad, Telangana","['India', 'Telangana', 'Hyderabad']",Adzuna::API::Response::Category,it-jobs,IT Jobs,17.40275,78.50806,,,,2026-09-28
Adzuna::API::Response::Job,2026-09-16T17:24:14Z,"Key Responsibilities 1. Business Problem Solving & Analytics Partner closely with cross-functional teams across Business, Product, Technology, Operations, Risk, and other functions to identify and define high-impact business problems. Translate ambiguous business requirements into structured analytical problem statements and actionable hypotheses. Independently identify relevant data sources, define analytical logic, and build robust solutions. Generate actionable insights that influence busine…",0,eyJhbGciOiJIUzI1NiJ9.eyJpIjoiNTg4NjA5Mzc5MyIsInMiOiItdWxsRlRPNzhSR1BwUFR2ODdzQmFnIn0.iojOxzUxcDcQ-Cu5A56wLVVeIh--EJRmFOCNxv5XzIE,Data Analyst,https://www.adzuna.in/land/ad/5886093793?se=-ullFTO78RGPpPTv87sBag&utm_medium=api&utm_source=7a21a92b&v=395DB71656BCE88B2918DD33BA7C3D23FADDBA0C,,5886093793,Adzuna::API::Response::Company,airtel,Adzuna::API::Response::Location,India,['India'],Adzuna::API::Response::Category,it-jobs,IT Jobs,,,,,,2026-09-28
Adzuna::API::Response::Job,2026-09-27T18:06:07Z,"The ideal candidate will use their passion for big data and analytics to provide insights to the business covering a range of topics. They will be responsible for conducting both recurring and ad hoc analysis for business users. Responsibilities Understand the day-to-day issues that our business faces, which can be better understood with data Compile and analyze data related to business' issues Develop clear visualizations to convey complicated data in a straightforward fashion Qualifications B…",0,eyJhbGciOiJIUzI1NiJ9.eyJzIjoiLXVsbEZUTzc4UkdQcFBUdjg3c0JhZyIsImkiOiI1OTAwNjE2MDQ2In0.PJcGWvLPywCW592IV6DIiUeTd29Nph8e_3eL66Kovbc,Data Analyst,https://www.adzuna.in/land/ad/5900616046?se=-ullFTO78RGPpPTv87sBag&utm_medium=api&utm_source=7a21a92b&v=FF977D1A5C362D8F7EC4EDE84B993586FCA0FEF0,,5900616046,Adzuna::API::Response::Company,Appinventiv,Adzuna::API::Response::Location,India,['India'],Adzuna::API::Response::Category,it-jobs,IT Jobs,,,,,,2026-09-28
Adzuna::API::Response::Job,2026-09-03T16:48:18Z," WE’RE HIRING | DATA ANALYST TRAINER  We are looking for an experienced and passionate Data Analyst Trainer to join our team in Vijayawada .  Experience: More than 5 years  Position: Data Analyst Trainer  Location: Vijayawada  Joining: Immediate  What We’re Looking For: ✅ 5 years of experience in Data Analytics ✅ Strong expertise in Excel, SQL, Power BI/Tableau ✅ Knowledge of Data Cleaning, Transformation & Statistical Analysis ✅ Excellent communication and presentation skills ✅ Strong training…",0,eyJhbGciOiJIUzI1NiJ9.eyJpIjoiNTg2ODc4OTE5NyIsInMiOiItdWxsRlRPNzhSR1BwUFR2ODdzQmFnIn0.mYKiKgXScOSu_CWObdbDX4ThkFj9TvwUvNcfnIm4ixw,Data Analyst Trainer,https://www.adzuna.in/land/ad/5868789197?se=-ullFTO78RGPpPTv87sBag&utm_medium=api&utm_source=7a21a92b&v=E9AC984BF05B496E5223BFC8D79B900D607738A6,,5868789197,Adzuna::API::Response::Company,Techchampp technologies,Adzuna::API::Response::Location,"Vijayawada, Krishna","['India', 'Andhra Pradesh', 'Krishna', 'Vijayawada']",Adzuna::API::Response::Category,it-jobs,IT Jobs,16.51099,80.59536,,,,2026-09-28
Adzuna::API::Response::Job,2026-09-04T16:58:16Z,"Recognized as: Great Place to Work – 2024 and 2025 - This achievement reflects our unwavering commitment to a workplace where innovation, collaboration, and success go hand in hand; thanks to each Prudent family member for being the driving force behind our success. One of ’       ! This honour reflects our unwavering commitment to fostering a culture where every woman can thrive and shine, and every voice is heard. Together, we’re building a future of , , and  for all team members Job title Da…",0,eyJhbGciOiJIUzI1NiJ9.eyJzIjoiLXVsbEZUTzc4UkdQcFBUdjg3c0JhZyIsImkiOiI1ODcwNTI4NDA2In0.775w8yDa_gmtMe2k1xbtaIHFi6GhXb7-TiM-lVGVjDw,Sr. Data Analyst,https://www.adzuna.in/land/ad/5870528406?se=-ullFTO78RGPpPTv87sBag&utm_medium=api&utm_source=7a21a92b&v=BDE967219961D1789FD4320457BC399AFFD93632,,5870528406,Adzuna::API::Response::Company,Prudent Insurance Brokers Pvt Ltd.,Adzuna::API::Response::Location,India,['India'],Adzuna::API::Response::Category,it-jobs,IT Jobs,,,,,,2026-09-28
Adzuna::API::Response::Job,2026-09-20T17:36:20Z,"Snowflake Data Analyst  Location: Bangalore / Chennai  Experience: 6-10 Years We are looking for an experienced Snowflake Data Analyst with strong expertise in data analysis, data warehousing, and cloud-based data platforms. The ideal candidate should have hands-on experience working with Snowflake, SQL, BI tools, and data modeling to deliver actionable business insights. Key Responsibilities: Analyze large datasets to identify trends, patterns, and business insights. Design, develop, and optim…",0,eyJhbGciOiJIUzI1NiJ9.eyJpIjoiNTg5MTY5NDU4MSIsInMiOiItdWxsRlRPNzhSR1BwUFR2ODdzQmFnIn0.Qha_Dw1AV9rtWSASayxAY44LI-9odKEemxoW0v201bA,Snowflake Data Analyst,https://www.adzuna.in/land/ad/5891694581?se=-ullFTO78RGPpPTv87sBag&utm_medium=api&utm_source=7a21a92b&v=74CC0003626A3D739518350D52C605227F3E5C85,,5891694581,Adzuna::API::Response::Company,Tata Consultancy Services,Adzuna::API::Response::Location,"Bangalore, Karnataka","['India', 'Karnataka', 'Bangalore']",Adzuna::API::Response::Category,it-jobs,IT Jobs,,,,,,2026-09-28
Adzuna::API::Response::Job,2026-09-09T01:02:37Z,"Data Analyst About the Role We are looking for a Data Analyst with strong SQL, dashboarding, and business analysis skills to transform business questions into clear, actionable analytical outputs. The ideal candidate will be comfortable working across business and technical teams, translating requirements into structured analysis, building dashboards and reports, and maintaining clear documentation around business metrics, definitions, and data logic. Key Responsibilities Analyze data using SQL…",0,eyJhbGciOiJIUzI1NiJ9.eyJzIjoiLXVsbEZUTzc4UkdQcFBUdjg3c0JhZyIsImkiOiI1ODc2MDEzNDk2In0.tdYQneswE4usUc4Jeig-k_YZsV_p1C806tVm6RzOyVA,Senior Data Analyst,https://www.adzuna.in/land/ad/5876013496?se=-ullFTO78RGPpPTv87sBag&utm_medium=api&utm_source=7a21a92b&v=714EC760623D0F1C900400A9FE9BF2261E94B771,,5876013496,Adzuna::API::Response::Company,"Aspire, Jordan",Adzuna::API::Response::Location,India,['India'],Adzuna::API::Response::Category,it-jobs,IT Jobs,,,,,,2026-09-28
Adzuna::API::Response::Job,2026-09-18T17:30:32Z,"About the Company: Ruder Finn is seeking a Senior Data Analyst (Data Analyst III) to join its award-winning Emerging Technology & Analytics team. The chosen candidate will support the agency’s new business efforts by spearheading the research activities such as but not limited to earned media analysis, social listening, influencer identification, data modeling and predictive analytics. This individual will collaborate with several account teams within the agency providing counsel as needed on t…",0,eyJhbGciOiJIUzI1NiJ9.eyJzIjoiLXVsbEZUTzc4UkdQcFBUdjg3c0JhZyIsImkiOiI1ODg5MjIxMDU3In0.y8O5E6tvmfaROWJUEq8CBL0i7q6JJFAdomnr_amvTqs,Data Analyst III,https://www.adzuna.in/land/ad/5889221057?se=-ullFTO78RGPpPTv87sBag&utm_medium=api&utm_source=7a21a92b&v=CE3DF02113A2674C8C286D318513CA0FFACD0B7F,,5889221057,Adzuna::API::Response::Company,Ruder Finn India,Adzuna::API::Response::Location,India,['India'],Adzuna::API::Response::Category,it-jobs,IT Jobs,,,,,,2026-09-28
Adzuna::API::Response::Job,2026-08-12T01:59:43Z,"This job is with Capco, an inclusive employer and a member of myGwork – the largest global platform for the LGBTQ business community. Please do not contact the recruiter directly. Job Title: Data Analyst (Python Pyspark) About Us “Capco, a Wipro company, is a global technology and management consulting firm. Awarded with Consultancy of the year in the British Bank Award and has been ranked Top 100 Best Companies for Women in India 2022 by Avtar & Seramount . With our presence across 32 cities a…",0,eyJhbGciOiJIUzI1NiJ9.eyJpIjoiNTgzNzEzOTg5MiIsInMiOiItdWxsRlRPNzhSR1BwUFR2ODdzQmFnIn0.SMYllFsNIVU8q_EL6Hgft3D-5FeCv-AyQgKz9hTSmxg,Senior Data Analyst,https://www.adzuna.in/land/ad/5837139892?se=-ullFTO78RGPpPTv87sBag&utm_medium=api&utm_source=7a21a92b&v=4787DEB72117F1E1AE98E353D8AD9B20E9DD6C9B,full_time,5837139892,Adzuna::API::Response::Company,Capco,Adzuna::API::Response::Location,India,['India'],Adzuna::API::Response::Category,it-jobs,IT Jobs,,,,,,2026-09-28
Adzuna::API::Response::Job,2026-09-02T16:43:29Z,"To begin with this role will be a 1 year contract. We are looking for an experienced Data Analyst Lead to drive data analysis initiatives, generate actionable insights, and support business decision-making. The ideal candidate should have strong analytical skills, experience working with large datasets, and the ability to lead a team of analysts. The role involves data modeling, reporting, dashboard development, stakeholder management, and ensuring data quality across projects. Key Responsibili…",0,eyJhbGciOiJIUzI1NiJ9.eyJpIjoiNTg2NzAzNzM3OCIsInMiOiItdWxsRlRPNzhSR1BwUFR2ODdzQmFnIn0.ChMbWHlMR5YkzHK1yoSESHWRaHljNdTqUJKKbfHjUdw,Lead Data Analyst,https://www.adzuna.in/land/ad/5867037378?se=-ullFTO78RGPpPTv87sBag&utm_medium=api&utm_source=7a21a92b&v=D38BC373E82768E501803326FB67E87EAEDD75B7,,5867037378,Adzuna::API::Response::Company,Nexus Corporation,Adzuna::API::Response::Location,India,['India'],Adzuna::API::Response::Category,it-jobs,IT Jobs,,,contract,,,2026-09-28
Adzuna::API::Response::Job,2026-09-14T01:11:06Z,"JOB DESCRIPTION - SENIOR DATA ANALYST Location: Bangalore-Hybrid Department : Analytics Team : Survey Insights and Reporting About the Company: Kamakhya Analytics is a technology-driven research and consulting organisation helping leaders, parties, and institutions decode India’s political and policy landscape. We bring together survey science, data analytics, and strategic insight to answer complex questions about public opinion, governance, and performance. From ground-level fieldwork to adva…",0,eyJhbGciOiJIUzI1NiJ9.eyJpIjoiNTg4Mjg2MTE5MCIsInMiOiItdWxsRlRPNzhSR1BwUFR2ODdzQmFnIn0.QW3YNqF0yuE-WgBLIJ2faROp-tNvJYgRx1keWDGVz4E,Senior Data Analyst,https://www.adzuna.in/land/ad/5882861190?se=-ullFTO78RGPpPTv87sBag&utm_medium=api&utm_source=7a21a92b&v=3F4E1282AEE628212FB0C68C1A0A7BC1BFA2E50F,,5882861190,Adzuna::API::Response::Company,Kamakhya Analytics Private Limited,Adzuna::API::Response::Location,"Bangalore, Karnataka","['India', 'Karnataka', 'Bangalore']",Adzuna::API::Response::Category,it-jobs,IT Jobs,,,,,,2026-09-28
Adzuna::API::Response::Job,2026-09-25T22:00:59Z,"Job Summary: We are seeking a skilled Data Analyst with expertise in Microsoft Dynamics 365, Power Platform, Dataverse, and Power BI to support enterprise reporting, analytics, and business intelligence initiatives. The ideal candidate will be responsible for gathering, analyzing, and visualizing data from Dynamics 365 and related systems to provide actionable insights that drive business decisions. The successful candidate will collaborate with business stakeholders, functional teams, and tech…",0,eyJhbGciOiJIUzI1NiJ9.eyJpIjoiNTg5ODUzMzQ0NiIsInMiOiItdWxsRlRPNzhSR1BwUFR2ODdzQmFnIn0.rGkzaOZRDlEQKbv_0UW3wCP_ryGVYZps9V_EXpBj400,Senior Data Analyst,https://www.adzuna.in/land/ad/5898533446?se=-ullFTO78RGPpPTv87sBag&utm_medium=api&utm_source=7a21a92b&v=C9529557111C1AE95E15FB737F5EBCA5DC887A24,,5898533446,Adzuna::API::Response::Company,System Soft Technologies,Adzuna::API::Response::Location,India,['India'],Adzuna::API::Response::Category,it-jobs,IT Jobs,,,,,,2026-09-28
Adzuna::API::Response::Job,2026-09-20T17:34:37Z,"Lead Data Analyst Join us at OGS We are OGS—Omnicom's Integrated Solutions Engine that brings together a global talent community and connected capabilities in data, creative, media, commerce, and technology to build adaptive, future-ready solutions. We are redefining the global capability center - not as an offshoring hub, but as a true inside edge. OGS is the place where the future is tested, built, and scaled for the world’s most ambitious agencies and clients. With over 4300 talented profess…",0,eyJhbGciOiJIUzI1NiJ9.eyJpIjoiNTg5MTY5MTg4NyIsInMiOiItdWxsRlRPNzhSR1BwUFR2ODdzQmFnIn0.QNgnNuoZubSCDjlnWri4ZQAppuCg7Ne2s_6hHsH8j60,Lead Data Analyst,https://www.adzuna.in/land/ad/5891691887?se=-ullFTO78RGPpPTv87sBag&utm_medium=api&utm_source=7a21a92b&v=7136859A7828BC65084DAC9AD5DA6C5DCD8D4EE8,,5891691887,Adzuna::API::Response::Company,Omnicom Media,Adzuna::API::Response::Location,"Bangalore, Karnataka","['India', 'Karnataka', 'Bangalore']",Adzuna::API::Response::Category,it-jobs,IT Jobs,,,,,,2026-09-28
Adzuna::API::Response::Job,2026-09-16T17:33:32Z,"Role : Data Analyst (Remote) Location : Remote (Work from Anywhere) Role Overview: We are hiring for one of our clients, seeking a Subject Matter Expert – Data & Statistical Chart Analysis (AI Benchmark) to work on a Full-Time basis. The role involves evaluating and interpreting statistical data and visual representations to assess AI performance benchmarks across diverse models and datasets. You will analyze trends, anomalies, and correlations to ensure accuracy and reliability in benchmarking…",0,eyJhbGciOiJIUzI1NiJ9.eyJzIjoiLXVsbEZUTzc4UkdQcFBUdjg3c0JhZyIsImkiOiI1ODg2MDk3ODc1In0.yVC2PDoml-P8VGnIZgipu1fU3B3j9b8AwO7IbxTT-UY,Data Analyst (Remote),https://www.adzuna.in/land/ad/5886097875?se=-ullFTO78RGPpPTv87sBag&utm_medium=api&utm_source=7a21a92b&v=5A3DE4CAF6450FB9AFFAD4071890BC9E833F5EDB,full_time,5886097875,Adzuna::API::Response::Company,Quik Hire Staffing,Adzuna::API::Response::Location,India,['India'],Adzuna::API::Response::Category,it-jobs,IT Jobs,,,,,,2026-09-28
Adzuna::API::Response::Job,2026-09-23T19:39:20Z,"Company Name- Anudip Foundation For Social Welfare Website- www.anudip.org Location- Bhopal and Bangalore Role Objective- To plan, deliver, and manage high-quality technical training programs aligned with project objectives, ensuring 100% completion of training and placement targets, maximizing student engagement and success, driving core domain placements, maintaining adherence to lesson plans, and contributing proactively to student retention, academic excellence, and continuous domain knowle…",0,eyJhbGciOiJIUzI1NiJ9.eyJpIjoiNTg5NTIzOTAwMyIsInMiOiI4Q3VSRmpPNzhSR29tT1RiY1ZGRmVnIn0.drqzWbUhn-CG_giOCJwmWmrQTyTi8kGEmZTE5bDzdEs,Data Analyst Trainer,https://www.adzuna.in/land/ad/5895239003?se=8CuRFjO78RGomOTbcVFFeg&utm_medium=api&utm_source=7a21a92b&v=E884312E26D79EE3704733C9EE81944F3AC3A214,,5895239003,Adzuna::API::Response::Company,Anudip Foundation,Adzuna::API::Response::Location,"Bhopal, Madhya Pradesh","['India', 'Madhya Pradesh', 'Bhopal']",Adzuna::API::Response::Category,it-jobs,IT Jobs,23.27495,77.41355,,,,2026-09-28
Adzuna::API::Response::Job,2026-09-05T18:32:38Z,"About Position: We are seeking a highly skilled Data Validation & Migration Analyst to support a critical wholesale banking data modernization initiative involving the migration of a large-scale data mart from Teradata (On-Premises) to Google Cloud Platform (GCP) BigQuery. The role requires deep expertise in data validation, SQL optimization, cloud migration testing, and data analytics to ensure the successful transition of business-critical data assets. Role: GCP Data Analyst Location: Hyderab…",0,eyJhbGciOiJIUzI1NiJ9.eyJzIjoiOEN1UkZqTzc4UkdvbU9UYmNWRkZlZyIsImkiOiI1ODcxOTkyOTA3In0.9e2lbXGogMdUAmoXcDnMYoYhZYP_SzpFgAKda0hM87s,GCP Data Analyst,https://www.adzuna.in/land/ad/5871992907?se=8CuRFjO78RGomOTbcVFFeg&utm_medium=api&utm_source=7a21a92b&v=4C7CEC97DF3A765158E36E9975710EA316B3228D,full_time,5871992907,Adzuna::API::Response::Company,Persistent Systems,Adzuna::API::Response::Location,"Hyderabad, Telangana","['India', 'Telangana', 'Hyderabad']",Adzuna::API::Response::Category,it-jobs,IT Jobs,17.40275,78.50806,,,,2026-09-28
Adzuna::API::Response::Job,2026-09-04T02:33:04Z,"Appnext offers end-to-end discovery solutions covering all the touchpoints users have with their devices. Thanks to Appnext’s direct partnerships with top OEM brands and carriers, user engagement is achieved from the moment they personalize their device for the first time and throughout their daily mobile journey. Appnext ‘Timeline’, a patented behavioral analytics technology, is uniquely capable of predicting the apps users are likely to need next. This innovative solution means app developers…",0,eyJhbGciOiJIUzI1NiJ9.eyJzIjoiOEN1UkZqTzc4UkdvbU9UYmNWRkZlZyIsImkiOiI1ODY5NTU4NzQ3In0.QqBHfcRzTKaAkDZwd1OslywYB5L7g9hlyNmF3GtYVmM,Senior Data Analyst,https://www.adzuna.in/land/ad/5869558747?se=8CuRFjO78RGomOTbcVFFeg&utm_medium=api&utm_source=7a21a92b&v=3352B4DFBDDA52719339EB77C5376BE508B7BBEF,,5869558747,Adzuna::API::Response::Company,Appnext,Adzuna::API::Response::Location,India,['India'],Adzuna::API::Response::Category,it-jobs,IT Jobs,,,,,,2026-09-28
Adzuna::API::Response::Job,2026-09-26T15:25:28Z,"Position Summary The Data Analysts plays a pivotal role in applying advanced analytical, statistical, and optimization techniques for decision-making across the Staples Supply Chain. This role is central to driving the next generation of supply chain analytics supporting the integration of traditional data science with emerging AI-driven automation and decision intelligence capabilities. The individual will help accelerate Staples’ evolution toward a highly intelligent, scalable, and agent-enab…",0,eyJhbGciOiJIUzI1NiJ9.eyJpIjoiNTg5OTUwOTk3NCIsInMiOiI4Q3VSRmpPNzhSR29tT1RiY1ZGRmVnIn0.YwF4HdAiIIiAIOiNGZdUQ7fL9y3GOssBZRv043TitMg,Data Analyst - SCM,https://www.adzuna.in/land/ad/5899509974?se=8CuRFjO78RGomOTbcVFFeg&utm_medium=api&utm_source=7a21a92b&v=AD2B857C5153BD3A24E38E455F54201200A26F91,,5899509974,Adzuna::API::Response::Company,Prophecy Technologies,Adzuna::API::Response::Location,"Kolkata, West Bengal","['India', 'West Bengal', 'Kolkata']",Adzuna::API::Response::Category,it-jobs,IT Jobs,22.57285,88.34373,,,,2026-09-28
Adzuna::API::Response::Job,2026-09-28T07:41:00Z,"Senior Data Analyst We are looking for a detail-oriented and analytical Operations Executive to support business operations, CRM management, MIS reporting, and process improvement initiatives. The role will work closely with leadership and cross-functional teams to ensure operational efficiency, data accuracy, and actionable business insights that drive performance and decision-making. Key Responsibilities Manage and maintain CRM systems, ensuring data accuracy, integrity, and user compliance. …",0,eyJhbGciOiJIUzI1NiJ9.eyJzIjoiOEN1UkZqTzc4UkdvbU9UYmNWRkZlZyIsImkiOiI1OTAxMTM3NjI4In0.6QOjrpO6rdYDysjmswVxUmEjp50YvnShVS6Hh8B2eE0,Senior Data Analyst,https://www.adzuna.in/land/ad/5901137628?se=8CuRFjO78RGomOTbcVFFeg&utm_medium=api&utm_source=7a21a92b&v=B6BA9A14E42D02F5BC13C510B4982B480C263E8B,,5901137628,Adzuna::API::Response::Company,The Chopras,Adzuna::API::Response::Location,"Delhi, India","['India', 'Delhi']",Adzuna::API::Response::Category,it-jobs,IT Jobs,28.62523,77.224601,,,,2026-09-28
Adzuna::API::Response::Job,2026-09-11T17:12:56Z,"KLDiscovery, a leading global provider of electronic discovery, information governance and data recovery services, is currently seeking a Hosting Data Analyst/Litigation Support Analyst. The candidate will have some experience using E-Discovery tools, and Microsoft Office, specifically Microsoft Excel. This position does not require any license or certification in order to be considered. Remote, work from home opportunity. Responsibilities: Work as part of a team, candidate will be required to …",0,eyJhbGciOiJIUzI1NiJ9.eyJzIjoiOEN1UkZqTzc4UkdvbU9UYmNWRkZlZyIsImkiOiI1ODc5NjYzMDYzIn0.TUkEP2rKaiEpHMPfGbm3TZCVFn2u0X4pagR2T0RhwjA,Litigation Data Analyst,https://www.adzuna.in/land/ad/5879663063?se=8CuRFjO78RGomOTbcVFFeg&utm_medium=api&utm_source=7a21a92b&v=C61BF83F6696EED2447235AA0E63044EFEF84CCD,,5879663063,Adzuna::API::Response::Company,KLDiscovery,Adzuna::API::Response::Location,India,['India'],Adzuna::API::Response::Category,it-jobs,IT Jobs,,,,,,2026-09-28
Adzuna::API::Response::Job,2026-09-12T01:09:17Z,"Role Overview We are looking for a Data Analyst to collect, process, and analyze data to help drive informed business decisions. The ideal candidate will have strong analytical skills, experience with data tools, and the ability to translate complex data into actionable insights Key Responsibilities: Collect, clean, and validate data from multiple sources Analyze large datasets to identify trends, patterns, and anomalies Develop dashboards, reports, and visualizations for stakeholders Write eff…",0,eyJhbGciOiJIUzI1NiJ9.eyJpIjoiNTg4MDA3MDI4MiIsInMiOiI4Q3VSRmpPNzhSR29tT1RiY1ZGRmVnIn0.t5qIVVnXA84bJnlkDqUnwYeD5yryxZRb66pRidcHFqw,Senior Data Analyst,https://www.adzuna.in/land/ad/5880070282?se=8CuRFjO78RGomOTbcVFFeg&utm_medium=api&utm_source=7a21a92b&v=E8DC8A9A73AC64C793B0F5E2C5CAFD6FA1DD09E9,,5880070282,Adzuna::API::Response::Company,Tanla Platforms Limited,Adzuna::API::Response::Location,"Hyderabad, Telangana","['India', 'Telangana', 'Hyderabad']",Adzuna::API::Response::Category,it-jobs,IT Jobs,17.40275,78.50806,,,,2026-09-28
Adzuna::API::Response::Job,2026-09-28T02:02:28Z,"Role Overview: As a Senior Data Analyst at Battery Smart, you will play a critical role in driving strategic, data backed decision-making across our rapidly scaling EV ecosystem. You will own end-to-end analytics initiatives, from data extraction and modeling to delivering actionable insights that influence business outcomes. In this role, you will work closely with Strategy, Operations, and Product teams to uncover growth opportunities, optimize network performance, and enhance driver experien…",0,eyJhbGciOiJIUzI1NiJ9.eyJpIjoiNTkwMDg3NTYzNyIsInMiOiI4Q3VSRmpPNzhSR29tT1RiY1ZGRmVnIn0.4R_bdMmid7oUyTJtHnf-QUlk3qNQ9pevL8Qm33cJZ7g,Senior Data Analyst,https://www.adzuna.in/land/ad/5900875637?se=8CuRFjO78RGomOTbcVFFeg&utm_medium=api&utm_source=7a21a92b&v=353F3DEF03021FB21A1C915B600FD62790CB309E,,5900875637,Adzuna::API::Response::Company,Battery Smart,Adzuna::API::Response::Location,India,['India'],Adzuna::API::Response::Category,it-jobs,IT Jobs,,,,,,2026-09-28
Adzuna::API::Response::Job,2026-09-13T17:18:26Z,"Role: Data Analyst (Remote) Location: Remote (Work from Anywhere) Role Overview: We are hiring for one of our clients, seeking a Business Analyst (Russian Language) to work on a full-time basis. The ideal candidate must have strong analytical and comprehension skills, with the ability to read, summarize, and break down large content into smaller logical blocks. The role involves conducting online research, validating claims, and collaborating with large language models to solve analytical puzzl…",0,eyJhbGciOiJIUzI1NiJ9.eyJpIjoiNTg4MjU5MjkyOCIsInMiOiI4Q3VSRmpPNzhSR29tT1RiY1ZGRmVnIn0.q8xzbSZeesM4_9fxDGOlbCZ26yY8d1O1V2fxQmg6i8U,Data Analyst (Remote),https://www.adzuna.in/land/ad/5882592928?se=8CuRFjO78RGomOTbcVFFeg&utm_medium=api&utm_source=7a21a92b&v=426D03DAA6A1A4A9A32863B2C570EE12F5A9B815,full_time,5882592928,Adzuna::API::Response::Company,Hire Feed,Adzuna::API::Response::Location,India,['India'],Adzuna::API::Response::Category,it-jobs,IT Jobs,,,,,,2026-09-28
Adzuna::API::Response::Job,2026-09-25T01:56:43Z,"Job Title: Sales Data Analyst Location: Bangalore (Torrey Pines) Experience: 3 Years Role Type: Contract - 7 months Max CTC: 12 LPA Company Name: VARITE India Private Limited About The Client: An American cloud-based software company headquartered in San Francisco, California. Notable provider of cloud-based customer relationship management (CRM) solutions. The company has gained prominence in the CRM space, specializing in empowering businesses with tools for sales, customer service, marketing…",0,eyJhbGciOiJIUzI1NiJ9.eyJzIjoiOEN1UkZqTzc4UkdvbU9UYmNWRkZlZyIsImkiOiI1ODk3Mjk2MDM1In0.V69eGi8tgDYeweyN8Z8b-TcuBA2NXBzn_ixTcb-hXFo,Sales Data Analyst,https://www.adzuna.in/land/ad/5897296035?se=8CuRFjO78RGomOTbcVFFeg&utm_medium=api&utm_source=7a21a92b&v=2084F01DDD8E86F88496B4BD40597D2FBD6F257E,,5897296035,Adzuna::API::Response::Company,VARITE INC,Adzuna::API::Response::Location,"Bangalore, Karnataka","['India', 'Karnataka', 'Bangalore']",Adzuna::API::Response::Category,it-jobs,IT Jobs,,,contract,,,2026-09-28
Adzuna::API::Response::Job,2026-09-18T17:30:21Z,"Job description We are seeking an experienced and results-driven Data Analysis Team Lead to join our growing analytics team. The ideal candidate will possess strong analytical capabilities, excellent leadership skills, and a passion for transforming complex data into actionable business insights. This role involves working with large-scale datasets, developing impactful dashboards and reports, collaborating with cross-functional stakeholders, and mentoring a team of analysts to support data-dri…",0,eyJhbGciOiJIUzI1NiJ9.eyJzIjoiOEN1UkZqTzc4UkdvbU9UYmNWRkZlZyIsImkiOiI1ODg5MjIwNzc4In0.ljt3y13NiPCNF_XgxgP6TOcURgnJJckeEh-_4nckjJQ,Lead Data Analyst,https://www.adzuna.in/land/ad/5889220778?se=8CuRFjO78RGomOTbcVFFeg&utm_medium=api&utm_source=7a21a92b&v=108405D200C31A72237E5B128410C32D494F6A78,,5889220778,Adzuna::API::Response::Company,Aceolution,Adzuna::API::Response::Location,"Hyderabad, Telangana","['India', 'Telangana', 'Hyderabad']",Adzuna::API::Response::Category,it-jobs,IT Jobs,17.40275,78.50806,,,,2026-09-28
Adzuna::API::Response::Job,2026-09-06T12:17:19Z,"This job is with Kyndryl, an inclusive employer and a member of myGwork – the largest global platform for the LGBTQ business community. Please do not contact the recruiter directly. Who We Are At Kyndryl, we run and reimagine the mission-critical technology systems that drive advantage for the world's leading businesses. We are at the heart of progress; with proven expertise and a continuous flow of AI-powered insight, enabling smarter decisions, faster innovation, and a lasting competitive edg…",0,eyJhbGciOiJIUzI1NiJ9.eyJzIjoiOEN1UkZqTzc4UkdvbU9UYmNWRkZlZyIsImkiOiI1ODcyODI1NzMxIn0.115C11k-h4uxMBTmbifi-6Nkrh_6p_9jPwZsDazEXYk,Data Analyst / Engineer,https://www.adzuna.in/land/ad/5872825731?se=8CuRFjO78RGomOTbcVFFeg&utm_medium=api&utm_source=7a21a92b&v=6A3630DB00B42B55FC02DEDCBB442C341FF10528,full_time,5872825731,Adzuna::API::Response::Company,Kyndryl,Adzuna::API::Response::Location,"Bangalore, Karnataka","['India', 'Karnataka', 'Bangalore']",Adzuna::API::Response::Category,accounting-finance-jobs,Accounting & Finance Jobs,12.95703,77.59837,,,,2026-09-28
Adzuna::API::Response::Job,2026-08-25T10:07:51Z,"This job is with Kyndryl, an inclusive employer and a member of myGwork – the largest global platform for the LGBTQ business community. Please do not contact the recruiter directly. Who We Are At Kyndryl, we run and reimagine the mission-critical technology systems that drive advantage for the world's leading businesses. We are at the heart of progress; with proven expertise and a continuous flow of AI-powered insight, enabling smarter decisions, faster innovation, and a lasting competitive edg…",0,eyJhbGciOiJIUzI1NiJ9.eyJpIjoiNTg1NTAwNjk4NiIsInMiOiI4Q3VSRmpPNzhSR29tT1RiY1ZGRmVnIn0.hPafcKm3gvU1Cfx85JWrmLF0HLx_LakChUchVwQ2tU0,Data Analyst / Engineer,https://www.adzuna.in/land/ad/5855006986?se=8CuRFjO78RGomOTbcVFFeg&utm_medium=api&utm_source=7a21a92b&v=50928F1DF3A77604ABD13B60B38BFF40A97E4833,full_time,5855006986,Adzuna::API::Response::Company,Kyndryl,Adzuna::API::Response::Location,"Bangalore, Karnataka","['India', 'Karnataka', 'Bangalore']",Adzuna::API::Response::Category,accounting-finance-jobs,Accounting & Finance Jobs,12.95703,77.59837,,,,2026-09-28
Adzuna::API::Response::Job,2026-09-07T00:53:19Z,"Job description About Keka: Keka is India's 1 People Operations Platform, trusted by 8,500 businesses to manage their HR, payroll, attendance, and performance processes. We are on a mission to make HR delightful and we're looking for passionate people to help us scale that mission through world-class marketing. Role & responsibilities: Data Management: Collect, organize, and maintain large datasets from multiple sources. Ensure data accuracy, completeness, and consistency. Develop and implement…",0,eyJhbGciOiJIUzI1NiJ9.eyJzIjoiOEN1UkZqTzc4UkdvbU9UYmNWRkZlZyIsImkiOiI1ODczMjc3OTAzIn0.wJ0wrnyWE2ipcdZx7eyYiFopDtfsC2znOu5oiGFHcrA,Senior Data Analyst,https://www.adzuna.in/land/ad/5873277903?se=8CuRFjO78RGomOTbcVFFeg&utm_medium=api&utm_source=7a21a92b&v=E1610AE32271CD762AB6DE707FA3FDF6F53B865E,,5873277903,Adzuna::API::Response::Company,Keka HR,Adzuna::API::Response::Location,"Hyderabad, Telangana","['India', 'Telangana', 'Hyderabad']",Adzuna::API::Response::Category,it-jobs,IT Jobs,17.40275,78.50806,,,,2026-09-28
Adzuna::API::Response::Job,2026-09-22T23:35:52Z,"Onboarding Analyst — Market Data Services Department Market Data Services — Managed Services Reports To Manager / Team Lead, Market Data Services Location Kadubeesanahalli, Bangalore Shift Timing 3:00 PM – 12:00 AM IST (cab facility door to ddor) Overall Experience 4 – 6 years Employment Type Full-Time Designation Operation Analyst Role Overview We are looking for a detail-oriented Onboarding Analyst to join our Market Data Services team. In this role, you will be responsible for onboarding cli…",0,eyJhbGciOiJIUzI1NiJ9.eyJpIjoiNTg5NDIyMzg4MyIsInMiOiI4Q3VSRmpPNzhSR29tT1RiY1ZGRmVnIn0.zh44B35R14ZOyDwHyM7ch0DyViSuVaE0ejOP22EN2nI,Market Data Analyst,https://www.adzuna.in/land/ad/5894223883?se=8CuRFjO78RGomOTbcVFFeg&utm_medium=api&utm_source=7a21a92b&v=0E17C6CEDF118415A69A3CDD67C2DF5C978B4B22,full_time,5894223883,Adzuna::API::Response::Company,Talent Corner HR Services Pvt Ltd,Adzuna::API::Response::Location,"Bangalore, Karnataka","['India', 'Karnataka', 'Bangalore']",Adzuna::API::Response::Category,it-jobs,IT Jobs,,,contract,,,2026-09-28
Adzuna::API::Response::Job,2026-09-27T18:07:23Z,"Manage and maintain Master Data across ERP systems. Create, update and validate Customer, Vendor, Material/Product Master Data . Perform data cleansing, validation and quality checks. Ensure data accuracy, completeness and compliance with defined standards. Handle master data requests, corrections and workflow approvals. Coordinate with business, procurement, finance and other teams to resolve data issues. Maintain data records and prepare MIS/reports using Excel . Follow SOPs, controls and SLA…",0,eyJhbGciOiJIUzI1NiJ9.eyJpIjoiNTkwMDYxNjM3MCIsInMiOiI4Q3VSRmpPNzhSR29tT1RiY1ZGRmVnIn0.pmqk21721DpBZlhQzGhHCqP_l-vFFuiZsD3d-fzF6uk,Master Data Analyst,https://www.adzuna.in/land/ad/5900616370?se=8CuRFjO78RGomOTbcVFFeg&utm_medium=api&utm_source=7a21a92b&v=28F115B0599CEE3B3945E1CB4533AF3E3BDC0F25,,5900616370,Adzuna::API::Response::Company,Selections HR Services Private Limited,Adzuna::API::Response::Location,India,['India'],Adzuna::API::Response::Category,it-jobs,IT Jobs,,,,,,2026-09-28
Adzuna::API::Response::Job,2026-09-27T18:06:59Z,"About FREED FREED is India's first comprehensive debt relief platform, built on the belief that financial freedom is a right, not a privilege. Since 2020, we have helped thousands of individuals take control of their financial lives, with ₹1,500 Crore in debt enrolled, 30,000 customers served, and 10,000 accounts resolved. Founded by Ritesh Srivastava and backed by leading investors, FREED is a fast-growing, purpose-driven fintech organisation on a mission that matters. About the Role Marketing…",0,eyJhbGciOiJIUzI1NiJ9.eyJpIjoiNTkwMDYxNjMwNiIsInMiOiI4Q3VSRmpPNzhSR29tT1RiY1ZGRmVnIn0.95kckyVjovYP97jwVHQPvXBXRdjv_ErBkdT3db8B5Gc,Marketing Data Analyst,https://www.adzuna.in/land/ad/5900616306?se=8CuRFjO78RGomOTbcVFFeg&utm_medium=api&utm_source=7a21a92b&v=C1664D8AEAA5C1115CBF1878D52B66ECB91C0772,,5900616306,Adzuna::API::Response::Company,FREED,Adzuna::API::Response::Location,India,['India'],Adzuna::API::Response::Category,accounting-finance-jobs,Accounting & Finance Jobs,,,,,,2026-09-28
Adzuna::API::Response::Job,2026-09-17T01:15:11Z,"About Us: Join our dynamic and innovative startup skincare brand that is committed to redefining beauty standards with clean, effective, and sustainable products. Founded by beauty influencer Diipa Büller-Khosla, the brand emphasizes authenticity, and transparency, offering vegan and cruelty-free products that cater to diverse skin types while celebrating cultural heritage. We believe in empowering our customers with science-backed skincare solutions, and we're looking for a data-driven problem…",0,eyJhbGciOiJIUzI1NiJ9.eyJzIjoiOEN1UkZqTzc4UkdvbU9UYmNWRkZlZyIsImkiOiI1ODg2NjA0MjA0In0.y8oM23UvcHvwju2_EpF9_aoW7pBGAxfJQmLsG6sZULQ,Junior Data Analyst,https://www.adzuna.in/land/ad/5886604204?se=8CuRFjO78RGomOTbcVFFeg&utm_medium=api&utm_source=7a21a92b&v=1011DC7FE92A65F6251862E9A31632D7012D9929,,5886604204,Adzuna::API::Response::Company,indē wild,Adzuna::API::Response::Location,"Mumbai, Maharashtra","['India', 'Maharashtra', 'Mumbai']",Adzuna::API::Response::Category,it-jobs,IT Jobs,19.00821,72.84415,,,,2026-09-28
Adzuna::API::Response::Job,2026-09-11T17:13:33Z,We’re looking for Data & Analytics professionals with strong hands-on experience in Microsoft Fabric. ⭐ MS FABRIC – MANDATORY  Location: Bangalore  Experience: 8–12 Years ⚡ Notice Period: Immediate Joiners Preferred Key Skills: • Microsoft Fabric ⭐ • Power BI • Qlik • Data Modelling & Analytics • Full Stack Development • Jira | GitHub | CI/CD  Interested? Share your updated CV: saraswathy.p@voltoconsulting.com Phone no- 9187225352,0,eyJhbGciOiJIUzI1NiJ9.eyJzIjoiOEN1UkZqTzc4UkdvbU9UYmNWRkZlZyIsImkiOiI1ODc5NjY0OTczIn0.dqlYTNBqjulVT_YSHWlZPBQ8Lrjdgb-G1LbmKeobzsU,Business Data Analyst,https://www.adzuna.in/land/ad/5879664973?se=8CuRFjO78RGomOTbcVFFeg&utm_medium=api&utm_source=7a21a92b&v=2C0A57227B7AEDBD978559174DBC851C0B4B7E2C,,5879664973,Adzuna::API::Response::Company,VOLTO Consulting,Adzuna::API::Response::Location,"Bangalore, Karnataka","['India', 'Karnataka', 'Bangalore']",Adzuna::API::Response::Category,it-jobs,IT Jobs,,,,,,2026-09-28
Adzuna::API::Response::Job,2026-08-27T02:10:36Z,"This job is with Capco, an inclusive employer and a member of myGwork – the largest global platform for the LGBTQ business community. Please do not contact the recruiter directly. About Us “Capco, a Wipro company, is a global technology and management consulting firm. Awarded with Consultancy of the year in the British Bank Award and has been ranked Top 100 Best Companies for Women in India 2022 by Avtar & Seramount . With our presence across 32 cities across globe, we support 100 clients acros…",0,eyJhbGciOiJIUzI1NiJ9.eyJpIjoiNTg1NzI1MTE4MSIsInMiOiI4Q3VSRmpPNzhSR29tT1RiY1ZGRmVnIn0.SutUXc_zbPRX5uM3LWIfxKY00jby_OMpxQZpTvZhYgc,Data Analyst - Data Remediation - Mumbai,https://www.adzuna.in/land/ad/5857251181?se=8CuRFjO78RGomOTbcVFFeg&utm_medium=api&utm_source=7a21a92b&v=E627D12D3B0555AB7B69176F505B871F5F83ABC5,full_time,5857251181,Adzuna::API::Response::Company,Capco,Adzuna::API::Response::Location,"Mumbai, Maharashtra","['India', 'Maharashtra', 'Mumbai']",Adzuna::API::Response::Category,it-jobs,IT Jobs,19.00821,72.84415,,,,2026-09-28
Adzuna::API::Response::Job,2026-09-16T02:30:38Z,"This job is with Capco, an inclusive employer and a member of myGwork – the largest global platform for the LGBTQ business community. Please do not contact the recruiter directly. About Us “Capco, a Wipro company, is a global technology and management consulting firm. Awarded with Consultancy of the year in the British Bank Award and has been ranked Top 100 Best Companies for Women in India 2022 by Avtar & Seramount . With our presence across 32 cities across globe, we support 100 clients acros…",0,eyJhbGciOiJIUzI1NiJ9.eyJzIjoiOEN1UkZqTzc4UkdvbU9UYmNWRkZlZyIsImkiOiI1ODg1MTQ3MjA0In0.mgEW4-AWjiPctEYzFI1ZMMzHC8IXU8ngCtCOk838naY,Data Analyst - Data Analyst L3 (5.1-7 years),https://www.adzuna.in/land/ad/5885147204?se=8CuRFjO78RGomOTbcVFFeg&utm_medium=api&utm_source=7a21a92b&v=2C0703A43BD3D92900FDF5A4B85A747596A9B5C5,full_time,5885147204,Adzuna::API::Response::Company,Capco,Adzuna::API::Response::Location,"Mumbai, Maharashtra","['India', 'Maharashtra', 'Mumbai']",Adzuna::API::Response::Category,it-jobs,IT Jobs,19.00821,72.84415,,,,2026-09-28
Adzuna::API::Response::Job,2026-09-27T18:07:00Z," Hiring: Data Analyst | Python & SQL We are looking for an experienced Data Analyst with strong hands-on expertise in Python and SQL to analyze complex datasets, generate actionable insights, and support data-driven business decisions.  Job Details Role: Data Analyst Experience: 6–10 Years Locations: Chennai / Pune / Bangalore / Hyderabad / Delhi Notice Period: Immediate Joiners to 45 Days Key Skills: Python, SQL, Data Analysis, Data Visualization  Key Responsibilities Analyze large and complex…",0,eyJhbGciOiJIUzI1NiJ9.eyJzIjoiOEN1UkZqTzc4UkdvbU9UYmNWRkZlZyIsImkiOiI1OTAwNjE2MzEzIn0.0hUXYSXYSO5rkn9KAq5cWGgCBrTMVGhQXKGy9WN9nGc,Data Analyst (Python/SQL),https://www.adzuna.in/land/ad/5900616313?se=8CuRFjO78RGomOTbcVFFeg&utm_medium=api&utm_source=7a21a92b&v=FC4EE9425734872B676962950981427745A4F612,,5900616313,Adzuna::API::Response::Company,Tata Consultancy Services,Adzuna::API::Response::Location,"Delhi, India","['India', 'Delhi']",Adzuna::API::Response::Category,it-jobs,IT Jobs,28.62523,77.224601,,,,2026-09-28
Adzuna::API::Response::Job,2026-09-26T15:25:36Z," GTM Data Analyst (2 - 3 yrs, Hyderabad, WFO, EST shift) Overview: GTM operations analyst focused on dashboards, WBR decks, deal lists, and Salesforce hygiene. Supports activation metrics, case handling, and ad‑hoc reporting. Must‑Have Skills: SQL (intermediate – run/debug queries) Dashboard maintenance (Hubble/BI tools) Salesforce reporting & troubleshooting Excel/Google Sheets (Pivot, VLOOKUP, SUMIFS) QA mindset, debugging, data validation Tools: Salesforce, Google Sheets/Excel, SQL client, H…",0,eyJhbGciOiJIUzI1NiJ9.eyJzIjoiOEN1UkZqTzc4UkdvbU9UYmNWRkZlZyIsImkiOiI1ODk5NTEwMTUyIn0.EQnJDsZXvBlK7oBgqReDCwVUmuUSk9HL5QPW99BHK2E,Lead Data Analyst- GTM,https://www.adzuna.in/land/ad/5899510152?se=8CuRFjO78RGomOTbcVFFeg&utm_medium=api&utm_source=7a21a92b&v=DC15485A1B8367634BBED904C6B5D70F2EF08492,,5899510152,Adzuna::API::Response::Company,Aptita,Adzuna::API::Response::Location,"Hyderabad, Telangana","['India', 'Telangana', 'Hyderabad']",Adzuna::API::Response::Category,it-jobs,IT Jobs,17.40275,78.50806,,,,2026-09-28
Adzuna::API::Response::Job,2026-08-27T02:10:30Z,"This job is with Capco, an inclusive employer and a member of myGwork – the largest global platform for the LGBTQ business community. Please do not contact the recruiter directly. Job title: Liquidity reporting Compliance Finance has mobilised a multi-year Integrity of Regulatory Reporting (IRR) programme to ensure that Regulatory Reporting across the Group is fit for purpose; accurate, timely and complete. The IRR programme is responsible for overseeing the design and implementation of a set o…",0,eyJhbGciOiJIUzI1NiJ9.eyJpIjoiNTg1NzI1MTE1NCIsInMiOiI4Q3VSRmpPNzhSR29tT1RiY1ZGRmVnIn0.1xbqgJTt6hTUD87_u_uaH61qu0EXB4-kfDh-Fo7KndI,Liquidity Reporting- data analyst,https://www.adzuna.in/land/ad/5857251154?se=8CuRFjO78RGomOTbcVFFeg&utm_medium=api&utm_source=7a21a92b&v=E11D60935C9511D08C74F601EB2D3CA382573ADF,full_time,5857251154,Adzuna::API::Response::Company,Capco,Adzuna::API::Response::Location,India,['India'],Adzuna::API::Response::Category,accounting-finance-jobs,Accounting & Finance Jobs,,,,,,2026-09-28
Adzuna::API::Response::Job,2026-09-01T16:22:25Z,"Senior Researcher and Data Analyst Location: Both Barasat and Salt-Lake campus (as per University's requirement) Can you read data, find patterns and drive better decisions? Brainware University is hiring Senior Researcher and Data Analyst. Brainware University is expanding it s AI Research & Development Cell and is looking for talented individuals who can analyze data deeply, identify meaningful patterns, generate actionable insights and support better Institutional decisions . This is not a r…",0,eyJhbGciOiJIUzI1NiJ9.eyJpIjoiNTg2NDQzNTg2NCIsInMiOiI4Q3VSRmpPNzhSR29tT1RiY1ZGRmVnIn0.Y8NZxHJ2pWpvjbyPFAQZRFm75MkxnJcY4Wovxd0SUEk,Senior Researcher & Data Analyst,https://www.adzuna.in/land/ad/5864435864?se=8CuRFjO78RGomOTbcVFFeg&utm_medium=api&utm_source=7a21a92b&v=9F3F83C894062448AD53F3788D25942CC2977723,full_time,5864435864,Adzuna::API::Response::Company,Brainware University,Adzuna::API::Response::Location,"Barasat, North 24 Parganas","['India', 'West Bengal', 'North 24 Parganas', 'Barasat']",Adzuna::API::Response::Category,it-jobs,IT Jobs,22.5748,88.39825,,,,2026-09-28
Adzuna::API::Response::Job,2026-09-11T17:11:16Z,"We are seeking a highly skilled and experienced Sr. Data Analyst – SDM to join our growing team. The ideal candidate will be a data-driven problem solver with strong expertise in data analytics, SQL, reporting, visualization, and stakeholder management. The role will involve working with large and complex datasets, developing meaningful dashboards and reports, translating data into actionable business insights, and effectively communicating findings to both technical and non-technical audiences…",0,eyJhbGciOiJIUzI1NiJ9.eyJpIjoiNTg3OTY1NzM4NCIsInMiOiI4Q3VSRmpPNzhSR29tT1RiY1ZGRmVnIn0.9JXdUZPe3X-D7Fzg7UGxrJrmXHwrl0al8DBOLBHoVK4,Sr. Data Analyst – SDM,https://www.adzuna.in/land/ad/5879657384?se=8CuRFjO78RGomOTbcVFFeg&utm_medium=api&utm_source=7a21a92b&v=B6252D7AB29A2E2D48796345BBF8D886FE2D7780,,5879657384,Adzuna::API::Response::Company,Aceolution,Adzuna::API::Response::Location,"Hyderabad, Telangana","['India', 'Telangana', 'Hyderabad']",Adzuna::API::Response::Category,it-jobs,IT Jobs,17.40275,78.50806,,,,2026-09-28
Adzuna::API::Response::Job,2026-09-13T17:19:13Z,"Role: Turkish Data Analyst (Remote) Location : Remote (Work from Anywhere) Role Overview: We are hiring for one of our clients, seeking a Business Analyst (Turkish Language) to work on a full-time basis. The role requires strong analytical and English comprehension skills, with the ability to read, summarize, and break down large content into smaller logical blocks. Candidates will conduct online research, validate claims made in the content, and work with large language models (LLMs) to solve …",0,eyJhbGciOiJIUzI1NiJ9.eyJzIjoiOEN1UkZqTzc4UkdvbU9UYmNWRkZlZyIsImkiOiI1ODgyNTkzNDE3In0.WOX-PszJaIQoU0i3SVByzS4zgZRk7BP4DbrSDL0QIow,Turkish Data Analyst (Remote),https://www.adzuna.in/land/ad/5882593417?se=8CuRFjO78RGomOTbcVFFeg&utm_medium=api&utm_source=7a21a92b&v=49E4CE67691C832C9BDC4E38EDE69F526F0F3D01,full_time,5882593417,Adzuna::API::Response::Company,Hire Feed,Adzuna::API::Response::Location,India,['India'],Adzuna::API::Response::Category,consultancy-jobs,Consultancy Jobs,,,,,,2026-09-28
Adzuna::API::Response::Job,2026-09-20T23:26:58Z,"Are you a detail-oriented individual with a passion for research and a good understanding of national and local geography? This freelance opportunity allows you to work at your own pace and from the comfort of your own home. A Day in the Life of an Online Data Analyst: In this role, you will be working on a project aimed at enhancing the content and quality of digital maps that are used by millions of people worldwide Completing research and evaluation tasks in a web-based environment such as v…",0,eyJhbGciOiJIUzI1NiJ9.eyJpIjoiNTg5MTk3NzEyMiIsInMiOiI4Q3VSRmpPNzhSR29tT1RiY1ZGRmVnIn0.T3oxiG0VjKl40l6JBdCOMFUtb4FhrfX0_HbqvzccJ0c,Online Data Analyst - Kannada (IN),https://www.adzuna.in/land/ad/5891977122?se=8CuRFjO78RGomOTbcVFFeg&utm_medium=api&utm_source=7a21a92b&v=CDF61008CE1CF5802D7983BEB4D981E43FBB8704,part_time,5891977122,Adzuna::API::Response::Company,TELUS Digital Philippines,Adzuna::API::Response::Location,India,['India'],Adzuna::API::Response::Category,scientific-qa-jobs,Scientific & QA Jobs,,,contract,,,2026-09-28
Adzuna::API::Response::Job,2026-09-18T17:30:31Z,"About INDOFAST: INDOFAST is a 50:50 joint venture between IOCL and SUN Mobility. This joint venture will oversee network deployment, operations and business development. At INDOFAST, we aim to make electric vehicles affordable and accessible to all. We believe electric vehicles are the future of mobility, and we strive to accelerate their adoption with our innovative battery swapping solutions. These solutions are interoperable across various vehicle platforms and form factors, making them futu…",0,eyJhbGciOiJIUzI1NiJ9.eyJpIjoiNTg4OTIyMTAzNCIsInMiOiI4Q3VSRmpPNzhSR29tT1RiY1ZGRmVnIn0.Z2AC0oEY_JpjkddAMfQMe2VixsWblloI4X24ab6BNas,Data Analyst - Customer Experience,https://www.adzuna.in/land/ad/5889221034?se=8CuRFjO78RGomOTbcVFFeg&utm_medium=api&utm_source=7a21a92b&v=F5AA87C4009C092158A686D26CF4CEFF32B04C30,,5889221034,Adzuna::API::Response::Company,Indofast Energy,Adzuna::API::Response::Location,"Bangalore, Karnataka","['India', 'Karnataka', 'Bangalore']",Adzuna::API::Response::Category,it-jobs,IT Jobs,,,,,,2026-09-28
Adzuna::API::Response::Job,2026-09-04T02:34:28Z,"We are seeking an experienced and results-driven Data Analysis Team Lead to join our growing analytics team. The ideal candidate will possess strong analytical capabilities, excellent leadership skills, and a passion for transforming complex data into actionable business insights. This role involves working with large-scale datasets, developing impactful dashboards and reports, collaborating with cross-functional stakeholders, and mentoring a team of analysts to support data-driven decision-mak…",0,eyJhbGciOiJIUzI1NiJ9.eyJpIjoiNTg2OTU1OTE0MCIsInMiOiI4Q3VSRmpPNzhSR29tT1RiY1ZGRmVnIn0.FvFKMa2_v7r2D3wq9Eo97WZcAqNdckQMR6wk4peHHPE,Data Analyst - Team Lead,https://www.adzuna.in/land/ad/5869559140?se=8CuRFjO78RGomOTbcVFFeg&utm_medium=api&utm_source=7a21a92b&v=54E35D55857D4386D453BC5608143BA8F1420DF3,,5869559140,Adzuna::API::Response::Company,Aceolution,Adzuna::API::Response::Location,"Hyderabad, Telangana","['India', 'Telangana', 'Hyderabad']",Adzuna::API::Response::Category,it-jobs,IT Jobs,17.40275,78.50806,,,,2026-09-28
Adzuna::API::Response::Job,2026-09-05T18:30:29Z,"About Us: Innover is an award-winning AI-first engineering firm, transforming businesses through Experience Engineering, Digital Engineering, and Process Engineering. Our interconnected competencies seamlessly deliver comprehensive industry solutions—Experience Engineering shapes visionary strategies, Digital Engineering brings them to life, and Process Engineering ensures flawless execution. With deep technical expertise and business acumen, we’ve empowered over 65 Fortune 1000 companies to ac…",0,eyJhbGciOiJIUzI1NiJ9.eyJzIjoiOEN1UkZqTzc4UkdvbU9UYmNWRkZlZyIsImkiOiI1ODcxOTkxOTg2In0.xUuuVbIz0HUBOwNz1YH3JPqftAmq55tE_2gMlhld33A,Data Analyst – Power Platform,https://www.adzuna.in/land/ad/5871991986?se=8CuRFjO78RGomOTbcVFFeg&utm_medium=api&utm_source=7a21a92b&v=764AE7882F74129A8788815811ED825375A137DD,,5871991986,Adzuna::API::Response::Company,Innover Digital,Adzuna::API::Response::Location,"Bangalore, Karnataka","['India', 'Karnataka', 'Bangalore']",Adzuna::API::Response::Category,engineering-jobs,Engineering Jobs,,,,,,2026-09-28
Adzuna::API::Response::Job,2026-09-04T20:32:50Z,"This job is with Moody's, an inclusive employer and a member of myGwork – the largest global platform for the LGBTQ business community. Please do not contact the recruiter directly. At Moody's, we unite the brightest minds to turn today’s risks into tomorrow’s opportunities. We do this by striving to create an inclusive environment where everyone feels welcome to be who they are—with the freedom to exchange ideas, think innovatively, and listen to each other and customers in meaningful ways. Mo…",0,eyJhbGciOiJIUzI1NiJ9.eyJzIjoiOEN1UkZqTzc4UkdvbU9UYmNWRkZlZyIsImkiOiI1ODcwNjkzNDM3In0.34LfKF9DPZZLw5wX5XPKjfJ1NeDyn78uCKpbBfese2Q,Senior Financial Data Analyst,https://www.adzuna.in/land/ad/5870693437?se=8CuRFjO78RGomOTbcVFFeg&utm_medium=api&utm_source=7a21a92b&v=DDF25B52AF6637983AB47D483B5236672E73A39D,full_time,5870693437,Adzuna::API::Response::Company,Moody's,Adzuna::API::Response::Location,"Bangalore, Karnataka","['India', 'Karnataka', 'Bangalore']",Adzuna::API::Response::Category,accounting-finance-jobs,Accounting & Finance Jobs,,,,,,2026-09-28
Adzuna::API::Response::Job,2026-09-20T23:28:19Z,"ଆପଣ କଣ ଗବେଷଣା ପ୍ରତି ଆଗ୍ରହୀ ଏବଂ ଜାତୀୟ ଓ ସ୍ଥାନୀୟ ଭୂଗୋଳ ବିଷୟରେ ଭଲ ଧାରଣା ରଖୁଥିବା ଜଣେ ସୂକ୍ଷ୍ମଦର୍ଶୀ ବ୍ୟକ୍ତି? ଏହି ଫ୍ରିଲାନ୍ସ ଅବସର ଆପଣଙ୍କୁ ନିଜ ଗତିରେ ଏବଂ ଘରରୁ କାମ କରିବା ସୁଯୋଗ ଦେଉଛି। ଏକ ଅନଲାଇନ୍ ଡାଟା ବିଶ୍ଳେଷକଙ୍କର ଜୀବନରେ ଏକ ଦିନ: · ଏହି ଭୂମିକାରେ ଆପଣ ଏକ ପ୍ରକଳ୍ପ ଉପରେ କାମ କରିବେ ଯାହା ବିଶ୍ୱବ୍ୟାପୀ ଲୋକମାନେ ବ୍ୟବହାର କରୁଥିବା ଡିଜିଟାଲ୍ ମାନଚିତ୍ରଗୁଡ଼ିକର ବିଷୟବସ୍ତୁ ଓ ଗୁଣଉନ୍ନତି ବୃଦ୍ଧି କରିବା ଉଦ୍ଦେଶ୍ୟରେ ଥିବ। · ୱେବ୍ ଆଧାରିତ ପରିବେଶରେ ଗବେଷଣା ଓ ମୂଲ୍ୟାୟନ କରିବା, ଯଥା ତଥ୍ୟ ସତ୍ୟାପନ, ତୁଳନା, ଏବଂ ତଥ୍ୟର ସଠିକତା ଓ ସମ୍ପ୍ରସଙ୍ଗିକତା ନିର୍ଣ୍ଣୟ କରିବା…",0,eyJhbGciOiJIUzI1NiJ9.eyJpIjoiNTg5MTk4MDQ5OSIsInMiOiI4Q3VSRmpPNzhSR29tT1RiY1ZGRmVnIn0.LZ49A-uF6YONsQBsDCCrMnWzTeKqm7n-vji8_3uIf3E,Online Data Analyst - Odia (IN),https://www.adzuna.in/land/ad/5891980499?se=8CuRFjO78RGomOTbcVFFeg&utm_medium=api&utm_source=7a21a92b&v=17E6F5C132A85B225165A127BC9B96A3C4610506,,5891980499,Adzuna::API::Response::Company,TELUS Digital Philippines,Adzuna::API::Response::Location,"Orissa, India","['India', 'Orissa']",Adzuna::API::Response::Category,it-jobs,IT Jobs,,,contract,,,2026-09-28
Adzuna::API::Response::Job,2026-09-26T15:26:11Z,"Looking for someone who can support with data research, database preparation, outreach coordination, follow-ups, and basic analysis for an upcoming initiative. This will be a part-time or project-based role for the next 2 to 3 months. Responsibilities: Research and prepare structured databases Collect and organize relevant information from different sources Maintain clean trackers in Excel or Google Sheets Identify the right people or organizations to connect with Send professional messages and…",0,eyJhbGciOiJIUzI1NiJ9.eyJzIjoiOEN1UkZqTzc4UkdvbU9UYmNWRkZlZyIsImkiOiI1ODk5NTEwODkxIn0.h_4nPSXHMGSboUbD211PNgGkH4DtzkjbnPeNGkDUNCg,Data Analyst and Coordination Executive,https://www.adzuna.in/land/ad/5899510891?se=8CuRFjO78RGomOTbcVFFeg&utm_medium=api&utm_source=7a21a92b&v=8AA47AEEA495680E3708B90B2BC8FEFBEE6062F2,part_time,5899510891,Adzuna::API::Response::Company,The MEP Club,Adzuna::API::Response::Location,India,['India'],Adzuna::API::Response::Category,admin-jobs,Admin Jobs,,,,,,2026-09-28
Adzuna::API::Response::Job,2026-09-20T23:28:51Z,کیا آپ تحقیق کے شوقین اور باریک بینی سے کام لینے والے فرد ہیں؟ کیا آپ کو قومی اور مقامی جغرافیہ کی اچھی سمجھ ہے؟ یہ فری لانس موقع آپ کو اپنی رفتار سے کام کرنے اور اپنے گھر کے آرام دہ ماحول سے کام کرنے کی سہولت فراہم کرتا ہے. ایک آن لائن ڈیٹا اینالسٹ کی روزمرہ زندگی · اس کردار میں، آپ ایک ایسے پراجیکٹ پر کام کریں گے جس کا مقصد دنیا بھر میں لاکھوں افراد کے استعمال کردہ ڈیجیٹل نقشوں کے مواد اور معیار کو بہتر بنانا ہے۔ · ویب بیسڈ ماحول میں تحقیق اور جائزے کے کام انجام دینا، جیسے کہ ڈیٹا کی تصدیق، م…,0,eyJhbGciOiJIUzI1NiJ9.eyJzIjoiOEN1UkZqTzc4UkdvbU9UYmNWRkZlZyIsImkiOiI1ODkxOTgxNDc4In0.JoTjGKgTN6t7aGK0hBG_1I1EKioufJ31j3sEt17axnM,Online Data Analyst - Urdu (IN),https://www.adzuna.in/land/ad/5891981478?se=8CuRFjO78RGomOTbcVFFeg&utm_medium=api&utm_source=7a21a92b&v=591290CDC2E09A7A9E874437BE5E83466DE610BF,,5891981478,Adzuna::API::Response::Company,TELUS Digital AI Data Solutions,Adzuna::API::Response::Location,India,['India'],Adzuna::API::Response::Category,it-jobs,IT Jobs,,,contract,,,2026-09-28
Adzuna::API::Response::Job,2026-09-20T23:28:57Z,"ਕੰਮ ਦਾ ਵੇਰਵਾ: ਕੀ ਤੁਸੀਂ ਇੱਕ ਵੇਰਵੇ-ਅਧਾਰਿਤ ਵਿਅਕਤੀ ਹੋ, ਜਿਸਨੂੰ ਖੋਜ ਲਈ ਜਨੂੰਨ ਅਤੇ ਰਾਸ਼ਟਰੀ ਅਤੇ ਸਥਾਨਕ ਭੂਗੋਲ ਦੀ ਚੰਗੀ ਸਮਝ ਹੈ? ਇਹ ਫ੍ਰੀਲਾਂਸ ਮੌਕਾ ਤੁਹਾਨੂੰ ਆਪਣੇ ਰੁਝੇਵਿਆਂ ਅਤੇ ਤੁਹਾਨੂੰ ਤੁਹਾਡੇ ਘਰ ਤੋਂ ਆਰਾਮ ਨਾਲ ਕੰਮ ਕਰਨ ਦੀ ਆਗਿਆ ਦਿੰਦਾ ਹੈ। ਆਨਲਾਈਨ ਡੇਟਾ ਐਨਾਲਿਸਟ ਦੇ ਜੀਵਨ ਦਾ ਇੱਕ ਦਿਨ: ● ਇਸ ਭੂਮਿਕਾ ਵਿੱਚ, ਤੁਸੀਂ ਇੱਕ ਪ੍ਰੋਜੈਕਟ ਤੇ ਕੰਮ ਕਰੋਗੇ ਜਿਸਦਾ ਉਦੇਸ਼ ਡਿਜੀਟਲ ਨਕਸ਼ਿਆਂ ਦੀ ਸਮੱਗਰੀ ਅਤੇ ਗੁਣਵੱਤਾ ਨੂੰ ਬਿਹਤਰ ਬਣਾਉਣਾ ਹੈ, ਜਿਨਾਂ ਨੂੰ ਦੁਨੀਆ ਭਰ ਵਿੱਚ ਲੱਖਾਂ ਲੋਕ ਉਪਯੋਗ ਕਰਦੇ ਹਨ। ● ਇੱਕ ਵੈੱਬ-ਅਧਾਰਤ ਵਾਤਾਵਰਣ ਵਿੱਚ ਖੋਜ ਅਤੇ ਮੁਲਾਂਕਣ ਕਾਰਜਾਂ ਨੂੰ ਪੂਰਾ ਕਰਨਾ ਜਿਵੇਂ ਕਿ…",0,eyJhbGciOiJIUzI1NiJ9.eyJzIjoiOEN1UkZqTzc4UkdvbU9UYmNWRkZlZyIsImkiOiI1ODkxOTgxNTE0In0.jDx0Uw_9JKcdvecis50KdTNUXc0fu1lKzY4N193Dwko,Online Data Analyst - Punjabi (IN),https://www.adzuna.in/land/ad/5891981514?se=8CuRFjO78RGomOTbcVFFeg&utm_medium=api&utm_source=7a21a92b&v=E0533E81B0087CB5F9730D04147CA15A80754E62,,5891981514,Adzuna::API::Response::Company,TELUS Digital Philippines,Adzuna::API::Response::Location,"Punjab, India","['India', 'Punjab']",Adzuna::API::Response::Category,it-jobs,IT Jobs,30.891885,75.541377,contract,,,2026-09-28
Adzuna::API::Response::Job,2026-09-11T17:16:03Z,"What You Bring Bachelor's degree in computer science, Engineering, Data Science, or (master's degree ). . Strong analytical and problem-solving skills with keen attention to detail. Proficiency in data analysis tools and languages (e.g., SQL, Presto, Hive, Python, R, etc.). Solid understanding of data structures and adept query construction skills. Strong SQL , Presto, Hive experience. Deep understanding of a range of customer data sources. Excellent communication and collaboration skills. Abil…",0,eyJhbGciOiJIUzI1NiJ9.eyJzIjoiOEN1UkZqTzc4UkdvbU9UYmNWRkZlZyIsImkiOiI1ODc5NjY3OTYxIn0.ln4VeOhTItLRfau4Rv3olxD-9IdPW15skyy7KGdhjm4,CDP-Tech Data Analyst,https://www.adzuna.in/land/ad/5879667961?se=8CuRFjO78RGomOTbcVFFeg&utm_medium=api&utm_source=7a21a92b&v=7F7E3F80F5B4C45D17D9C96C321C24C037A9F1FE,,5879667961,Adzuna::API::Response::Company,Americana Restaurants,Adzuna::API::Response::Location,India,['India'],Adzuna::API::Response::Category,it-jobs,IT Jobs,,,,,,2026-09-28
Adzuna::API::Response::Job,2026-09-25T01:56:51Z,Zettamine is Hiring ETL Data Analyst/Tester for one of the MNC Experience - 4 Years Location - Bangalore Notice - Immediate,0,eyJhbGciOiJIUzI1NiJ9.eyJzIjoiOEN1UkZqTzc4UkdvbU9UYmNWRkZlZyIsImkiOiI1ODk3Mjk2MDczIn0.3mtbLBwwVwQiLyifh_4flhzPTsuNOAm1A_3tou0Xt0E,[GOGFZ0QV] ETL Data Analyst/Tester,https://www.adzuna.in/land/ad/5897296073?se=8CuRFjO78RGomOTbcVFFeg&utm_medium=api&utm_source=7a21a92b&v=30C52EC9149833737D1042E7CF8A65A837B7AC36,,5897296073,Adzuna::API::Response::Company,ZettaMine Labs Pvt. Ltd.,Adzuna::API::Response::Location,"Bangalore, Karnataka","['India', 'Karnataka', 'Bangalore']",Adzuna::API::Response::Category,it-jobs,IT Jobs,,,,,,2026-09-28
Adzuna::API::Response::Job,2026-09-23T19:40:17Z,"About SCG in India SCG, Southeast Asia’s leading industrial conglomerate, is expanding in India with a focus on sustainable building materials, modern construction solutions, and digital transformation . Beyond advanced products, SCG is building capabilities in data-driven operations and analytics , leveraging India’s talent base to strengthen decision-making and performance. About the Role As a Data Analyst/Engineer, you will transform raw data into insights that support business growth, opera…",0,eyJhbGciOiJIUzI1NiJ9.eyJpIjoiNTg5NTIzOTI1OSIsInMiOiI4Q3VSRmpPNzhSR29tT1RiY1ZGRmVnIn0.ax867UDBZFgzWiHC5nh5kgPa8ARNPD_3xBPw64DmZYQ,Data Analyst/Engineer – SCG India,https://www.adzuna.in/land/ad/5895239259?se=8CuRFjO78RGomOTbcVFFeg&utm_medium=api&utm_source=7a21a92b&v=4FCCAF26D8E5385244E97BD54062EC388012AFE8,,5895239259,Adzuna::API::Response::Company,SCG,Adzuna::API::Response::Location,"New Delhi, Delhi","['India', 'Delhi', 'New Delhi']",Adzuna::API::Response::Category,it-jobs,IT Jobs,28.62623,77.21808,,,,2026-09-28
Adzuna::API::Response::Job,2026-09-05T18:30:45Z,"About Us: Innover is an award-winning AI-first engineering firm, transforming businesses through Experience Engineering, Digital Engineering, and Process Engineering. Our interconnected competencies seamlessly deliver comprehensive industry solutions—Experience Engineering shapes visionary strategies, Digital Engineering brings them to life, and Process Engineering ensures flawless execution. With deep technical expertise and business acumen, we’ve empowered over 65 Fortune 1000 companies to ac…",0,eyJhbGciOiJIUzI1NiJ9.eyJpIjoiNTg3MTk5MjE1MyIsInMiOiI4Q3VSRmpPNzhSR29tT1RiY1ZGRmVnIn0.atWvcQCBPN5e2Y5vBvv8QXJGjTki9LB6he3NIKTSclM,Data Analyst – SQL/Power BI,https://www.adzuna.in/land/ad/5871992153?se=8CuRFjO78RGomOTbcVFFeg&utm_medium=api&utm_source=7a21a92b&v=D38EAB36DFA504A32C6A87E5B6D3513730E8F55D,,5871992153,Adzuna::API::Response::Company,Innover Digital,Adzuna::API::Response::Location,"Bangalore, Karnataka","['India', 'Karnataka', 'Bangalore']",Adzuna::API::Response::Category,it-jobs,IT Jobs,,,,,,2026-09-28
Adzuna::API::Response::Job,2026-09-22T23:36:35Z,"About Position: We are seeking an experienced Senior Data Analyst with strong expertise in SQL, Azure, and Data Analytics to support enterprise data initiatives and drive data-driven decision-making. The ideal candidate will be responsible for analyzing complex datasets, identifying business insights, optimizing analytical models, and supporting strategic transformation programs within Banking and Financial Services environments. The role requires strong experience in Data Warehousing, Data Lak…",0,eyJhbGciOiJIUzI1NiJ9.eyJpIjoiNTg5NDIyNTI1MiIsInMiOiI4Q3VSRmpPNzhSR29tT1RiY1ZGRmVnIn0.n6RI4lf_1--MVZQ5FedUcvmJ6v7fL2BQgAXk9k14BL8,Senior Data Analyst - SQL & Azure,https://www.adzuna.in/land/ad/5894225252?se=8CuRFjO78RGomOTbcVFFeg&utm_medium=api&utm_source=7a21a92b&v=9C870C24086E0F006C945638EECF52CE8F1A65CB,full_time,5894225252,Adzuna::API::Response::Company,Persistent Systems,Adzuna::API::Response::Location,"Mumbai, Maharashtra","['India', 'Maharashtra', 'Mumbai']",Adzuna::API::Response::Category,it-jobs,IT Jobs,19.00821,72.84415,,,,2026-09-28
Adzuna::API::Response::Job,2026-09-04T22:29:31Z,"Job description Are you a research-minded individual with a keen eye for detail and a good understanding of national and local geography? This freelance opportunity allows you to work at your own pace and from home. A day in the life of an online data analyst: In this role, you will work on a project that aims to improve the content and quality of digital maps used by people around the world. Conduct research and evaluation in a web-based environment, including data verification, comparison, an…",0,eyJhbGciOiJIUzI1NiJ9.eyJzIjoiOEN1UkZqTzc4UkdvbU9UYmNWRkZlZyIsImkiOiI1ODcwODU5NTg4In0.Xawxqm8TXIICnPcaInG9Y5Glxp-GqfSymPN4vKxjSVQ,Online Data Analyst - Odia Language,https://www.adzuna.in/land/ad/5870859588?se=8CuRFjO78RGomOTbcVFFeg&utm_medium=api&utm_source=7a21a92b&v=8E5D18FF773E5F931BDD328114DF8591FC5DA638,part_time,5870859588,Adzuna::API::Response::Company,TELUS Digital AI Data Solutions,Adzuna::API::Response::Location,India,['India'],Adzuna::API::Response::Category,it-jobs,IT Jobs,,,contract,,,2026-09-28
Adzuna::API::Response::Job,2026-09-04T22:29:34Z,"Job description Are you a research-minded individual with a keen eye for detail and a good understanding of national and local geography? This freelance opportunity allows you to work at your own pace and from home. A day in the life of an online data analyst: In this role, you will work on a project that aims to improve the content and quality of digital maps used by people around the world. Conduct research and evaluation in a web-based environment, including data verification, comparison, an…",0,eyJhbGciOiJIUzI1NiJ9.eyJpIjoiNTg3MDg1OTgxMSIsInMiOiI4Q3VSRmpPNzhSR29tT1RiY1ZGRmVnIn0.nbJs1Yh5Sm-Ozubfx77dNpY20J7qhql_m9wD11D3xf4,Online Data Analyst - Odia Language,https://www.adzuna.in/land/ad/5870859811?se=8CuRFjO78RGomOTbcVFFeg&utm_medium=api&utm_source=7a21a92b&v=0B45736308EC1A5006215F33B69C9727E7076D70,part_time,5870859811,Adzuna::API::Response::Company,TELUS Digital AI Data Solutions,Adzuna::API::Response::Location,"Bangalore, Karnataka","['India', 'Karnataka', 'Bangalore']",Adzuna::API::Response::Category,it-jobs,IT Jobs,,,contract,,,2026-09-28
Adzuna::API::Response::Job,2026-09-28T07:35:34Z,"Are you passionate about transforming data into meaningful business solutions? Do you enjoy collaborating with technical and non-technical stakeholders to solve complex challenges? If so, we have an opportunity for you! The Gateway team is looking for a Data Analyst to help build and evolve the data ecosystem supporting InnovMetric's Digital Thread strategy. In this role, you will create data solutions, dashboards, integrations, and API-driven tools that make key data accessible to internal tea…",0,eyJhbGciOiJIUzI1NiJ9.eyJpIjoiNTkwMTEzMzkzMiIsInMiOiI4Q3VSRmpPNzhSR29tT1RiY1ZGRmVnIn0.FYJa2lAx2Dnqi9C6amZ3bKaZCSCHCjW6h5QZjKByVWU,"Data Analyst, Digital Thread - India",https://www.adzuna.in/land/ad/5901133932?se=8CuRFjO78RGomOTbcVFFeg&utm_medium=api&utm_source=7a21a92b&v=19AA05E2D6D1DA41023DD1610421F40E1DB9D5DB,,5901133932,Adzuna::API::Response::Company,PolyWorks India,Adzuna::API::Response::Location,India,['India'],Adzuna::API::Response::Category,it-jobs,IT Jobs,,,,,,2026-09-28
Adzuna::API::Response::Job,2026-09-09T14:45:29Z,"Experience: Minimum 8 years of overall experience. Relevant Analytics Experience: Minimum 6 years of relevant experience in Analytics. Team Handling: Minimum 2 years of experience managing a team, ideally handling 5–8 members . Stakeholder Management: Strong stakeholder management is the key requirement, as the role is 70–80% stakeholder management and team handling . Technical Skills: Around 20% of the role involves SQL/Python coding . Strong hands-on expertise is preferred. ML is good to have…",0,eyJhbGciOiJIUzI1NiJ9.eyJpIjoiNTg3Njg3MTc3NCIsInMiOiI4Q3VSRmpPNzhSR29tT1RiY1ZGRmVnIn0.KOC_7n27PgQCM5MFp6niHvka3E8FA3PI_iXYtTMqnL4,Sr Lead Data Analyst- APP,https://www.adzuna.in/land/ad/5876871774?se=8CuRFjO78RGomOTbcVFFeg&utm_medium=api&utm_source=7a21a92b&v=155F4778728BE65B01873D4A0194A8ED18B60B46,,5876871774,Adzuna::API::Response::Company,Airtel Digital,Adzuna::API::Response::Location,India,['India'],Adzuna::API::Response::Category,it-jobs,IT Jobs,,,,,,2026-09-28
Adzuna::API::Response::Job,2026-09-13T01:08:05Z,"Company Description Vamstar equips leading global MedTech, Pharma, and Biotech organizations with agentic AI solutions designed to drive commercial performance, from tendering and pricing to market access and contracts. Existing Clients: Top 100 Lifesciences, MedTech and Pharma companies Job Requirements Gather client business requirements to build and maintain end-to-end data reporting pipelines and visual dashboards Maintaining and improving our existing tools and processes with statistical m…",0,eyJhbGciOiJIUzI1NiJ9.eyJpIjoiNTg4MTc2MzIxNyIsInMiOiI4Q3VSRmpPNzhSR29tT1RiY1ZGRmVnIn0.cyR-Tw428eUZKYkE6rAHwVvUkNWKRzQwVOTzN8Br0bY,Senior Data Analyst – Remote India,https://www.adzuna.in/land/ad/5881763217?se=8CuRFjO78RGomOTbcVFFeg&utm_medium=api&utm_source=7a21a92b&v=1A7C4A24D22488FFC37E6BD934AA9F38E4F5E656,,5881763217,Adzuna::API::Response::Company,Vamstar,Adzuna::API::Response::Location,India,['India'],Adzuna::API::Response::Category,it-jobs,IT Jobs,,,,,,2026-09-28
Adzuna::API::Response::Job,2026-09-23T15:39:45Z,"Data Analyst - Autonomous Vehicle (AV) Operations & Infrastructure Role: Data Analyst – AV Support Data Infrastructure & Analytics Experience: 4–6 Years Location: Remote / Flexible Industry: Global Tech & Mobility Leader About the Team & Opportunity Our team owns the end-to-end data foundation driving autonomous vehicle (AV) support operations for one of the world's leading mobility platforms. Every operational metric, real-time rider contact, automated data-quality check, and pre-launch featur…",0,eyJhbGciOiJIUzI1NiJ9.eyJpIjoiNTg5NTAzMTQ1OCIsInMiOiI4Q3VSRmpPNzhSR29tT1RiY1ZGRmVnIn0.ZYqE0DqyYMFGiLILf78RuC4n50Y-2-YcFPny0_pDAJ8,Data Analyst – AV Support Data Infrastructure & Analytics,https://www.adzuna.in/land/ad/5895031458?se=8CuRFjO78RGomOTbcVFFeg&utm_medium=api&utm_source=7a21a92b&v=854DEEB9D5C6AEB7FB89D9AAA335BFE1258B29E2,,5895031458,Adzuna::API::Response::Company,"Pegasus Knowledge Solutions, Inc.",Adzuna::API::Response::Location,India,['India'],Adzuna::API::Response::Category,engineering-jobs,Engineering Jobs,,,,,,2026-09-28
Adzuna::API::Response::Job,2026-09-25T15:24:39Z,"Job Title: Business Analyst / Data Analyst / Marketing Analyst Job Type: Full-time Job Summary We are looking for a skilled and motivated Data Analyst with expertise in SAS, Python, SQL, and Tableau to support data-driven marketing analytics and strategy initiatives in the BFSI (Banking, Financial Services, and Insurance) domain. The ideal candidate will collaborate closely with cross-functional teams to develop insightful dashboards and scalable SAS processes for multiple clients. Key Responsi…",0,eyJhbGciOiJIUzI1NiJ9.eyJpIjoiNTg5ODEzMTMwNyIsInMiOiI4Q3VSRmpPNzhSR29tT1RiY1ZGRmVnIn0.IQY1-6mHgUjgWUKzQDDswt_d29tPIQXaiO9UCPGRpUU,Data Analyst - Banking -SAS/Python/SQL,https://www.adzuna.in/land/ad/5898131307?se=8CuRFjO78RGomOTbcVFFeg&utm_medium=api&utm_source=7a21a92b&v=198F9E19277F9AA09E9E5D4D6E08F13A930ED688,full_time,5898131307,Adzuna::API::Response::Company,EXL,Adzuna::API::Response::Location,"Ahmedabad, Gujarat","['India', 'Gujarat', 'Ahmedabad']",Adzuna::API::Response::Category,it-jobs,IT Jobs,23.042,72.59465,,,,2026-09-28
Adzuna::API::Response::Job,2026-09-01T16:22:37Z,"Blend is a premier AI services provider, committed to co-creating meaningful impact for its clients through the power of data science, AI, technology, and people. With a mission to fuel bold visions, Blend tackles significant challenges by seamlessly aligning human expertise with artificial intelligence. The company is dedicated to unlocking value and fostering innovation for its clients by harnessing world-class people and data-driven strategy. We believe that the power of people and AI can ha…",0,eyJhbGciOiJIUzI1NiJ9.eyJpIjoiNTg2NDQzNzM0OCIsInMiOiI4Q3VSRmpPNzhSR29tT1RiY1ZGRmVnIn0.OOq5NwwDKu9Bl85dnoKEgi3-ic0cjcCUugmTS3s1Jas,"Senior Marketing Data Analyst (Python, SQL)",https://www.adzuna.in/land/ad/5864437348?se=8CuRFjO78RGomOTbcVFFeg&utm_medium=api&utm_source=7a21a92b&v=61FFF99584786DBB66E8401001706E67D545896C,,5864437348,Adzuna::API::Response::Company,Blend,Adzuna::API::Response::Location,"Hyderabad, Telangana","['India', 'Telangana', 'Hyderabad']",Adzuna::API::Response::Category,pr-advertising-marketing-jobs,"PR, Advertising & Marketing Jobs",17.40275,78.50806,,,,2026-09-28
Adzuna::API::Response::Job,2026-09-25T01:54:06Z,"Job Title: India - Sales Strategy Manager II Location: India - Bangalore (India - Bangalore Torrey Pines), KA Experience Required: 3 Years Role Type/Shift: Contract for 7 months About The Job: Company Name: VARITE India Private Limited About The Client: An American cloud-based software company headquartered in San Francisco, California. Notable provider of cloud-based customer relationship management (CRM) solutions. The company has gained prominence in the CRM space, specializing in empowering…",0,eyJhbGciOiJIUzI1NiJ9.eyJzIjoiOEN1UkZqTzc4UkdvbU9UYmNWRkZlZyIsImkiOiI1ODk3Mjk1MDIzIn0.ug_p8fUZuEF4IyVrjQJNJLlPZLSovtOek6MEHeLWKGY,Sales Operation Analyst (Data Analyst Sales),https://www.adzuna.in/land/ad/5897295023?se=8CuRFjO78RGomOTbcVFFeg&utm_medium=api&utm_source=7a21a92b&v=FAEFDE2EC14B527EC36FF1EF543A5A7E6599FAAC,,5897295023,Adzuna::API::Response::Company,VARITE INC,Adzuna::API::Response::Location,"Bangalore, Karnataka","['India', 'Karnataka', 'Bangalore']",Adzuna::API::Response::Category,it-jobs,IT Jobs,,,,,,2026-09-28
Adzuna::API::Response::Job,2026-09-25T01:51:40Z,"Job Title : India - Sales Strategy Manager II Location: Bangalore Experience Required: 3-5 Years Salary Range: 8 to 12 LPA Role Type/Shift : Contract/General Contract Duration: 6 Months (With Possible Extension) Description: Company Name: VARITE India Private Limited About The Client: An American cloud-based software company headquartered in San Francisco, California. Notable provider of cloud-based customer relationship management (CRM) solutions. The company has gained prominence in the CRM s…",0,eyJhbGciOiJIUzI1NiJ9.eyJpIjoiNTg5NzI5NDQ2NCIsInMiOiJXSE96RnpPNzhSR29tT1RiY1ZGRmVnIn0.2XY8Vooe_Vv_5SjzaKE8ykL45Pyv_OOmy12pvYj3ZRs,Sales Data Analyst (Revenue Operations) | Bangalore,https://www.adzuna.in/land/ad/5897294464?se=WHOzFzO78RGomOTbcVFFeg&utm_medium=api&utm_source=7a21a92b&v=CE5FB8A14624252EBD5D54A4D7BE58D8BEA2E55B,,5897294464,Adzuna::API::Response::Company,VARITE INC,Adzuna::API::Response::Location,"Bangalore, Karnataka","['India', 'Karnataka', 'Bangalore']",Adzuna::API::Response::Category,it-jobs,IT Jobs,,,contract,,,2026-09-28
Adzuna::API::Response::Job,2026-09-23T14:40:07Z,"This job is with Fitch Group, an inclusive employer and a member of myGwork – the largest global platform for the LGBTQ business community. Please do not contact the recruiter directly. The Data Operations Group (Data Ops), part of Fitch’s Chief Data Office (CDO) function, is seeking a Senior Data Analyst – Risk Hub Project to join its team , based out of Mumbai. This is a 12-month contract position. Senior Data Analysts are responsible for the collection, manipulation and management of our eco…",0,eyJhbGciOiJIUzI1NiJ9.eyJpIjoiNTg5NDk3OTg4OCIsInMiOiJXSE96RnpPNzhSR29tT1RiY1ZGRmVnIn0.VTo8r0qzDjRFT5p38SEL53o5Q3BojzPQiCy4sXX2_WA,"Senior Data Analyst, 12 months contract, Mumbai",https://www.adzuna.in/land/ad/5894979888?se=WHOzFzO78RGomOTbcVFFeg&utm_medium=api&utm_source=7a21a92b&v=43DFC583CFA5FA6C0CC75FD6E709EF9FA27BF9F1,full_time,5894979888,Adzuna::API::Response::Company,Fitch Group,Adzuna::API::Response::Location,"Mumbai, Maharashtra","['India', 'Maharashtra', 'Mumbai']",Adzuna::API::Response::Category,accounting-finance-jobs,Accounting & Finance Jobs,19.00821,72.84415,contract,,,2026-09-28
Adzuna::API::Response::Job,2026-09-18T23:24:41Z,"Position : Senior Data Modeler & Data Analyst - Data Platform Experience : 8 Years Client: One of our Prestigious client. Mode of hiring :Full Time /Permanent Location: Remote (Base Location Gurgaon) Notice Period: 0-30 Days (Only Serving notice period) Role Summary As a Senior Data Modeler & Data Analyst, you will support data modernization initiatives across the overall Data Platform and enterprise analytics capabilities across SLC Management. You will work with Investment, Finance, Risk, and…",0,eyJhbGciOiJIUzI1NiJ9.eyJpIjoiNTg4OTY4MjU2NCIsInMiOiJXSE96RnpPNzhSR29tT1RiY1ZGRmVnIn0.1F4VBolspnKbP4ELBwJWKwurlv745yrmhfq50zuHdHU,Senior Data Modeler & Data Analyst-Data Platform-8 Years-Remote,https://www.adzuna.in/land/ad/5889682564?se=WHOzFzO78RGomOTbcVFFeg&utm_medium=api&utm_source=7a21a92b&v=B5C153C486F7D5A6340E28558AAF029BFB4D2D90,full_time,5889682564,Adzuna::API::Response::Company,Tekgence Inc,Adzuna::API::Response::Location,India,['India'],Adzuna::API::Response::Category,it-jobs,IT Jobs,,,permanent,,,2026-09-28
Adzuna::API::Response::Job,2026-09-28T02:01:48Z,"Ruder Finn is seeking a senior data analyst to join its award-winning Emerging Technology & Analytics team. The chosen candidate will support the agency’s new business efforts by spearheading research activities such as but not limited to earned media analysis, social listening, influencer identification, data modeling, and predictive analytics. This individual will collaborate with several account teams within the agency providing counsel as needed on the various research and analytics needs o…",0,eyJhbGciOiJIUzI1NiJ9.eyJpIjoiNTkwMDg3NTUwMSIsInMiOiJXSE96RnpPNzhSR29tT1RiY1ZGRmVnIn0.6Fm0RrUvIWIt064qirEP17KYWpy7g55ZQHvO34Kzp7E,Data Research Analyst,https://www.adzuna.in/land/ad/5900875501?se=WHOzFzO78RGomOTbcVFFeg&utm_medium=api&utm_source=7a21a92b&v=1833ACD7F4AB3B826AA1457BEBBDD0991348B7F4,,5900875501,Adzuna::API::Response::Company,Ruder Finn India,Adzuna::API::Response::Location,India,['India'],Adzuna::API::Response::Category,pr-advertising-marketing-jobs,"PR, Advertising & Marketing Jobs",,,,,,2026-09-28
Adzuna::API::Response::Job,2026-09-01T16:23:17Z,"Company Description Sambodhi Research and Communications Pvt. Ltd. is a knowledge-based organization that focuses on promoting accountability in the public domain. We provide project management, monitoring & evaluation, and research solutions to implementers, governments, aid agencies, and philanthropic foundations. Our expertise lies in evaluating large-scale interventions in sectors such as public health, nutrition, sanitation, renewable energy, livelihoods, and microfinance. We are committed…",0,eyJhbGciOiJIUzI1NiJ9.eyJpIjoiNTg2NDQ0Mjg4NiIsInMiOiJXSE96RnpPNzhSR29tT1RiY1ZGRmVnIn0.MiyoMw86Or6G5EP3kaFTNmCLoWTjWl-CHX61VFko5CM,Data Quality Analyst,https://www.adzuna.in/land/ad/5864442886?se=WHOzFzO78RGomOTbcVFFeg&utm_medium=api&utm_source=7a21a92b&v=098165625AD5F210BFEF1A3E40FBBB890EC719D4,full_time,5864442886,Adzuna::API::Response::Company,Sambodhi Research and Communications Pvt. Ltd.,Adzuna::API::Response::Location,India,['India'],Adzuna::API::Response::Category,it-jobs,IT Jobs,,,,,,2026-09-28
Adzuna::API::Response::Job,2026-09-02T21:46:17Z,"As a Data Security Analyst (AVP) , you will safeguard the bank's data, ensuring it is securely handled, stored, and shared. You will focus on monitoring, detection, and investigation of data‑related security risks, including data loss, unauthorised access, and misuse across enterprise environments. You will play a key role in implementing and managing data security controls such as Data Loss Prevention (DLP), data classification, and monitoring capabilities to protect critical information. What…",0,eyJhbGciOiJIUzI1NiJ9.eyJpIjoiNTg2NzI3MDIwMCIsInMiOiJXSE96RnpPNzhSR29tT1RiY1ZGRmVnIn0.FpcSM-zFRS8E87Qj8VG3aFLTWWtUR23KeyE3-UYqPVA,Data Security Analyst,https://www.adzuna.in/land/ad/5867270200?se=WHOzFzO78RGomOTbcVFFeg&utm_medium=api&utm_source=7a21a92b&v=7905752367276C127433247ECF0CC9DBDA8FB910,,5867270200,Adzuna::API::Response::Company,Thakral One,Adzuna::API::Response::Location,India,['India'],Adzuna::API::Response::Category,it-jobs,IT Jobs,,,,,,2026-09-28
Adzuna::API::Response::Job,2026-09-01T16:23:20Z,"Why Join Us: We’re a small but mighty Amazon & TikTok growth agency with real momentum, and we’re still small enough that every person on the team genuinely matters. No layers, no bureaucracy. Just a tight group of smart, fun people doing great work together. Work directly with the founders. You’ll work alongside the people who built this business from the ground up. A ringside seat to everything. You’ll play a pivotal role in preparing for client conversations, the beating heart of this busine…",0,eyJhbGciOiJIUzI1NiJ9.eyJzIjoiV0hPekZ6Tzc4UkdvbU9UYmNWRkZlZyIsImkiOiI1ODY0NDQzMjcxIn0.w2HamHEYnm6sy4OaHprwTZmcutyP2voWlx51BeoY0II,Data & Insights Analyst,https://www.adzuna.in/land/ad/5864443271?se=WHOzFzO78RGomOTbcVFFeg&utm_medium=api&utm_source=7a21a92b&v=05CA5513B1DADC57A547E4F51A80FF616618A19F,,5864443271,Adzuna::API::Response::Company,Ecomm-Inroads,Adzuna::API::Response::Location,India,['India'],Adzuna::API::Response::Category,it-jobs,IT Jobs,,,,,,2026-09-28
Adzuna::API::Response::Job,2026-09-02T18:15:33Z,"This job is with Moody's, an inclusive employer and a member of myGwork – the largest global platform for the LGBTQ business community. Please do not contact the recruiter directly. At Moody's, we unite the brightest minds to turn today’s risks into tomorrow’s opportunities. We do this by striving to create an inclusive environment where everyone feels welcome to be who they are—with the freedom to exchange ideas, think innovatively, and listen to each other and customers in meaningful ways. Mo…",0,eyJhbGciOiJIUzI1NiJ9.eyJzIjoiV0hPekZ6Tzc4UkdvbU9UYmNWRkZlZyIsImkiOiI1ODY3MTE1MDY4In0.2cfvHRSYEZcqIn-P1WJtjCMKufPlEufCelr1K94MdGc,Data Management Analyst,https://www.adzuna.in/land/ad/5867115068?se=WHOzFzO78RGomOTbcVFFeg&utm_medium=api&utm_source=7a21a92b&v=0690395A04D115923E5072660A3E464C57BD66A4,full_time,5867115068,Adzuna::API::Response::Company,Moody's,Adzuna::API::Response::Location,"Bangalore, Karnataka","['India', 'Karnataka', 'Bangalore']",Adzuna::API::Response::Category,it-jobs,IT Jobs,,,,,,2026-09-28
Adzuna::API::Response::Job,2026-08-16T06:19:46Z,"This job is with ABB, an inclusive employer and a member of myGwork – the largest global platform for the LGBTQ business community. Please do not contact the recruiter directly. At ABB, we help industries run leaner and cleaner—and every person here makes that happen. You’ll be empowered to lead, supported to grow, and proud of the impact we create together. Join us and help run what runs the world. This Position reports to: IS Category Lead Arch. Workplace & UC Your role and responsibilities I…",0,eyJhbGciOiJIUzI1NiJ9.eyJpIjoiNTg0Mzc2Njc2MiIsInMiOiJXSE96RnpPNzhSR29tT1RiY1ZGRmVnIn0._Evb9AsQGUQCR154s7-JE2br5qzJcSrpbcwbNs4X5M0,IS Data Security - Analyst,https://www.adzuna.in/land/ad/5843766762?se=WHOzFzO78RGomOTbcVFFeg&utm_medium=api&utm_source=7a21a92b&v=10E7F647774D145FD5779E5E48176C6A2A5877E6,full_time,5843766762,Adzuna::API::Response::Company,ABB,Adzuna::API::Response::Location,"Bangalore, Karnataka","['India', 'Karnataka', 'Bangalore']",Adzuna::API::Response::Category,it-jobs,IT Jobs,12.95703,77.59837,,,,2026-09-28
Adzuna::API::Response::Job,2026-09-04T16:57:53Z,"Greetings Currently we have an urgent Position for Senior Data Analyst Advanced Excel with Power BI role for one of our projects, location based in Gurgaon. Kindly find below the details for your Perusal. Job Location : Gurgaon Mode of Employment : Permanent (Weekly 4 days WFO) - Shift timing: 7:30 AM IST to 7:30 PM IST Job Description: Financial Data Analytics Financial Forecasting Models Financial data and Macros Types of Variances Data modeling, Excel-based reporting Good Communication Skill…",0,eyJhbGciOiJIUzI1NiJ9.eyJpIjoiNTg3MDUyNzk2NyIsInMiOiJXSE96RnpPNzhSR29tT1RiY1ZGRmVnIn0.QL54W3J9dW1bJ_JlfOCmejuAos3kU0gI2Y9LSd1gphg,Senior Data Analyst (Advanced Excel with PowerBI) - Gurgaon Location,https://www.adzuna.in/land/ad/5870527967?se=WHOzFzO78RGomOTbcVFFeg&utm_medium=api&utm_source=7a21a92b&v=10D7D1ABB65DD67BFDE909D1F3C6FD10ABF857EB,,5870527967,Adzuna::API::Response::Company,Sonata Software,Adzuna::API::Response::Location,India,['India'],Adzuna::API::Response::Category,it-jobs,IT Jobs,,,permanent,,,2026-09-28
Adzuna::API::Response::Job,2026-09-20T23:29:04Z,"Role: Data Governance Analysts Years of Exp: 5 Years Location: Hyderabad Immediate to 15 Days Position Summary Execute day-to-day Data Governance activities for RTB initiatives under the direction of the Onshore Lead. The role will focus on producing accurate, complete, and traceable governance artifacts that support enterprise standards, control requirements, and audit readiness. Key Responsibilities Register and maintain data assets, reports, and data products in Collibra and Data Marketplace…",0,eyJhbGciOiJIUzI1NiJ9.eyJpIjoiNTg5MTk4MTU3NSIsInMiOiJXSE96RnpPNzhSR29tT1RiY1ZGRmVnIn0.nAPh2imHlUvxEX3eQC-5V1ZsopUVviQal-H0nmFMGec,Data Governance Analysts - Collibra & Data Marketplace,https://www.adzuna.in/land/ad/5891981575?se=WHOzFzO78RGomOTbcVFFeg&utm_medium=api&utm_source=7a21a92b&v=2692D8FBFCC3D8ED972E77231F2BD684BB6035E3,,5891981575,Adzuna::API::Response::Company,Lorven Technologies Inc.,Adzuna::API::Response::Location,"Hyderabad, Telangana","['India', 'Telangana', 'Hyderabad']",Adzuna::API::Response::Category,it-jobs,IT Jobs,17.40275,78.50806,,,,2026-09-28
Adzuna::API::Response::Job,2026-09-14T17:18:19Z,"We are hiring Data Analysts to join a Top US MNC building and scaling large-scale enterprise platforms, cloud-native applications, SaaS products, and AI-powered business solutions. This is an opportunity to work with a globally recognized organization while collaborating with business leaders, product managers, engineers, and data teams to transform data into actionable insights that drive business decisions and improve customer experiences. Location 100% Remote Start Date Immediate to 4 Weeks …",0,eyJhbGciOiJIUzI1NiJ9.eyJzIjoiV0hPekZ6Tzc4UkdvbU9UYmNWRkZlZyIsImkiOiI1ODgzNTYzNjc2In0.MipyO76oF6sedxR7cNdeI4WEcG_TbVmZuLFP0GwEUY4,Data Analyst (Fully Remote) – Top US MNC (Enterprise Software),https://www.adzuna.in/land/ad/5883563676?se=WHOzFzO78RGomOTbcVFFeg&utm_medium=api&utm_source=7a21a92b&v=9053853AD4C985ADDF6198257B8289E4B36046DD,,5883563676,Adzuna::API::Response::Company,SkillsCapital,Adzuna::API::Response::Location,India,['India'],Adzuna::API::Response::Category,it-jobs,IT Jobs,,,,,,2026-09-28
Adzuna::API::Response::Job,2026-09-14T01:11:09Z,"Role : Data Privacy Analyst (Remote) Location : Remote (Work from Anywhere) Role Overview: A leading organization is seeking a Data Privacy Analyst to review and improve data privacy practices, policies, and procedures. The role involves ensuring compliance with privacy regulations and protecting organizational data assets. This position requires collaboration with cross-functional teams to identify risks and implement mitigation strategies. Key Responsibilities: • Conduct data protection impac…",0,eyJhbGciOiJIUzI1NiJ9.eyJzIjoiV0hPekZ6Tzc4UkdvbU9UYmNWRkZlZyIsImkiOiI1ODgyODYxMjM2In0._oBX5hvh_LSscOtadRxn2mrN9k7na8bO-mBp4RFXVH4,Data Privacy Analyst (Remote),https://www.adzuna.in/land/ad/5882861236?se=WHOzFzO78RGomOTbcVFFeg&utm_medium=api&utm_source=7a21a92b&v=E300A50DDFE901300FE64F654BEF57CD964E7883,,5882861236,Adzuna::API::Response::Company,Quik Hire Staffing,Adzuna::API::Response::Location,India,['India'],Adzuna::API::Response::Category,it-jobs,IT Jobs,,,,,,2026-09-28
Adzuna::API::Response::Job,2026-09-20T23:28:20Z,"Data Governance Analyst (Number of positions : 5) Position Summary Execute day-to-day Data Governance activities for RTB initiatives under the direction of the Onshore Lead. The role will focus on producing accurate, complete, and traceable governance artifacts that support enterprise standards, control requirements, and audit readiness. Key Responsibilities Register and maintain data assets, reports, and data products in Collibra and Data Marketplace. Capture and validate business, technical, …",0,eyJhbGciOiJIUzI1NiJ9.eyJzIjoiV0hPekZ6Tzc4UkdvbU9UYmNWRkZlZyIsImkiOiI1ODkxOTgwNTA0In0.Z8lmpME2jxSBNxIr0yDW2p_Uor-JOKozq9i2vGJuOiY,Collibra Data Governance Analysts,https://www.adzuna.in/land/ad/5891980504?se=WHOzFzO78RGomOTbcVFFeg&utm_medium=api&utm_source=7a21a92b&v=55369B7C23BEC25F1B96C2FE7E7DE170CA7D84B1,,5891980504,Adzuna::API::Response::Company,Lorven Technologies Inc.,Adzuna::API::Response::Location,"Hyderabad, Telangana","['India', 'Telangana', 'Hyderabad']",Adzuna::API::Response::Category,it-jobs,IT Jobs,17.40275,78.50806,,,,2026-09-28
Adzuna::API::Response::Job,2026-09-25T22:02:55Z,"About Albertsons Companies Inc.: As a leading food and drug retailer in the United States, Albertsons Companies, Inc. operates over 2,200 stores across 35 states and the District of Columbia. Our well-known banners across the United States, including Albertsons, Safeway, Vons, Jewel-Osco and others, serve more than 36 million U.S customers each week. We build and shape technology solutions that solve customers’ problems every day, making things easier for them when they shop with us online or i…",0,eyJhbGciOiJIUzI1NiJ9.eyJzIjoiV0hPekZ6Tzc4UkdvbU9UYmNWRkZlZyIsImkiOiI1ODk4NTMzOTQzIn0.2Otr3kNvYZoQUnweSUW8Kv9O2llb4CtN1eOj74ocrrA,Data Insight Analyst [T500-29603],https://www.adzuna.in/land/ad/5898533943?se=WHOzFzO78RGomOTbcVFFeg&utm_medium=api&utm_source=7a21a92b&v=BF3F8C8BAAF3280272EE98B6C195D054FD3542DC,,5898533943,Adzuna::API::Response::Company,Albertsons Companies India,Adzuna::API::Response::Location,"Bangalore, Karnataka","['India', 'Karnataka', 'Bangalore']",Adzuna::API::Response::Category,it-jobs,IT Jobs,,,,,,2026-09-28
Adzuna::API::Response::Job,2026-09-19T17:30:24Z,"Company Overview GobbleCube is an agentic growth operating system designed to help brands scale profitably across digital marketplaces. Founded in November 2022 by the ex- core team of Blinkit, the platform went live commercially from private beta in September 2024. Since then, GobbleCube has scaled rapidly, supporting 600 brands across enterprise and D2C, growing revenue 10X, and onboarding 45 of India’s largest CPG enterprises in just the last 9 months, including HUL, Nivea, Tata Consumer Pro…",0,eyJhbGciOiJIUzI1NiJ9.eyJzIjoiV0hPekZ6Tzc4UkdvbU9UYmNWRkZlZyIsImkiOiI1ODkwNjA3ODM0In0.M26kb6vjk_FZsXoKewF-I_YO6xjp7Cx1dW0pMKysaz0,Analyst - Data & Insights,https://www.adzuna.in/land/ad/5890607834?se=WHOzFzO78RGomOTbcVFFeg&utm_medium=api&utm_source=7a21a92b&v=E59AE80BE81E3FAF588C6246DD75F028CDD54479,,5890607834,Adzuna::API::Response::Company,GobbleCube,Adzuna::API::Response::Location,India,['India'],Adzuna::API::Response::Category,it-jobs,IT Jobs,,,,,,2026-09-28
Adzuna::API::Response::Job,2026-09-17T08:30:59Z,"This job is with TE Connectivity, an inclusive employer and a member of myGwork – the largest global platform for the LGBTQ business community. Please do not contact the recruiter directly. At TE, you will unleash your potential working with people from diverse backgrounds and industries to create a safer, sustainable and more connected world. Job Overview We are seeking a strategic thinker, analytical storyteller, and trusted advisor to join our Industrial BU. This role is ideal for an analyti…",0,eyJhbGciOiJIUzI1NiJ9.eyJpIjoiNTg4NzA2MTAzNSIsInMiOiJXSE96RnpPNzhSR29tT1RiY1ZGRmVnIn0.JXQcPk713P0MwlDvkoh80ZU4rSE_hWnqiBl_sVc7zDE,ANALYST DATA & INSIGHTS,https://www.adzuna.in/land/ad/5887061035?se=WHOzFzO78RGomOTbcVFFeg&utm_medium=api&utm_source=7a21a92b&v=9A519ECBA2A21C69B153A2476CF0676BC961AFE9,full_time,5887061035,Adzuna::API::Response::Company,TE Connectivity,Adzuna::API::Response::Location,"Bangalore, Karnataka","['India', 'Karnataka', 'Bangalore']",Adzuna::API::Response::Category,it-jobs,IT Jobs,12.95703,77.59837,,,,2026-09-28
Adzuna::API::Response::Job,2026-09-01T16:23:14Z,"Senior Data Engineer (Analyst/Scientist) - Remote Kake is a remote-first company and a people-first global community of senior engineers. Kake engineers are behind some of the world’s most innovative products (Brands you’ve heard!), from Fortune 500 to fast-growing companies. We believe it’s not where your table is, but what you bring to the table that matters. Our community spans 45,000 engineers across 55 countries; join a culture where great people stay, grow, and thrive (and love eating kak…",0,eyJhbGciOiJIUzI1NiJ9.eyJzIjoiV0hPekZ6Tzc4UkdvbU9UYmNWRkZlZyIsImkiOiI1ODY0NDQyNTA1In0.XrLPyrYHlJq32oRsl3EBih4vjghk8YEkhwhJVH5VnGk,Senior Data Engineer (Analyst/Scientist) - Remote,https://www.adzuna.in/land/ad/5864442505?se=WHOzFzO78RGomOTbcVFFeg&utm_medium=api&utm_source=7a21a92b&v=6155ACC03125A8E4FD992DB648D4B5952CFF591B,,5864442505,Adzuna::API::Response::Company,Kake,Adzuna::API::Response::Location,"Bangalore, Karnataka","['India', 'Karnataka', 'Bangalore']",Adzuna::API::Response::Category,it-jobs,IT Jobs,,,,,,2026-09-28
Adzuna::API::Response::Job,2026-09-01T16:21:43Z,"Senior Data Engineer (Analyst/Scientist) - Remote Kake is a remote-first company and a people-first global community of senior engineers. Kake engineers are behind some of the world’s most innovative products (Brands you’ve heard!), from Fortune 500 to fast-growing companies. We believe it’s not where your table is, but what you bring to the table that matters. Our community spans 45,000 engineers across 55 countries; join a culture where great people stay, grow, and thrive (and love eating kak…",0,eyJhbGciOiJIUzI1NiJ9.eyJzIjoiV0hPekZ6Tzc4UkdvbU9UYmNWRkZlZyIsImkiOiI1ODY0NDMxMTUyIn0.UTheZI5sw6g-pfeFrXSHe41v1mpPjGsBbKA1mcRkrR8,Senior Data Engineer (Analyst/Scientist) - Remote,https://www.adzuna.in/land/ad/5864431152?se=WHOzFzO78RGomOTbcVFFeg&utm_medium=api&utm_source=7a21a92b&v=992068F702D0BD1D92EF8D1AB0E5CA33A0D15B29,,5864431152,Adzuna::API::Response::Company,Kake,Adzuna::API::Response::Location,"Hyderabad, Telangana","['India', 'Telangana', 'Hyderabad']",Adzuna::API::Response::Category,it-jobs,IT Jobs,17.40275,78.50806,,,,2026-09-28
Adzuna::API::Response::Job,2026-09-12T01:03:48Z,"Senior Data Engineer (Analyst/Scientist) - Remote Kake is a remote-first company and a people-first global community of senior engineers. Kake engineers are behind some of the world’s most innovative products (Brands you’ve heard!), from Fortune 500 to fast-growing companies. We believe it’s not where your table is, but what you bring to the table that matters. Our community spans 45,000 engineers across 55 countries; join a culture where great people stay, grow, and thrive (and love eating kak…",0,eyJhbGciOiJIUzI1NiJ9.eyJzIjoiV0hPekZ6Tzc4UkdvbU9UYmNWRkZlZyIsImkiOiI1ODgwMDYyMjYzIn0.SWuk7xInJMeiInH7HZXJvjgt0kKf6_vUcmA2oZo5tvU,Senior Data Engineer (Analyst/Scientist) - Remote,https://www.adzuna.in/land/ad/5880062263?se=WHOzFzO78RGomOTbcVFFeg&utm_medium=api&utm_source=7a21a92b&v=15089641EC59B28C9D0095BD4D6409CD97F4D658,,5880062263,Adzuna::API::Response::Company,Kake,Adzuna::API::Response::Location,India,['India'],Adzuna::API::Response::Category,it-jobs,IT Jobs,,,,,,2026-09-28
Adzuna::API::Response::Job,2026-09-25T15:22:38Z,"About CloudLabs: CloudLabs Inc was founded in 2014 with the mission to provide exceptional IT & Business consulting services at a competitive price, to help clients realize the best value from their investments. Within a short span, CloudLabs evolved from pure-play consulting into a transformative partner for Business Acceleration Advisory, Transformative Application Development & Managed Services - enabling digital transformations, M&A transitions, Automation & Process-driven optimizations & c…",0,eyJhbGciOiJIUzI1NiJ9.eyJzIjoiV0hPekZ6Tzc4UkdvbU9UYmNWRkZlZyIsImkiOiI1ODk4MTI3Nzc0In0.R0ETnyW86026h9krs5dlM_XRZLxRi_jCzK7VOywBA4o,Senior Data Engineer/Analyst (India- Remote),https://www.adzuna.in/land/ad/5898127774?se=WHOzFzO78RGomOTbcVFFeg&utm_medium=api&utm_source=7a21a92b&v=783399AEA08B8A3657312C79CC7AF489B55DF1C8,,5898127774,Adzuna::API::Response::Company,CloudLabs Inc,Adzuna::API::Response::Location,India,['India'],Adzuna::API::Response::Category,it-jobs,IT Jobs,,,,,,2026-09-28
Adzuna::API::Response::Job,2026-09-11T17:13:38Z,"Key Responsibilities: Analyze account, prospect, pipeline, and market data to identify trends, opportunities, and gaps. Build and maintain datasets for account prioritization, segmentation, prospecting, and GTM planning . Use AI and data tools to enrich accounts, research companies, identify buying signals, and improve lead intelligence. Develop and refine ICP models, account scoring, segmentation, and prioritization frameworks . Analyze sales funnel performance, conversion rates, pipeline move…",0,eyJhbGciOiJIUzI1NiJ9.eyJpIjoiNTg3OTY2NTExMCIsInMiOiJXSE96RnpPNzhSR29tT1RiY1ZGRmVnIn0.2B1vNH5q2-Ybx1VbLaHCKVD42ae_kEg0uHQIAINnEsE,GTM Data & AI Analyst - Night Shift,https://www.adzuna.in/land/ad/5879665110?se=WHOzFzO78RGomOTbcVFFeg&utm_medium=api&utm_source=7a21a92b&v=F8882EAC34301360D7E0318E9721F6B941F223E8,,5879665110,Adzuna::API::Response::Company,Orcaworks,Adzuna::API::Response::Location,"Hyderabad, Telangana","['India', 'Telangana', 'Hyderabad']",Adzuna::API::Response::Category,it-jobs,IT Jobs,17.40275,78.50806,,,,2026-09-28
Adzuna::API::Response::Job,2026-09-22T17:39:58Z,"About the Company Beam Forward | Talent Advisory ServicesBuild the operating rhythm behind smarter talent decisions. Location : Garudacharpalya, Whitefield. About the Role Beam Forward is looking for an analytical, hands-on Sr Analyst – Data & Governance to establish reliable reporting, strengthen recruitment operations, and turn data into clear business action across our RPO and agency accounts. This role is ideal for someone who combines operational discipline with curiosity, communicates con…",0,eyJhbGciOiJIUzI1NiJ9.eyJpIjoiNTg5MzkzMDI4NCIsInMiOiJXSE96RnpPNzhSR29tT1RiY1ZGRmVnIn0.VetavZcIYhyvFEq18w4ahZ6niFAhTtXkKNs3MjaH2jQ,Sr Analyst – Data & Governance,https://www.adzuna.in/land/ad/5893930284?se=WHOzFzO78RGomOTbcVFFeg&utm_medium=api&utm_source=7a21a92b&v=886B0A853CCF798A1A3E56CE1AEB80D5AF9DAFA7,,5893930284,Adzuna::API::Response::Company,BeamForward,Adzuna::API::Response::Location,"Bangalore, Karnataka","['India', 'Karnataka', 'Bangalore']",Adzuna::API::Response::Category,it-jobs,IT Jobs,,,,,,2026-09-28
Adzuna::API::Response::Job,2026-09-17T08:30:58Z,"This job is with TE Connectivity, an inclusive employer and a member of myGwork – the largest global platform for the LGBTQ business community. Please do not contact the recruiter directly. At TE, you will unleash your potential working with people from diverse backgrounds and industries to create a safer, sustainable and more connected world. Job Overview : We are seeking a data-driven Data Insights Analyst to transform marketing and sales data into actionable insights that drive business grow…",0,eyJhbGciOiJIUzI1NiJ9.eyJpIjoiNTg4NzA2MTAxNCIsInMiOiJXSE96RnpPNzhSR29tT1RiY1ZGRmVnIn0.FqafvsYk7j26LeIN9Iv3rbRPgIQcOh9zHg36SUR_pRI,ANALYST DATA & INSIGHTS II,https://www.adzuna.in/land/ad/5887061014?se=WHOzFzO78RGomOTbcVFFeg&utm_medium=api&utm_source=7a21a92b&v=E4106ED12CF67B2929E0B88252BEAFA9CB74A6E8,full_time,5887061014,Adzuna::API::Response::Company,TE Connectivity,Adzuna::API::Response::Location,"Bangalore, Karnataka","['India', 'Karnataka', 'Bangalore']",Adzuna::API::Response::Category,pr-advertising-marketing-jobs,"PR, Advertising & Marketing Jobs",12.95703,77.59837,,,,2026-09-28
Adzuna::API::Response::Job,2026-09-22T08:31:57Z,"This job is with TE Connectivity, an inclusive employer and a member of myGwork – the largest global platform for the LGBTQ business community. Please do not contact the recruiter directly. At TE, you will unleash your potential working with people from diverse backgrounds and industries to create a safer, sustainable and more connected world. Job Overview We're hiring a data-driven storyteller and problem-solver . This Data Insights Analyst II will join our growing Digital Center of Excellence…",0,eyJhbGciOiJIUzI1NiJ9.eyJpIjoiNTg5MzUxMDk3MyIsInMiOiJXSE96RnpPNzhSR29tT1RiY1ZGRmVnIn0.tWVQJN-9QUu5L8FwTVOfKedD6X2SsStANR_L76JQCdA,ANALYST DATA & INSIGHTS II,https://www.adzuna.in/land/ad/5893510973?se=WHOzFzO78RGomOTbcVFFeg&utm_medium=api&utm_source=7a21a92b&v=0B6D7DB33EBB86EB8C340E88753304B469221564,full_time,5893510973,Adzuna::API::Response::Company,TE Connectivity,Adzuna::API::Response::Location,"Bangalore, Karnataka","['India', 'Karnataka', 'Bangalore']",Adzuna::API::Response::Category,pr-advertising-marketing-jobs,"PR, Advertising & Marketing Jobs",12.95703,77.59837,,,,2026-09-28
Adzuna::API::Response::Job,2026-09-22T08:31:36Z,"This job is with TE Connectivity, an inclusive employer and a member of myGwork – the largest global platform for the LGBTQ business community. Please do not contact the recruiter directly. At TE, you will unleash your potential working with people from diverse backgrounds and industries to create a safer, sustainable and more connected world. Job Overview We're seeking - a strategic thinker, analytical storyteller, and trusted advisor to our global marketing and commercial teams. This role is …",0,eyJhbGciOiJIUzI1NiJ9.eyJzIjoiV0hPekZ6Tzc4UkdvbU9UYmNWRkZlZyIsImkiOiI1ODkzNTEwMTI0In0.dKFVMXnyUXiIrUMa6kv3dmreEsi5vk_YhRovAfa_BuI,ANALYST DATA & INSIGHTS III,https://www.adzuna.in/land/ad/5893510124?se=WHOzFzO78RGomOTbcVFFeg&utm_medium=api&utm_source=7a21a92b&v=8605B6B66ED02207D96462C0EE54C17D095CD012,full_time,5893510124,Adzuna::API::Response::Company,TE Connectivity,Adzuna::API::Response::Location,"Bangalore, Karnataka","['India', 'Karnataka', 'Bangalore']",Adzuna::API::Response::Category,pr-advertising-marketing-jobs,"PR, Advertising & Marketing Jobs",12.95703,77.59837,,,,2026-09-28
Adzuna::API::Response::Job,2026-08-16T06:19:54Z,"This job is with ABB, an inclusive employer and a member of myGwork – the largest global platform for the LGBTQ business community. Please do not contact the recruiter directly. At ABB, we help industries run leaner and cleaner—and every person here makes that happen. You’ll be empowered to lead, supported to grow, and proud of the impact we create together. Join us and help run what runs the world. This Position reports to: IS Category Lead Arch. Workplace & UC Your role and responsibilities I…",0,eyJhbGciOiJIUzI1NiJ9.eyJpIjoiNTg0Mzc2Njg1NyIsInMiOiJXSE96RnpPNzhSR29tT1RiY1ZGRmVnIn0.1EteC9N613MZJZlSPHGP3l5ritBo_P3p_APVOh4I2v0,IS Data Security - Senior Analyst,https://www.adzuna.in/land/ad/5843766857?se=WHOzFzO78RGomOTbcVFFeg&utm_medium=api&utm_source=7a21a92b&v=01FE278DE8610A415ACA5BDAD4540C0D25350285,full_time,5843766857,Adzuna::API::Response::Company,ABB,Adzuna::API::Response::Location,"Bangalore, Karnataka","['India', 'Karnataka', 'Bangalore']",Adzuna::API::Response::Category,it-jobs,IT Jobs,12.95703,77.59837,,,,2026-09-28
Adzuna::API::Response::Job,2026-09-20T17:36:31Z,"Quality Analyst Rifa AI | Full time | 1.5 to 3 years of experience About Rifa AI Rifa AI builds voice and chat AI agents for enterprise clients. Our bots handle live conversations at scale, and every conversation has to meet strict compliance, accuracy, and quality standards. The Quality Analyst makes sure they do. What you will do Audit voicebot and chatbot conversations against SOPs, compliance rules, and quality standards Build and maintain QA scorecards and audit frameworks for new and exis…",0,eyJhbGciOiJIUzI1NiJ9.eyJpIjoiNTg5MTY5NDYzNSIsInMiOiJXSE96RnpPNzhSR29tT1RiY1ZGRmVnIn0.hkG_giun0lmFNrFW_nD6diCeq4VAt8c0ydi_7pdTX-U,Quality Analyst (Data Auditor),https://www.adzuna.in/land/ad/5891694635?se=WHOzFzO78RGomOTbcVFFeg&utm_medium=api&utm_source=7a21a92b&v=6D2A26C3A778D1FB7AE8CD110EB26FC0FBB6CEC9,full_time,5891694635,Adzuna::API::Response::Company,Rifa AI,Adzuna::API::Response::Location,India,['India'],Adzuna::API::Response::Category,it-jobs,IT Jobs,,,,,,2026-09-28
Adzuna::API::Response::Job,2026-09-20T17:34:00Z,"Senior Data analyst or Data Modeler with recent experience ( at least 3 yrs) as a Data Analyst is mandatory. Preferably in AML/Fraud areas in Financial domain . The candidate must have expertise in the below areas Modeling/STTM for relatively large data bases using data modeling tools like Erwin/Hackolade etc. , Data Governance: Expertise in setting up Data Governance. Establishing Data Quality rules and Data controls on DB’s and Data Pipelines. Experience with Data Governance/Quality tools lik…",0,eyJhbGciOiJIUzI1NiJ9.eyJzIjoiV0hPekZ6Tzc4UkdvbU9UYmNWRkZlZyIsImkiOiI1ODkxNjkxMDc2In0.-5Rm-DRGMbT_7j5LiwX2PfRa1cHFlP22DyXRKsGWeks,Anti-Money Laundering Analyst,https://www.adzuna.in/land/ad/5891691076?se=WHOzFzO78RGomOTbcVFFeg&utm_medium=api&utm_source=7a21a92b&v=42C72957021177D0905435D3D66CB5F3ED02677B,,5891691076,Adzuna::API::Response::Company,HTC Global Services,Adzuna::API::Response::Location,"Bangalore, Karnataka","['India', 'Karnataka', 'Bangalore']",Adzuna::API::Response::Category,it-jobs,IT Jobs,,,,,,2026-09-28
Adzuna::API::Response::Job,2026-09-20T17:32:17Z,"Senior Data analyst or Data Modeler with recent experience ( at least 3 yrs) as a Data Analyst is mandatory. Preferably in AML/Fraud areas in Financial domain . The candidate must have expertise in the below areas Modeling/STTM for relatively large data bases using data modeling tools like Erwin/Hackolade etc. , Data Governance: Expertise in setting up Data Governance. Establishing Data Quality rules and Data controls on DB’s and Data Pipelines. Experience with Data Governance/Quality tools lik…",0,eyJhbGciOiJIUzI1NiJ9.eyJzIjoiV0hPekZ6Tzc4UkdvbU9UYmNWRkZlZyIsImkiOiI1ODkxNjkwMDcwIn0.aV5Ub3dMAA2Vs4DYHxB16zexSg_ptDLJFRBIhOS5Ujw,Anti-Money Laundering Analyst,https://www.adzuna.in/land/ad/5891690070?se=WHOzFzO78RGomOTbcVFFeg&utm_medium=api&utm_source=7a21a92b&v=A3ACA08EBBF9078169EE8A67777A09DD24AD7D0B,,5891690070,Adzuna::API::Response::Company,HTC Global Services,Adzuna::API::Response::Location,"Hyderabad, Telangana","['India', 'Telangana', 'Hyderabad']",Adzuna::API::Response::Category,it-jobs,IT Jobs,17.40275,78.50806,,,,2026-09-28
Adzuna::API::Response::Job,2026-09-20T17:32:38Z,"Senior Data analyst or Data Modeler with recent experience ( at least 3 yrs) as a Data Analyst is mandatory. Preferably in AML/Fraud areas in Financial domain . The candidate must have expertise in the below areas Modeling/STTM for relatively large data bases using data modeling tools like Erwin/Hackolade etc. , Data Governance: Expertise in setting up Data Governance. Establishing Data Quality rules and Data controls on DB’s and Data Pipelines. Experience with Data Governance/Quality tools lik…",0,eyJhbGciOiJIUzI1NiJ9.eyJpIjoiNTg5MTY5MDMzNSIsInMiOiJXSE96RnpPNzhSR29tT1RiY1ZGRmVnIn0.-uGwyQ_QuplyENeuJaSuO1tGpVTTfsfhDXtYi57QwjM,Anti-Money Laundering Analyst,https://www.adzuna.in/land/ad/5891690335?se=WHOzFzO78RGomOTbcVFFeg&utm_medium=api&utm_source=7a21a92b&v=566AB33DE8051BA9F0C76DCDBB828243B39A178E,,5891690335,Adzuna::API::Response::Company,HTC Global Services,Adzuna::API::Response::Location,"Chennai, Tamil Nadu","['India', 'Tamil Nadu', 'Chennai']",Adzuna::API::Response::Category,it-jobs,IT Jobs,13.06041,80.24963,,,,2026-09-28
Adzuna::API::Response::Job,2026-09-12T01:09:17Z,"We are seeking an experienced and highly skilled Data Analytics – Team Lead to join our growing team. The ideal candidate will be a data-driven problem solver with strong expertise in data analysis, SQL, reporting, visualization, and business intelligence. The candidate will be responsible for working with large and complex datasets, developing dashboards and reports, translating analytical findings into actionable business insights, and mentoring data analysts. The role will also involve colla…",0,eyJhbGciOiJIUzI1NiJ9.eyJpIjoiNTg4MDA3MDI2OCIsInMiOiJXSE96RnpPNzhSR29tT1RiY1ZGRmVnIn0.Mlwt5mxiYaULKGYtThQUZ5QYlOL2Knvx3kEC860sedc,Data Analytics - TL,https://www.adzuna.in/land/ad/5880070268?se=WHOzFzO78RGomOTbcVFFeg&utm_medium=api&utm_source=7a21a92b&v=73E047A648757A5363A821FEA289057FEC4A2FCE,,5880070268,Adzuna::API::Response::Company,Aceolution,Adzuna::API::Response::Location,"Hyderabad, Telangana","['India', 'Telangana', 'Hyderabad']",Adzuna::API::Response::Category,it-jobs,IT Jobs,17.40275,78.50806,,,,2026-09-28
Adzuna::API::Response::Job,2026-09-24T15:17:33Z,"Responsibilities Work with lead analyst onshore to develop, enhance, and maintain reports and dashboards to drive stakeholder engagement and report cohesiveness. Experience in building Power BI Dashboards using DAX Functions / merging multiple data sets/data sources. Experience in building SSRS Reports using merging multiple data sets/data sources. SQL knowledge required (Snowflake preferred), in querying data sets, identifying data quality issues. Strong attention to detail. Analytical and pro…",0,eyJhbGciOiJIUzI1NiJ9.eyJpIjoiNTg5NjYxMjYzOSIsInMiOiJXSE96RnpPNzhSR29tT1RiY1ZGRmVnIn0.be8R_rytjzgrMi2EucdLp6JLxayYfNHV_his4rexC0Q,Business Intelligence Engineer,https://www.adzuna.in/land/ad/5896612639?se=WHOzFzO78RGomOTbcVFFeg&utm_medium=api&utm_source=7a21a92b&v=6FEC6979320ADDBCF4BA1451DC72E5373E1EF875,,5896612639,Adzuna::API::Response::Company,NAF Technology India,Adzuna::API::Response::Location,"Chennai, Tamil Nadu","['India', 'Tamil Nadu', 'Chennai']",Adzuna::API::Response::Category,it-jobs,IT Jobs,13.06041,80.24963,,,,2026-09-28
Adzuna::API::Response::Job,2026-09-17T07:18:24Z,"Company Description ClimaCrew Pvt Ltd is pioneering innovation in seaweed production with a focus on data, technology, and social sciences. Our mission is to position India as a key player in the global seaweed industry by leveraging an advanced technology platform that connects suppliers and buyers of diverse seaweed products. By addressing the growing global demand, our initiatives aim to create sustainable livelihood opportunities while fostering marine ecosystem resilience. We are committed…",0,eyJhbGciOiJIUzI1NiJ9.eyJzIjoiV0hPekZ6Tzc4UkdvbU9UYmNWRkZlZyIsImkiOiI1ODg2OTg2MjA5In0.INuXi2pGvqeHmmg9tk45EaTnbevzT415wCU-ubzOphI,Geographic Information System Developer,https://www.adzuna.in/land/ad/5886986209?se=WHOzFzO78RGomOTbcVFFeg&utm_medium=api&utm_source=7a21a92b&v=F6E6017A182BCB1416DE72810CF010C6373919CB,full_time,5886986209,Adzuna::API::Response::Company,ClimaCrew,Adzuna::API::Response::Location,"Mumbai, Maharashtra","['India', 'Maharashtra', 'Mumbai']",Adzuna::API::Response::Category,it-jobs,IT Jobs,19.00821,72.84415,contract,,,2026-09-28
Adzuna::API::Response::Job,2026-09-04T22:27:33Z,JOB DESCRIPTION - ANALYTICS MANAGER Location: Bangalore Department : Analytics Team : Survey Insights and Reporting About the Company: We are one of India’s premier integrated political consulting firms specializing in building data-driven 360-degree election campaigns. We help our clients with strategic advice and implementation which brings together data-backed insights and in-depth ground intelligence into a holistic electoral campaign. We are passionate about our democracy and the politics …,0,eyJhbGciOiJIUzI1NiJ9.eyJzIjoiV0hPekZ6Tzc4UkdvbU9UYmNWRkZlZyIsImkiOiI1ODcwODU3MDY3In0.X3rKgHAU3EGFcetodAoqEYhwVYdDjybfLFu2XfWiNYM,Analytics Manager,https://www.adzuna.in/land/ad/5870857067?se=WHOzFzO78RGomOTbcVFFeg&utm_medium=api&utm_source=7a21a92b&v=4E9E2223B446D220BF1BB472CF7D4A568D5F1108,,5870857067,Adzuna::API::Response::Company,Kamakhya Analytics Private Limited,Adzuna::API::Response::Location,"Bangalore, Karnataka","['India', 'Karnataka', 'Bangalore']",Adzuna::API::Response::Category,energy-oil-gas-jobs,"Energy, Oil & Gas Jobs",,,,,,2026-09-28
Adzuna::API::Response::Job,2026-09-28T02:04:23Z,"Job Summary We are seeking a skilled Data Engineer to design, build, and maintain scalable data pipelines and data infrastructure that support business intelligence, analytics, and machine learning initiatives. The ideal candidate will have experience with ETL processes, data warehousing, cloud platforms, and big data technologies. This remote role requires strong programming skills, expertise in SQL, and the ability to collaborate with data analysts, data scientists, and software engineering t…",0,eyJhbGciOiJIUzI1NiJ9.eyJzIjoiV0hPekZ6Tzc4UkdvbU9UYmNWRkZlZyIsImkiOiI1OTAwODc2NTQwIn0.y3GdyJK0M_2XBWvnG9_oFUHUljlbLvqzDPp0iSfpG9k,Data Engineer,https://www.adzuna.in/land/ad/5900876540?se=WHOzFzO78RGomOTbcVFFeg&utm_medium=api&utm_source=7a21a92b&v=5B05A3857453502D75B5DA200D45FD8F24206701,,5900876540,Adzuna::API::Response::Company,iConsultera,Adzuna::API::Response::Location,India,['India'],Adzuna::API::Response::Category,it-jobs,IT Jobs,,,,,,2026-09-28
Adzuna::API::Response::Job,2026-09-05T18:32:53Z,"Lead Data Engineer Notice period- Should be immediate only Experience -7 to 25 years Location- Hyderabad only Work mode- All 5 days' work from office CORE RESPONSIBILITIES • Hands-on delivery oversight: review pipelines, SQL, ETL/ELT logic, Spark jobs, reporting outputs and technical deliverables. • Mentor junior talent: coach data engineers, data analysts and data quality analysts through daily guidance, reviews and troubleshooting. • Data quality and controls: define validation, reconciliatio…",0,eyJhbGciOiJIUzI1NiJ9.eyJzIjoiV0hPekZ6Tzc4UkdvbU9UYmNWRkZlZyIsImkiOiI1ODcxOTkzMDQ2In0.-ojUMZmSr_XSOl4KcXM-oKruTvW1Ogn6p7wYpVTTNWo,Lead Data Engineer,https://www.adzuna.in/land/ad/5871993046?se=WHOzFzO78RGomOTbcVFFeg&utm_medium=api&utm_source=7a21a92b&v=7C384746348DF26C114FF5DE4F3A90AB3176100B,,5871993046,Adzuna::API::Response::Company,TEKsystems Global Services in India,Adzuna::API::Response::Location,"Hyderabad, Telangana","['India', 'Telangana', 'Hyderabad']",Adzuna::API::Response::Category,it-jobs,IT Jobs,17.40275,78.50806,,,,2026-09-28
Adzuna::API::Response::Job,2026-09-25T16:34:45Z,"This job is with Novartis, an inclusive employer and a member of myGwork – the largest global platform for the LGBTQ business community. Please do not contact the recruiter directly. Summary The Senior Real-World Evidence (RWE) Research Analyst is responsible for the scientific leadership and methodological oversight of observational database analytics and RWE projects. This role owns study design, protocol development, scientific interpretation, and stakeholder communication, working in close …",0,eyJhbGciOiJIUzI1NiJ9.eyJzIjoiV0hPekZ6Tzc4UkdvbU9UYmNWRkZlZyIsImkiOiI1ODk4MjYyMzMzIn0.PoZmQEVwKCW05LJ2qBZ8Yi3Ez9l-GOv3YXKS3605Z3A,Senior RWE Research Analyst,https://www.adzuna.in/land/ad/5898262333?se=WHOzFzO78RGomOTbcVFFeg&utm_medium=api&utm_source=7a21a92b&v=C72FCCF362540FC4E98FFF2E2E176F75AC9891C6,full_time,5898262333,Adzuna::API::Response::Company,Novartis,Adzuna::API::Response::Location,India,['India'],Adzuna::API::Response::Category,scientific-qa-jobs,Scientific & QA Jobs,,,,,,2026-09-28
Adzuna::API::Response::Job,2026-09-02T21:45:17Z,"Dear Candidate, We have face to face interview @ Gurgaon 5th Sep,2026 Experience : 5-10yrs Please apply if you are interested and available for in person interview. Skills: 1.Data Engineer – Python PySpark, SQL, AWS 2.Data Analyst-Power BI, SQL, Statistical skill 3.Sr. Java Engineers-Microservices, Kafka 4.Data Scientist 5.Data Modeler 6.Data Engineer – Databricks, Splunk 7.AWS DevOps Engineer 8.Smart Comm Developer",0,eyJhbGciOiJIUzI1NiJ9.eyJpIjoiNTg2NzI2MzUwNyIsInMiOiJXSE96RnpPNzhSR29tT1RiY1ZGRmVnIn0.uuLdVAWtII25lo69_f64j0QCAZ3608ggvyTXkYCPVU8,Data Engineer,https://www.adzuna.in/land/ad/5867263507?se=WHOzFzO78RGomOTbcVFFeg&utm_medium=api&utm_source=7a21a92b&v=D8AC08290284E56445A4F253FABC0AF5EE2DE3F8,,5867263507,Adzuna::API::Response::Company,Tata Consultancy Services,Adzuna::API::Response::Location,India,['India'],Adzuna::API::Response::Category,it-jobs,IT Jobs,,,,,,2026-09-28
Adzuna::API::Response::Job,2026-09-25T21:58:27Z,"The Role Position: Senior Analyst Location: Gurgaon, India Over-all experience ▪ A minimum of 3-5 years of work experience at leading analytics and business intelligence companies ▪ Extensive experience in data handling, analyses and business intelligence/insights Key responsibilities ▪Directly engage with internal and external stakeholders, gather requirements and manage communication ▪ Excellent problem-solving skillsets with the ability to interpret business requirements and translate into a…",0,eyJhbGciOiJIUzI1NiJ9.eyJzIjoiV0hPekZ6Tzc4UkdvbU9UYmNWRkZlZyIsImkiOiI1ODk4NTMzMTQwIn0.EKMhSnTH3fRLbD0l7ZZfW4JxKyMIUGvEovCI2lpocf8,ADG Senior Analyst- Data skills with Banking background,https://www.adzuna.in/land/ad/5898533140?se=WHOzFzO78RGomOTbcVFFeg&utm_medium=api&utm_source=7a21a92b&v=F829BABF6568F9BF4C9529374D868032A7FEB3F9,,5898533140,Adzuna::API::Response::Company,Essex Lake Group LLC,Adzuna::API::Response::Location,India,['India'],Adzuna::API::Response::Category,it-jobs,IT Jobs,,,,,,2026-09-28
Adzuna::API::Response::Job,2026-09-02T16:42:44Z,"Greetings from Tata Consultancy Services (TCS) What we are looking for: Azure data engineer Location : Chennai Interview Mode : F2F discussion Exp : 5 Years Design, develop, and maintain scalable data pipelines and data integration solutions using Azure cloud services. Build and manage ETL/ELT processes using Azure Data Factory (ADF), Azure Databricks, and Azure Synapse Analytics . Develop and optimize data lakes and data warehouses using Azure Data Lake Storage (ADLS), Synapse, and SQL databas…",0,eyJhbGciOiJIUzI1NiJ9.eyJzIjoiV0hPekZ6Tzc4UkdvbU9UYmNWRkZlZyIsImkiOiI1ODY3MDM2MTMxIn0.6P1FUKsRAv8zEIepjvFw5rOPOi1CIXn-Xv3bUtBVEvI,Azure data engineer - F2F discussion - Chennai,https://www.adzuna.in/land/ad/5867036131?se=WHOzFzO78RGomOTbcVFFeg&utm_medium=api&utm_source=7a21a92b&v=C48C5706049EB6DA33F6189F3349ED33FD35CA25,,5867036131,Adzuna::API::Response::Company,Tata Consultancy Services,Adzuna::API::Response::Location,"Chennai, Tamil Nadu","['India', 'Tamil Nadu', 'Chennai']",Adzuna::API::Response::Category,it-jobs,IT Jobs,13.06041,80.24963,,,,2026-09-28
Adzuna::API::Response::Job,2026-09-18T17:30:53Z,"Insight Global is seeking a Senior UI Engineer to support a strategic metadata platform migration programme for one of our premier financial services clients in Bengaluru. This initiative will bring a third-party metadata management capability in-house and integrate it into the client's proprietary Data Trust platform, creating a centralised view of market, trading venue, and exchange metadata. This is not a traditional front-end development role. The ideal candidate will be involved from the e…",0,eyJhbGciOiJIUzI1NiJ9.eyJzIjoiV0hPekZ6Tzc4UkdvbU9UYmNWRkZlZyIsImkiOiI1ODg5MjIyMjgwIn0.0f3XYbS-CvDhPRbK9tgR4Cao2gbSxr4bEUxqJ_Uduiw,Frontend Developer,https://www.adzuna.in/land/ad/5889222280?se=WHOzFzO78RGomOTbcVFFeg&utm_medium=api&utm_source=7a21a92b&v=C619CA8917BF1F8F39FB3DCACE97206B719CF0D9,,5889222280,Adzuna::API::Response::Company,Insight Global,Adzuna::API::Response::Location,"Bangalore, Karnataka","['India', 'Karnataka', 'Bangalore']",Adzuna::API::Response::Category,it-jobs,IT Jobs,,,,,,2026-09-28
Adzuna::API::Response::Job,2026-09-25T01:56:59Z,"Role Summary We are looking for a skilled Data Engineer to design, build, and maintain our core data infrastructure. In this role, you will make data clean, reliable, and accessible. You will work closely with data scientists, analysts, and product teams to power business intelligence and machine learning initiatives. Key Responsibilities Pipeline Development: Build, test, and maintain scalable ETL (Extract, Transform, Load) pipelines to move data from various sources into centralized storage. …",0,eyJhbGciOiJIUzI1NiJ9.eyJzIjoiV0hPekZ6Tzc4UkdvbU9UYmNWRkZlZyIsImkiOiI1ODk3Mjk2MDg5In0.jDcqBHGdRFzbfSrhMrGFpsIKR1EHDqNVCiXvWvztoWw,Data Engineer,https://www.adzuna.in/land/ad/5897296089?se=WHOzFzO78RGomOTbcVFFeg&utm_medium=api&utm_source=7a21a92b&v=C29CE85BF67D89A5F4B6D898975FB38052CCAA05,,5897296089,Adzuna::API::Response::Company,ConveGenius.AI,Adzuna::API::Response::Location,"Ranchi, Jharkhand","['India', 'Jharkhand', 'Ranchi']",Adzuna::API::Response::Category,it-jobs,IT Jobs,23.3718,85.36855,,,,2026-09-28
Adzuna::API::Response::Job,2026-09-18T17:27:40Z,"Greetings From TCS TCS is hiring for ETL Testing Experience - 4 to 8 years Location- Chennai Walkin Date : 19th Sep 2026 Design, plan, and execute test cases, scenarios, and scripts for ETL validation and regression testing. Verify and validate data accuracy, completeness, and consistency using ETL tools and SQL queries. Create and maintain test cases, scripts, and documentation in test management tools such as JIRA and HP ALM. Collaborate with developers, data analysts, and business stakeholde…",0,eyJhbGciOiJIUzI1NiJ9.eyJpIjoiNTg4OTIxMTcwOSIsInMiOiJXSE96RnpPNzhSR29tT1RiY1ZGRmVnIn0.mC8ZyGpcMcP26kQs1VRnZrmxgbgnB2U-ktLpDiOv1ME,ETL Specialist,https://www.adzuna.in/land/ad/5889211709?se=WHOzFzO78RGomOTbcVFFeg&utm_medium=api&utm_source=7a21a92b&v=7EEA7A7D35596FA4A845671AC8742210CBD15039,,5889211709,Adzuna::API::Response::Company,Tata Consultancy Services,Adzuna::API::Response::Location,India,['India'],Adzuna::API::Response::Category,it-jobs,IT Jobs,,,,,,2026-09-28
Adzuna::API::Response::Job,2026-09-22T17:39:57Z,"Experience : 4 to 10 years Location : Bangalore, Mumbai, Hyderabad Interview Details: Date: 26th SEP 2026 Mode: Face-to-Face (In-Person) Must-Have Skills: Design, plan, and execute test cases, scenarios, and scripts for ETL validation and regression testing. Verify and validate data accuracy, completeness, and consistency using ETL tools and SQL queries. Create and maintain test cases, scripts, and documentation in test management tools such as JIRA and HP ALM. Collaborate with developers, data…",0,eyJhbGciOiJIUzI1NiJ9.eyJzIjoiV0hPekZ6Tzc4UkdvbU9UYmNWRkZlZyIsImkiOiI1ODkzOTMwMjY4In0.Bl5FTRC8NMzw6nxxvsy8eTfssVVXn853KxwybrszpY8,ETL Specialist,https://www.adzuna.in/land/ad/5893930268?se=WHOzFzO78RGomOTbcVFFeg&utm_medium=api&utm_source=7a21a92b&v=699051DA5842C8285B883C702488A372D42901BD,,5893930268,Adzuna::API::Response::Company,Tata Consultancy Services,Adzuna::API::Response::Location,India,['India'],Adzuna::API::Response::Category,it-jobs,IT Jobs,,,,,,2026-09-28
Adzuna::API::Response::Job,2026-09-22T17:36:02Z,"Interview Details: Date: 26th SEP 2026 Mode: Face-to-Face (In-Person) Note: : If you are available for a face-to-face interview only, please share your updated resume along with your details. Job Details Location: BANAGLORE,HYDERABD,MUMBAI Experience Range: 4.5- 8 Yrs MUST SKILLS: ETL Testing Job Description Must-Have Design, plan, and execute test cases, scenarios, and scripts for ETL validation and regression testing. Verify and validate data accuracy, completeness, and consistency using ETL …",0,eyJhbGciOiJIUzI1NiJ9.eyJzIjoiV0hPekZ6Tzc4UkdvbU9UYmNWRkZlZyIsImkiOiI1ODkzOTIyNjA1In0.v_F_UVThlcKcnYKj_xuzGbCKYTQp9xXrXp6TFzNH_pc,ETL Specialist,https://www.adzuna.in/land/ad/5893922605?se=WHOzFzO78RGomOTbcVFFeg&utm_medium=api&utm_source=7a21a92b&v=9C09F93678DE2710D76B01B2A6BCC60ACAB85054,,5893922605,Adzuna::API::Response::Company,Tata Consultancy Services,Adzuna::API::Response::Location,India,['India'],Adzuna::API::Response::Category,it-jobs,IT Jobs,,,,,,2026-09-28
Adzuna::API::Response::Job,2026-09-23T15:38:33Z,"About Cambay Solutions: Cambay Solutions is a Microsoft Solutions Partner specializing in Azure, Dynamics 365, Microsoft 365, Power Platform, and Cloud Modernization. Recognized as one of the 50 Most Promising Microsoft Solutions Providers by CIO Review and certified as a Great Place to Work®, we help organizations transform their business through People, Process, and Technology. Job Summary We are seeking a highly skille d Microsoft Fabric Enginee r to design, develop, and maintain enterprise-…",0,eyJhbGciOiJIUzI1NiJ9.eyJpIjoiNTg5NTAzMDk1NyIsInMiOiJXSE96RnpPNzhSR29tT1RiY1ZGRmVnIn0.YDeqesIT_LF4xDFGg09CkyKA7nMx8BsJKxNCQOTUTJ4,Microsoft Fabric Engineer,https://www.adzuna.in/land/ad/5895030957?se=WHOzFzO78RGomOTbcVFFeg&utm_medium=api&utm_source=7a21a92b&v=2F25D7BC6E18ECF3CB3CAECF33A49CC3B12BFA23,,5895030957,Adzuna::API::Response::Company,Cambay Solutions,Adzuna::API::Response::Location,India,['India'],Adzuna::API::Response::Category,it-jobs,IT Jobs,,,,,,2026-09-28
Adzuna::API::Response::Job,2026-09-28T07:41:06Z,"Project Description: We are seeking a highly experienced Senior Data Engineer to design, develop, and optimize enterprise-scale data platforms using modern cloud technologies. The role involves building robust ELT pipelines, scalable data models, and analytics-ready datasets leveraging Snowflake, Azure Data Factory (ADF), DBT, Python, and SQL. The ideal candidate will play a key role in enabling data-driven decision making by delivering high-quality, governed, and performant data solutions. Res…",0,eyJhbGciOiJIUzI1NiJ9.eyJpIjoiNTkwMTEzNzY2NyIsInMiOiJXSE96RnpPNzhSR29tT1RiY1ZGRmVnIn0.Zw9QzNuvrrHP2PsqMsBYuqhRVpe8xD1T8FNGrO2scbs,Senior Data Engineer (immediate joiner),https://www.adzuna.in/land/ad/5901137667?se=WHOzFzO78RGomOTbcVFFeg&utm_medium=api&utm_source=7a21a92b&v=A9EA94E75E94AA1FAD5F5E2AE9B4A80DFA028C5C,,5901137667,Adzuna::API::Response::Company,Luxoft,Adzuna::API::Response::Location,India,['India'],Adzuna::API::Response::Category,it-jobs,IT Jobs,,,,,,2026-09-28
Adzuna::API::Response::Job,2026-09-19T17:33:09Z,"About Position: We are seeking a skilled GCP Data Engineer with 3 to 5 years of experience in designing, developing, and maintaining scalable data solutions on Google Cloud Platform (GCP). The ideal candidate will have strong expertise in cloud-native data engineering, ETL/ELT pipeline development, Python programming, and data warehousing technologies. You will play a key role in building reliable and efficient data platforms that support analytics, reporting, and business intelligence initiati…",0,eyJhbGciOiJIUzI1NiJ9.eyJpIjoiNTg5MDYxMjQyNiIsInMiOiJXSE96RnpPNzhSR29tT1RiY1ZGRmVnIn0.pxEoiFrlVMiyUezVsFxDhhRoUglWJRZSPbMeC2fnYE8,Data Engineer,https://www.adzuna.in/land/ad/5890612426?se=WHOzFzO78RGomOTbcVFFeg&utm_medium=api&utm_source=7a21a92b&v=3A8EEEF9B8B4180278576794823CD1AF3FDD8BED,full_time,5890612426,Adzuna::API::Response::Company,Persistent Systems,Adzuna::API::Response::Location,India,['India'],Adzuna::API::Response::Category,it-jobs,IT Jobs,,,,,,2026-09-28
Adzuna::API::Response::Job,2026-09-23T19:39:59Z,"About us: We are a highly successful 190-year-old, Fortune 500 commercial property insurance company of 6,000 employees with a unique focus on science and risk engineering. Businesses worldwide trust our expertise to protect their assets, relying on our comprehensive risk assessments and robust, engineering-based insurance solutions to safeguard against fire, natural disasters, and other perils. Serving over a quarter of the Fortune 500 and major corporations globally, we deliver data-driven st…",0,eyJhbGciOiJIUzI1NiJ9.eyJzIjoiV0hPekZ6Tzc4UkdvbU9UYmNWRkZlZyIsImkiOiI1ODk1MjM5MTQyIn0.MQfPrOZG1fpVbRKZMrQCjSc75cmEPwkzwohJBuZgsG0,Senior Data Engineer [T500-29515],https://www.adzuna.in/land/ad/5895239142?se=WHOzFzO78RGomOTbcVFFeg&utm_medium=api&utm_source=7a21a92b&v=66E7F66154E57C0A88E257387CA4E5B4DED971FB,,5895239142,Adzuna::API::Response::Company,FM,Adzuna::API::Response::Location,"Bangalore, Karnataka","['India', 'Karnataka', 'Bangalore']",Adzuna::API::Response::Category,it-jobs,IT Jobs,,,,,,2026-09-28
Adzuna::API::Response::Job,2026-09-04T16:57:28Z,"Job Title: Data Engineer-AWS Experience: 2–3 Years Location: Pune Work Mode: Work from Office-Pune About the Role We are seeking a Junior Data Engineer with 2 to 3 years of experience to join our growing team in Pune. In this role, you will work alongside senior engineers to build, optimise, and maintain data pipelines, write efficient SQL queries, and utilise AWS cloud services to enable data processing and analytics across the organisation. Key Responsibilities Assist in developing, testing, …",0,eyJhbGciOiJIUzI1NiJ9.eyJpIjoiNTg3MDUyNzQ2NCIsInMiOiJMSUh1R0RPNzhSRzNqcEN2OXhwV21BIn0.7ukcHmNRIe8zdgwFHqDTPzKu8VQH7LNhxBwcNcX8mH4,Data Engineer,https://www.adzuna.in/land/ad/5870527464?se=LIHuGDO78RG3jpCv9xpWmA&utm_medium=api&utm_source=7a21a92b&v=0B6608796342581E1F75E76CBFA752ADFD2A0010,,5870527464,Adzuna::API::Response::Company,Recro,Adzuna::API::Response::Location,India,['India'],Adzuna::API::Response::Category,it-jobs,IT Jobs,,,,,,2026-09-28
Adzuna::API::Response::Job,2026-09-25T15:23:59Z,"Company overview: PEP is a dynamic personal care company that proudly houses two innovative brands – mCaffeine & Hyphen . With a passion for creating high-performance, conscious, and consumer-loved products, we are redefining the way personal care is experienced. While mCaffeine is India’s first caffeinated personal care brand, loved for its energizing and playful approach, Hyphen is built on the philosophy of simplifying skincare through science-backed formulations. Together, our brands reflec…",0,eyJhbGciOiJIUzI1NiJ9.eyJpIjoiNTg5ODEyOTU1MSIsInMiOiJMSUh1R0RPNzhSRzNqcEN2OXhwV21BIn0.mfQixxSBY0gS4h_21MQ1XMT72nBrhz-wc5gZhx3cFHM,Data Engineer,https://www.adzuna.in/land/ad/5898129551?se=LIHuGDO78RG3jpCv9xpWmA&utm_medium=api&utm_source=7a21a92b&v=100C3D6B0FA3BDEC21B470D3BE1F3A95A4FF7D0C,,5898129551,Adzuna::API::Response::Company,mCaffeine,Adzuna::API::Response::Location,"Mumbai, Maharashtra","['India', 'Maharashtra', 'Mumbai']",Adzuna::API::Response::Category,it-jobs,IT Jobs,19.00821,72.84415,,,,2026-09-28
Adzuna::API::Response::Job,2026-09-28T07:36:02Z,"Greetings of the day, We have an urgent opening for a permanent position with one of our direct clients. Please find the job and company details below and let me know your availability for this opportunity. Position: Data Analytics Engineer Location: Bangalore Experience: 3 Years Work Mode: Hybrid Notice Period: Immediate joiners preferred Employment Type: Permanent Mandatory Skills 3 years of relevant experience as a Data Analytics Engineer . Strong hands-on experience with SQL . Strong experi…",0,eyJhbGciOiJIUzI1NiJ9.eyJzIjoiTElIdUdETzc4UkczanBDdjl4cFdtQSIsImkiOiI1OTAxMTM0Mjg0In0.CryFDFwi0R0VfzjOIfiE76GOvp3xihHjKuyqEHdQ1Ps,Data Analytics Engineer,https://www.adzuna.in/land/ad/5901134284?se=LIHuGDO78RG3jpCv9xpWmA&utm_medium=api&utm_source=7a21a92b&v=55EAA25A992682C550B05111B2952716BDAE6119,,5901134284,Adzuna::API::Response::Company,Dinoxo,Adzuna::API::Response::Location,"Bangalore, Karnataka","['India', 'Karnataka', 'Bangalore']",Adzuna::API::Response::Category,it-jobs,IT Jobs,,,permanent,,,2026-09-28
Adzuna::API::Response::Job,2026-08-18T18:03:42Z,"This job is with Wise, an inclusive employer and a member of myGwork – the largest global platform for the LGBTQ business community. Please do not contact the recruiter directly. Wise is a global technology company, building the best way to move and manage the world’s money. Min fees. Max ease. Full speed. Whether people and businesses are sending money to another country, spending abroad, or making and receiving international payments, Wise is on a mission to make their lives easier and save t…",0,eyJhbGciOiJIUzI1NiJ9.eyJpIjoiNTg0NjcyMzYzOSIsInMiOiJMSUh1R0RPNzhSRzNqcEN2OXhwV21BIn0.nT1xvY5iHjnGFkKgGLibGnaK9_BLjrLjKj19ZcOTPZw,Senior People Analyst,https://www.adzuna.in/land/ad/5846723639?se=LIHuGDO78RG3jpCv9xpWmA&utm_medium=api&utm_source=7a21a92b&v=36A1DC37A199ACB77D77BBBCF743B72B5A52395F,full_time,5846723639,Adzuna::API::Response::Company,Wise,Adzuna::API::Response::Location,"Hyderabad, Telangana","['India', 'Telangana', 'Hyderabad']",Adzuna::API::Response::Category,it-jobs,IT Jobs,17.40275,78.50806,,,,2026-09-28
Adzuna::API::Response::Job,2026-09-11T17:13:30Z,"Job Title: Senior Data Engineer – Data Analytics Location: Hyderabad Function: Data Analytics / Business Intelligence Role Overview: We are seeking a Senior Data Engineer – Data Analytics to lead the organization’s analytics strategy and enable data driven decision making across the enterprise. This role will drive advanced analytics and BI initiatives, partner with business and IT leaders, and ensure scalable, secure, and compliant analytics solutions. Key Responsibilities: Define and execute …",0,eyJhbGciOiJIUzI1NiJ9.eyJpIjoiNTg3OTY2NDg1NiIsInMiOiJMSUh1R0RPNzhSRzNqcEN2OXhwV21BIn0.kylYFIeY1iwc1InyCX7Z20uraWIivNYc0X1dLy0TKuc,Senior Data Engineer,https://www.adzuna.in/land/ad/5879664856?se=LIHuGDO78RG3jpCv9xpWmA&utm_medium=api&utm_source=7a21a92b&v=756A6D8C2AAA53628A9BE32BCE0D23C25866D269,,5879664856,Adzuna::API::Response::Company,Latinem Private Limited,Adzuna::API::Response::Location,"Hyderabad, Telangana","['India', 'Telangana', 'Hyderabad']",Adzuna::API::Response::Category,it-jobs,IT Jobs,17.40275,78.50806,,,,2026-09-28
Adzuna::API::Response::Job,2026-09-25T15:21:15Z,"Python Backend Consultant (Data Engineering & Data Pipelines) Employment Type: 6–12-month contract Experience Level: Mid-Level to Senior-Level Pay: $15-$22/hr USD Job Summary BCI is seeking a skilled contract Python Backend Developer to design, develop, and maintain scalable backend systems and data pipelines. Please note: This will be a 6-12 month contract. The ideal candidate will have strong experience in Python, integrating data from multiple sources, and developing reliable, high-performan…",0,eyJhbGciOiJIUzI1NiJ9.eyJzIjoiTElIdUdETzc4UkczanBDdjl4cFdtQSIsImkiOiI1ODk4MTI2MzkzIn0.awk17WAzwixHouJUu5o_vuIUBl5ByKKceuUnf3OkpGk,Python Backend Consultant (Data Engineering & Data Pipelines),https://www.adzuna.in/land/ad/5898126393?se=LIHuGDO78RG3jpCv9xpWmA&utm_medium=api&utm_source=7a21a92b&v=142A74285B5760DDF4122FAD4B8AF5F7F678A4B9,,5898126393,Adzuna::API::Response::Company,BCI~IT,Adzuna::API::Response::Location,"Noida, Ghaziabad","['India', 'Uttar Pradesh', 'Ghaziabad', 'Noida']",Adzuna::API::Response::Category,it-jobs,IT Jobs,28.56579,77.3225,contract,,,2026-09-28
Adzuna::API::Response::Job,2026-09-08T14:40:42Z,"Data Engineer – Databricks Job Overview We are looking for an experienced Data Engineer with strong expertise in Databricks to design, develop, and optimize scalable data pipelines and modern data platforms. The ideal candidate will have hands-on experience with big data technologies, cloud platforms, and ETL/ELT processes , with a strong focus on building reliable, high-quality data solutions that support analytics and business intelligence initiatives. The Data Engineer will collaborate close…",0,eyJhbGciOiJIUzI1NiJ9.eyJzIjoiTElIdUdETzc4UkczanBDdjl4cFdtQSIsImkiOiI1ODc1NDE5NjgwIn0.56xpqOxIRpsbIwX8B33rIHP6RZ_foMt5WqC-NAfgxg8,Senior Data Engineer – Databricks,https://www.adzuna.in/land/ad/5875419680?se=LIHuGDO78RG3jpCv9xpWmA&utm_medium=api&utm_source=7a21a92b&v=584F821799B5C7C07907C550819F096A54E569D9,,5875419680,Adzuna::API::Response::Company,"Aspire, Jordan",Adzuna::API::Response::Location,India,['India'],Adzuna::API::Response::Category,it-jobs,IT Jobs,,,,,,2026-09-28
Adzuna::API::Response::Job,2026-09-08T18:42:04Z,Job Title - HR Analytics Department HR Analytics Employment Type Full-Time Location : Chennai (WFH) Shift : 6.30 pm to 3.30 am Department : HR Analytics Role Summary We are seeking an experienced Senior HR Data Analyst to join our HR Analytics . The Senior Data Analyst will serve as a key subject matter expert in translating complex workforce data into actionable business insights. The ideal candidate will possess expertise in Workday report Writing paired with Advanced Excel data modelling cap…,0,eyJhbGciOiJIUzI1NiJ9.eyJzIjoiTElIdUdETzc4UkczanBDdjl4cFdtQSIsImkiOiI1ODc1NjAyNzU3In0.1vbBShDHlAj07BLPz0AoCSD8TqfD2JQpni1s0Ovc7h8,HR Analytics- Workday,https://www.adzuna.in/land/ad/5875602757?se=LIHuGDO78RG3jpCv9xpWmA&utm_medium=api&utm_source=7a21a92b&v=0DDA4C70BF1E3738AB9D97D501C35134FE42A867,full_time,5875602757,Adzuna::API::Response::Company,Sutherland,Adzuna::API::Response::Location,India,['India'],Adzuna::API::Response::Category,it-jobs,IT Jobs,,,,,,2026-09-28
Adzuna::API::Response::Job,2026-09-24T15:18:21Z,"Job Description – Microsoft Data Engineer Job Title: Microsoft Data Engineer Location: Hydrabad Employment Type: Full-Time Role Overview We are looking for a Microsoft Data Engineer with Minimum 7 Years exp, with strong hands-on experience in Microsoft Fabric, OneLake, PySpark, Python, and SQL . The ideal candidate will be responsible for building and optimizing modern data pipelines, data platforms, and analytics solutions using Microsoft’s data ecosystem. Key Responsibilities Design, develop,…",0,eyJhbGciOiJIUzI1NiJ9.eyJpIjoiNTg5NjYxMzYzMiIsInMiOiJMSUh1R0RPNzhSRzNqcEN2OXhwV21BIn0.-hluKAvCD4lnEY9Ucfcf_9UC_YqHVH_EK8bcx89byCA,Data Engineer,https://www.adzuna.in/land/ad/5896613632?se=LIHuGDO78RG3jpCv9xpWmA&utm_medium=api&utm_source=7a21a92b&v=110BC426C240E75E2D678D8C8324C7DDE0F2396A,full_time,5896613632,Adzuna::API::Response::Company,Ascendion,Adzuna::API::Response::Location,"Hyderabad, Telangana","['India', 'Telangana', 'Hyderabad']",Adzuna::API::Response::Category,it-jobs,IT Jobs,17.40275,78.50806,,,,2026-09-28
Adzuna::API::Response::Job,2026-09-28T02:03:14Z,"KPI Partners is seeking a skilled and experienced Project Manager specializing in Data Migration to join our dynamic team. As a Project Manager, you will be responsible for planning, executing, and delivering data migration projects on time and within scope. You will work closely with cross-functional teams, stakeholders, and clients to ensure successful implementation and adherence to best practices in data management. Job Title : Project Manager Location: Hybrid – Hyderabad/Bangalore/Pune Exp…",0,eyJhbGciOiJIUzI1NiJ9.eyJzIjoiTElIdUdETzc4UkczanBDdjl4cFdtQSIsImkiOiI1OTAwODc1NzY4In0.j2i6Phx6NifvSwk0MeNdIJAV4zXunJdWghHnLVr4w0A,Technical Project Manager,https://www.adzuna.in/land/ad/5900875768?se=LIHuGDO78RG3jpCv9xpWmA&utm_medium=api&utm_source=7a21a92b&v=AEFEAF2D603598832C785035E27F1F9E23117AC3,full_time,5900875768,Adzuna::API::Response::Company,KPI Partners,Adzuna::API::Response::Location,"Hyderabad, Telangana","['India', 'Telangana', 'Hyderabad']",Adzuna::API::Response::Category,it-jobs,IT Jobs,17.40275,78.50806,,,,2026-09-28
Adzuna::API::Response::Job,2026-09-27T01:57:37Z,"KPI Partners is seeking a skilled and experienced Project Manager specializing in Data Migration to join our dynamic team. As a Project Manager, you will be responsible for planning, executing, and delivering data migration projects on time and within scope. You will work closely with cross-functional teams, stakeholders, and clients to ensure successful implementation and adherence to best practices in data management. Job Title : Project Manager Location: Hybrid – Hyderabad/Bangalore/Pune Exp…",0,eyJhbGciOiJIUzI1NiJ9.eyJzIjoiTElIdUdETzc4UkczanBDdjl4cFdtQSIsImkiOiI1ODk5OTc1Njk5In0.G1QiIGj2E_lsK6BF-bBjb4ZjZF8un0mT9J_Z3NZ12ck,Technical Project Manager,https://www.adzuna.in/land/ad/5899975699?se=LIHuGDO78RG3jpCv9xpWmA&utm_medium=api&utm_source=7a21a92b&v=24F48EE2A46FB7E5AFA5E89BEBDFCE8B04313390,full_time,5899975699,Adzuna::API::Response::Company,KPI Partners,Adzuna::API::Response::Location,"Bangalore, Karnataka","['India', 'Karnataka', 'Bangalore']",Adzuna::API::Response::Category,it-jobs,IT Jobs,,,,,,2026-09-28
Adzuna::API::Response::Job,2026-09-18T23:25:24Z,"Job Title: Technical Project Manager (Data) Primary Skill: SQL, Datawarehouse, Azure tech stack – Azure Data Factory (ADF), Databricks, Synapse Location: Hyderabad Experience: 12-15 years Role: Data Technical Project Manager We are looking for an experienced Data Technical Project Manager with strong expertise in Data Engineering, Databricks, Agile/Scrum, and end-to-end project delivery. The candidate will be responsible for managing data projects, coordinating cross-functional technical teams,…",0,eyJhbGciOiJIUzI1NiJ9.eyJzIjoiTElIdUdETzc4UkczanBDdjl4cFdtQSIsImkiOiI1ODg5Njg0OTAxIn0.0TGT57eq5kRBg1DUdOPL7E1K10bG1CObTQZjBa6O_gQ,Technical Project Manager - Data,https://www.adzuna.in/land/ad/5889684901?se=LIHuGDO78RG3jpCv9xpWmA&utm_medium=api&utm_source=7a21a92b&v=4474728E278F8D592E17A8204AC86EEA6CDB136A,,5889684901,Adzuna::API::Response::Company,ValueMomentum,Adzuna::API::Response::Location,"Hyderabad, Telangana","['India', 'Telangana', 'Hyderabad']",Adzuna::API::Response::Category,it-jobs,IT Jobs,17.40275,78.50806,,,,2026-09-28
Adzuna::API::Response::Job,2026-09-01T16:20:30Z,"Role - Azure Data Engineer Mandatory Skill - Azure Data Factory, DBT, Snowflake Experience range - 5-8 yrs Location- Noida, Gurgaon, Pune, Bangalore, Hyderabad, Chennai Job Description: Key Responsibilities : o Design and develop ETL/ELT pipelines using Azure Data Factory, Snowflake, and DBT. o Build and maintain data integration workflows from various data sources to Snowflake. o Write efficient and optimized SQL queries for data extraction and transformation. o Work with stakeholders to under…",0,eyJhbGciOiJIUzI1NiJ9.eyJpIjoiNTg2NDQyNDk3NSIsInMiOiJMSUh1R0RPNzhSRzNqcEN2OXhwV21BIn0.Mq7Vt4McS7jUvUGefsfwu9UoucnLwWGe-Yp7nSGL8rk,Azure Data Engineer,https://www.adzuna.in/land/ad/5864424975?se=LIHuGDO78RG3jpCv9xpWmA&utm_medium=api&utm_source=7a21a92b&v=163261631D27D6F7FA1472B3419BDD9177EDCB52,,5864424975,Adzuna::API::Response::Company,EXL,Adzuna::API::Response::Location,"Noida, Ghaziabad","['India', 'Uttar Pradesh', 'Ghaziabad', 'Noida']",Adzuna::API::Response::Category,it-jobs,IT Jobs,28.56579,77.3225,,,,2026-09-28
Adzuna::API::Response::Job,2026-09-24T01:47:23Z,"Job Summary We are looking for a highly analytical Data Analyst with strong hands-on experience in The ideal candidate should have practical expertise working directly within Adobe Analytics Workspace and Report Builder , using the platform to answer business questions through data analysis and insights. This role requires someone who understands how to identify the right metrics, dimensions, segments, and calculated metrics within Adobe Analytics—not just someone who works with data after it h…",0,eyJhbGciOiJIUzI1NiJ9.eyJzIjoiTElIdUdETzc4UkczanBDdjl4cFdtQSIsImkiOiI1ODk1NTk5NjA2In0.0CiUQfdJ5HKiW6BYsdxTHANsLgyEiw0Xsv8u4q7R8Vw,Senior Marketing Analyst,https://www.adzuna.in/land/ad/5895599606?se=LIHuGDO78RG3jpCv9xpWmA&utm_medium=api&utm_source=7a21a92b&v=BD78E7CDC8AD788AE936B19B1308D60BBDF3693E,,5895599606,Adzuna::API::Response::Company,Selections HR Services Private Limited,Adzuna::API::Response::Location,India,['India'],Adzuna::API::Response::Category,it-jobs,IT Jobs,,,,,,2026-09-28
Adzuna::API::Response::Job,2026-09-28T02:03:17Z,"Design, build, and maintain scalable and efficient data pipelines using Databricks. Integrate data from various sources (for eg. Azure storage account, SFTP, Fabric) using Apache Spark within Databricks. Implement processes and checks to ensure the accuracy and completeness of data. Work closely with data owners, analysts, and other stakeholders to understand data requirements and deliver solutions. Monitor data pipelines for issues and resolve them promptly to maintain data flow integrity. Exp…",0,eyJhbGciOiJIUzI1NiJ9.eyJzIjoiTElIdUdETzc4UkczanBDdjl4cFdtQSIsImkiOiI1OTAwODc1NzgzIn0.ngSqqu7w3WH9tPPWc4SST-AKaJ-IGZy8BFB0axbOZPc,Senior Azure Databricks Engineer,https://www.adzuna.in/land/ad/5900875783?se=LIHuGDO78RG3jpCv9xpWmA&utm_medium=api&utm_source=7a21a92b&v=363A3970F11EE21A3852DE71E39BAD619E7593CA,,5900875783,Adzuna::API::Response::Company,Tata Consultancy Services,Adzuna::API::Response::Location,India,['India'],Adzuna::API::Response::Category,it-jobs,IT Jobs,,,,,,2026-09-28
Adzuna::API::Response::Job,2026-09-02T21:45:19Z,"About your new company Collegedunia is an education portal, matching students with the best colleges in India abroad. We help in college research, exam prep tips, application process & also provide insights on-campus life. Launched in 2014, we are the highest ranked portal by Similar Web in education. We have also been awarded as - Best Educational Portal by IAMAI in 2017, and listed by TechinAsia as Top 100 Startups in Asia. Collegedunia is fuelled by the energy of over a 1000 individuals havi…",0,eyJhbGciOiJIUzI1NiJ9.eyJzIjoiTElIdUdETzc4UkczanBDdjl4cFdtQSIsImkiOiI1ODY3MjYzNjAzIn0.rubYKvJKmI_NnyV2h7xHN6Ce2xfVbyqmtsZtpSr7xxw,Content Writer,https://www.adzuna.in/land/ad/5867263603?se=LIHuGDO78RG3jpCv9xpWmA&utm_medium=api&utm_source=7a21a92b&v=32E17D406CECC89A294421368659C9AB781DB739,,5867263603,Adzuna::API::Response::Company,Collegedunia,Adzuna::API::Response::Location,India,['India'],Adzuna::API::Response::Category,pr-advertising-marketing-jobs,"PR, Advertising & Marketing Jobs",,,,,,2026-09-28
Adzuna::API::Response::Job,2026-08-18T18:03:42Z,"This job is with Deutsche Bank, an inclusive employer and a member of myGwork – the largest global platform for the LGBTQ business community. Please do not contact the recruiter directly. Position Overview Role Description The Product Reference Data Service team sits within Operations Reference Data Services and is responsible for providing accurate and timely product reference data for the Bank. pRDS provides product data for all divisions of the Bank (IB/CB/PB) and deals with stakeholder acro…",0,eyJhbGciOiJIUzI1NiJ9.eyJpIjoiNTg0NjcyMzYwOSIsInMiOiJMSUh1R0RPNzhSRzNqcEN2OXhwV21BIn0.c2fuCoowMY4KYLjv9uJemc1C_2YmcTA7otGHRpUhmLE,"Product Analyst – Operations Reference Data, AVP",https://www.adzuna.in/land/ad/5846723609?se=LIHuGDO78RG3jpCv9xpWmA&utm_medium=api&utm_source=7a21a92b&v=063156DD23150BBCAF81505F2DE895A6040C5342,full_time,5846723609,Adzuna::API::Response::Company,Deutsche Bank,Adzuna::API::Response::Location,"Bangalore, Karnataka","['India', 'Karnataka', 'Bangalore']",Adzuna::API::Response::Category,it-jobs,IT Jobs,12.95703,77.59837,,,,2026-09-28
Adzuna::API::Response::Job,2026-09-01T16:23:00Z,"Job Description Eucloid is looking for a Lead Data Engineer to join our Data Platform team supporting various business applications. The ideal candidate will support development of data infrastructure for our clients by participating in activities which may include starting from up- stream and down-stream technology selection to designing and building of different components. Candidate will also involve in projects like integrating data from various sources, managing big data pipelines that are…",0,eyJhbGciOiJIUzI1NiJ9.eyJzIjoiTElIdUdETzc4UkczanBDdjl4cFdtQSIsImkiOiI1ODY0NDM5OTE2In0.UA8pY094bf2qCWgj7FGtoLb6Dz8DvfB-jC5jHslmof8,LEAD DATA ENGINEER,https://www.adzuna.in/land/ad/5864439916?se=LIHuGDO78RG3jpCv9xpWmA&utm_medium=api&utm_source=7a21a92b&v=2B52CFE98AC872D40CE4AD16C7E86182B8A61F4D,,5864439916,Adzuna::API::Response::Company,Eucloid Data Solutions,Adzuna::API::Response::Location,"Chennai, Tamil Nadu","['India', 'Tamil Nadu', 'Chennai']",Adzuna::API::Response::Category,it-jobs,IT Jobs,13.06041,80.24963,,,,2026-09-28
Adzuna::API::Response::Job,2026-09-25T15:24:11Z,"Position: Solution Intelligence Analyst II Roles and Responsibilities : SIA II are primarily the Owners and key executors on analytics work stream of a project where they are required to interact with client, collect data, perform analysis with team and prepare implementation blueprints. SIA II would manage the work of BAs ensuring quality and providing direction if needed. They are expected to structure complex problems for the team and drive the analysis in the right direction. They will be c…",0,eyJhbGciOiJIUzI1NiJ9.eyJpIjoiNTg5ODEyOTg3MSIsInMiOiJMSUh1R0RPNzhSRzNqcEN2OXhwV21BIn0.8M4oMeNTSlgVqSSJenheV6XWGaJctjF8LEFz8q7zRw8,Solution Intelligence Analyst II- Data skills with Banking background,https://www.adzuna.in/land/ad/5898129871?se=LIHuGDO78RG3jpCv9xpWmA&utm_medium=api&utm_source=7a21a92b&v=7C9087BE7DAEBD0E6FF36F8D168E395098D3FC83,,5898129871,Adzuna::API::Response::Company,Essex Lake Group LLC,Adzuna::API::Response::Location,India,['India'],Adzuna::API::Response::Category,consultancy-jobs,Consultancy Jobs,,,,,,2026-09-28
Adzuna::API::Response::Job,2026-09-13T17:17:16Z,"As a Fund Manager, you will be responsible for managing investment portfolios, analyzing market trends, and making informed investment decisions. Your role is crucial in driving the performance of the funds under your management, and you will play a key part in maintaining and enhancing client relationships. The ideal candidate has a strong analytical mindset, a deep passion for investing, and is ultra-competitive in a positive team context. Key responsibilities: Develop and implement effective…",0,eyJhbGciOiJIUzI1NiJ9.eyJpIjoiNTg4MjU4OTIyMCIsInMiOiJMSUh1R0RPNzhSRzNqcEN2OXhwV21BIn0.5s36Xee63ee7LdGTQ4x4B-yChMWqUYDMD_6tJ5Rsdzc,Equity Fund Manager,https://www.adzuna.in/land/ad/5882589220?se=LIHuGDO78RG3jpCv9xpWmA&utm_medium=api&utm_source=7a21a92b&v=EB71A7C715FE183638D321F788FF1052C91E0ADF,,5882589220,Adzuna::API::Response::Company,Taurus Mutual Fund,Adzuna::API::Response::Location,India,['India'],Adzuna::API::Response::Category,accounting-finance-jobs,Accounting & Finance Jobs,,,,,,2026-09-28
Adzuna::API::Response::Job,2024-05-10T07:38:46Z,Immediate requirement for the post of Data Analyst on rotation Shift (Male or Female). Persons only willing to work in both shifts need to apply.careers.coretechgmail.comorplease contact 9.4.nine.6.8.1.5.6.3.0,0,eyJhbGciOiJIUzI1NiJ9.eyJpIjoiNDY4NjcwNDIzOCIsInMiOiJMSUh1R0RPNzhSRzNqcEN2OXhwV21BIn0.shyv44WtotGeq1X0ZFmpYQGGc-xH3515hJIG7qpzM9M,Data Analyst,https://www.adzuna.in/details/4686704238?utm_medium=api&utm_source=7a21a92b,,4686704238,Adzuna::API::Response::Company,,Adzuna::API::Response::Location,"Thiruvananthapuram, Kerala","['India', 'Kerala', 'Thiruvananthapuram']",Adzuna::API::Response::Category,it-jobs,IT Jobs,8.38159,77.0037,,,,2026-09-28
Adzuna::API::Response::Job,2026-09-17T18:26:24Z,"This job is with eBay, an inclusive employer and a member of myGwork – the largest global platform for the LGBTQ business community. Please do not contact the recruiter directly. At eBay, we're more than a global ecommerce leader - we're changing the way the world shops and sells. Our platform empowers millions of buyers and sellers in more than 190 markets around the world. We're committed to pushing boundaries and leaving our mark as we reinvent the future of ecommerce for enthusiasts. Our cu…",0,eyJhbGciOiJIUzI1NiJ9.eyJpIjoiNTg4NzcwNzAyMiIsInMiOiJMSUh1R0RPNzhSRzNqcEN2OXhwV21BIn0.FP30Ohr6g4Kg6uLw_FFiRITxtNUPXSJJb1ZlgsE9Ik4,Data Development platform engineer,https://www.adzuna.in/land/ad/5887707022?se=LIHuGDO78RG3jpCv9xpWmA&utm_medium=api&utm_source=7a21a92b&v=CE59129E556A1BF37D8544792E85F6E61CA32C8B,full_time,5887707022,Adzuna::API::Response::Company,eBay,Adzuna::API::Response::Location,"Bangalore, Karnataka","['India', 'Karnataka', 'Bangalore']",Adzuna::API::Response::Category,it-jobs,IT Jobs,,,,,,2026-09-28
Adzuna::API::Response::Job,2026-09-21T23:44:50Z,"Job Description: Administer and manage Fabric capacities, workspaces, permissions, and tenant wide settings Define and implement standards, guardrails, and usage models for Fabric in alignment with IT governance Manage access control, data segregation, and role concepts across Fabric workspaces and environments Monitor platform usage, performance, and costs, and proactively optimize capacities and workloads Support integration of Fabric with existing enterprise systems, data sources, and platfo…",0,eyJhbGciOiJIUzI1NiJ9.eyJpIjoiNTg5MzA1NzI3MSIsInMiOiJMSUh1R0RPNzhSRzNqcEN2OXhwV21BIn0.D4VpHkiip5N-owwNM-w7lf2YnVAWZRbV8fE0olktWjk,Data Analyst,https://www.adzuna.in/details/5893057271?utm_medium=api&utm_source=7a21a92b,,5893057271,Adzuna::API::Response::Company,Acme Services Private Limited,Adzuna::API::Response::Location,"Bazargate, Mumbai","['India', 'Maharashtra', 'Mumbai', 'Bazargate']",Adzuna::API::Response::Category,it-jobs,IT Jobs,18.94206,72.83544,,1000000.0,2000000.0,2026-09-28
Adzuna::API::Response::Job,2026-09-22T14:32:07Z,"Job Description Job Purpose & Dimensions Ensure global master data is being maintained on a highest quality level throughout their lifecycle. Define and continuously improve and implement measures, processes and tools to control global master data consistency and enhance existing tools. Core Responsibilities Maintain and govern master data across SCM systems, ensuring data quality, consistency, and compliance with governance standards. Ensure adherence to Master Data Governance (MDG) standards,…",0,eyJhbGciOiJIUzI1NiJ9.eyJpIjoiNTg5Mzc0NjU0NiIsInMiOiJMSUh1R0RPNzhSRzNqcEN2OXhwV21BIn0.APKvvLOOW36qrFvwO0xW7tGgdDUp3peviT2xSKhXECg,Data Analyst,https://www.adzuna.in/details/5893746546?utm_medium=api&utm_source=7a21a92b,,5893746546,Adzuna::API::Response::Company,Renesas Electronics,Adzuna::API::Response::Location,"Bangalore, Karnataka","['India', 'Karnataka', 'Bangalore']",Adzuna::API::Response::Category,it-jobs,IT Jobs,,,,,,2026-09-28
Adzuna::API::Response::Job,2026-07-29T20:47:45Z,"Responsibilities Ability to work on low complexity projects independently (Data Validation, Data Delivery &Tabulation/Data Outputs) Understand client requirement specifications and ensure to deliver them in time Organizing and shaping the data through the internal standards Escalate problems to manager for assistance as needed Experience 2-5 years of work experience in market research or equivalent. Knowledge & Skill Knowledge in Microsoft Office(Excel, Word and powerPoint). Knowledge of SPSS K…",0,eyJhbGciOiJIUzI1NiJ9.eyJpIjoiNTgxOTg3MzYzOCIsInMiOiJMSUh1R0RPNzhSRzNqcEN2OXhwV21BIn0.CcP0N-6Y5iCNFe2x5N5zyOJniwjPQFncm5HskJt28V8,Data Analyst/ Senior Data Analyst,https://www.adzuna.in/details/5819873638?utm_medium=api&utm_source=7a21a92b,full_time,5819873638,Adzuna::API::Response::Company,Dynata,Adzuna::API::Response::Location,"Noida, Ghaziabad","['India', 'Uttar Pradesh', 'Ghaziabad', 'Noida']",Adzuna::API::Response::Category,it-jobs,IT Jobs,28.56579,77.3225,,,,2026-09-28
Adzuna::API::Response::Job,2026-09-12T08:31:36Z,"This job is with Wise, an inclusive employer and a member of myGwork – the largest global platform for the LGBTQ business community. Please do not contact the recruiter directly. Wise is a global technology company, building the best way to move and manage the world’s money. Min fees. Max ease. Full speed. Whether people and businesses are sending money to another country, spending abroad, or making and receiving international payments, Wise is on a mission to make their lives easier and save t…",0,eyJhbGciOiJIUzI1NiJ9.eyJpIjoiNTg4MDUyMzc2NyIsInMiOiJMSUh1R0RPNzhSRzNqcEN2OXhwV21BIn0.wCEL-MG8eblSJ8m5gO-A-xWPA8zToeUjtvM2WNh37mU,Staff Backend Engineer,https://www.adzuna.in/land/ad/5880523767?se=LIHuGDO78RG3jpCv9xpWmA&utm_medium=api&utm_source=7a21a92b&v=19D202C3C6F1F5691A8ADF7CC017C85F6D5A9F8E,full_time,5880523767,Adzuna::API::Response::Company,Wise,Adzuna::API::Response::Location,"Hyderabad, Telangana","['India', 'Telangana', 'Hyderabad']",Adzuna::API::Response::Category,it-jobs,IT Jobs,17.40275,78.50806,,,,2026-09-28
Adzuna::API::Response::Job,2026-09-28T07:38:57Z,"Hiring GCP Data Engineers having 6 years of experience for big4 firm. Location: Bangalore Job Summary: We are seeking a highly skilled Senior Google BigQuery Data Engineer to lead the design, development, and optimization of our data platform. The ideal candidate will have a deep understanding of BigQuery's architecture, capabilities, and best practices, including columnar storage, nested and repeated fields, and separation of compute and storage. A proven track record of delivering complex dat…",0,eyJhbGciOiJIUzI1NiJ9.eyJpIjoiNTkwMTEzNjk2MSIsInMiOiJMSUh1R0RPNzhSRzNqcEN2OXhwV21BIn0.snBqo6ejr_NPqCDT84Oci6v82IoiF95G0hK0tdFLfxw,GCP Data Engineer,https://www.adzuna.in/land/ad/5901136961?se=LIHuGDO78RG3jpCv9xpWmA&utm_medium=api&utm_source=7a21a92b&v=839AAF88AA41513C1BCFCF5E27A3C2C43308F510,,5901136961,Adzuna::API::Response::Company,EliteRecruitments,Adzuna::API::Response::Location,India,['India'],Adzuna::API::Response::Category,it-jobs,IT Jobs,,,,,,2026-09-28
Adzuna::API::Response::Job,2026-09-16T17:23:07Z,"Job Description: Machine Learning Lead About Us Zemoso Technologies is a Software Product Market Fit Studio that brings silicon valley style rapid prototyping and rapid application builds to Entrepreneurs and Corporate innovation. We offer Innovation as a service and work on ideas from scratch and take it to the Product Market Fit stage using Design Thinking -> Lean Execution -> Agile Methodology. We were featured as one of Deloitte Fastest 50 growing tech companies from India thrice (2016, 201…",0,eyJhbGciOiJIUzI1NiJ9.eyJpIjoiNTg4NjA5MjMwNiIsInMiOiJMSUh1R0RPNzhSRzNqcEN2OXhwV21BIn0.E_tUpD-Q8-xhihnAaTrQ8doxv0kNw7U_oVMUnHRY5sA,Machine Learning Lead,https://www.adzuna.in/land/ad/5886092306?se=LIHuGDO78RG3jpCv9xpWmA&utm_medium=api&utm_source=7a21a92b&v=750028D2865657B7F3DC0A8A9B0AC732262A10D3,,5886092306,Adzuna::API::Response::Company,Zemoso Technologies,Adzuna::API::Response::Location,"Bangalore, Karnataka","['India', 'Karnataka', 'Bangalore']",Adzuna::API::Response::Category,it-jobs,IT Jobs,,,,,,2026-09-28
Adzuna::API::Response::Job,2026-09-25T22:02:56Z,"Senior Analyst – Data Science & Gen AI Experience: 2.5 Years Locations: Bangalore, Hyderabad, Gurugram, Kolkata, Mumbai, Chennai Role: Senior Analyst Employment Type: Full-Time Job Summary We are looking for a Senior Analyst – Data Science & Gen AI with 2.5 years of experience in Data Science, Machine Learning, Generative AI, LLMs, and NLP . The ideal candidate should have strong hands-on experience in Python and SQL , along with exposure to cloud technologies such as Azure, AWS, or GCP . Key R…",0,eyJhbGciOiJIUzI1NiJ9.eyJpIjoiNTg5ODUzMzk2MyIsInMiOiJMSUh1R0RPNzhSRzNqcEN2OXhwV21BIn0.I8QmH4Lj4h-1JPJuCTAwyQlDFfkmrpF6H8Fny1eiAwQ,"Data Science || 2.5 Years || Bangalore, Hyderabad, Gurugram, Mumbai, Kolkata, Chennai",https://www.adzuna.in/land/ad/5898533963?se=LIHuGDO78RG3jpCv9xpWmA&utm_medium=api&utm_source=7a21a92b&v=1292C2B978E0423422E33D6AE758BF2052227EC6,full_time,5898533963,Adzuna::API::Response::Company,A Client of Neerinfo Solutions,Adzuna::API::Response::Location,"Bangalore, Karnataka","['India', 'Karnataka', 'Bangalore']",Adzuna::API::Response::Category,it-jobs,IT Jobs,,,,,,2026-09-28
Adzuna::API::Response::Job,2026-05-21T02:12:34Z,"Job Summary - Data Analyst We are looking to hire a data analyst to join our enterprise customer solutions team. As a Data Analyst, one will take responsibility for developing reports, and troubleshooting data issues. To do well in this role you need attention to detail, past experience as a data analyst, and a deep understanding of the popular data analysis tools and databases. Data Analyst Responsibilities: ● Commissioning and decommissioning of data sets. ● Processing confidential data and i…",0,eyJhbGciOiJIUzI1NiJ9.eyJzIjoiTElIdUdETzc4UkczanBDdjl4cFdtQSIsImkiOiI1NzM1NDYzNDUyIn0.2ZUHBxtp1hnY_Ej2eN0GUImOFZdIkoUorLlkrhA-ayw,Data Analyst,https://www.adzuna.in/details/5735463452?utm_medium=api&utm_source=7a21a92b,,5735463452,Adzuna::API::Response::Company,Digital Twin,Adzuna::API::Response::Location,"Pune, Maharashtra","['India', 'Maharashtra', 'Pune']",Adzuna::API::Response::Category,it-jobs,IT Jobs,18.5062,73.84735,,,,2026-09-28
Adzuna::API::Response::Job,2021-02-15T04:27:43Z,"Data Analyst Job Duties Data analyst responsibilities include conducting full lifecycle analysis to include requirements, activities and design. Data analysts will develop analysis and reporting capabilities. They will also monitor performance and quality control plans to identify improvements. Responsibilities Interpret data, analyze results using statistical techniques and provide ongoing reports Develop and implement databases, data collection systems, data analytics and other strategies tha…",0,eyJhbGciOiJIUzI1NiJ9.eyJzIjoiTElIdUdETzc4UkczanBDdjl4cFdtQSIsImkiOjE5OTM4ODIwOTJ9.weOeKFTxhzmxh2SDoiORlWeHNkarOmjcsl9pU1tiM5k,Data Analyst,https://www.adzuna.in/details/1993882092?utm_medium=api&utm_source=7a21a92b,full_time,1993882092,Adzuna::API::Response::Company,SveltetechTechnologies Pvt Ltd,Adzuna::API::Response::Location,"Delhi, India","['India', 'Delhi']",Adzuna::API::Response::Category,it-jobs,IT Jobs,,,,0.0,300000.0,2026-09-28
Adzuna::API::Response::Job,2026-09-03T08:01:51Z,"Develop complex queries and procedures to extract data for game analytics. Create dashboards on a daily basis handling multiple games simultaneously. Present the insights and findings to key stakeholders. Work closely with Product Managers to identify analytical questions. Work independently on the assigned tasks. Assist in development of processes to automate data analysis. Learn and adapt to new methods, tools and technologies. Relevant experience in SQL Querying, Data Analysis using Microsof…",0,eyJhbGciOiJIUzI1NiJ9.eyJpIjoiNTg2ODEyMDIwNiIsInMiOiJMSUh1R0RPNzhSRzNqcEN2OXhwV21BIn0.HJMhC3GHLGq9OuwNz2WSnxPl0nUrI5Hal3iEEq362mw,Data Analyst,https://www.adzuna.in/details/5868120206?utm_medium=api&utm_source=7a21a92b,,5868120206,Adzuna::API::Response::Company,Reliance Games,Adzuna::API::Response::Location,"Pune, Maharashtra","['India', 'Maharashtra', 'Pune']",Adzuna::API::Response::Category,it-jobs,IT Jobs,18.5062,73.84735,,,,2026-09-28
Adzuna::API::Response::Job,2024-01-07T15:08:07Z,"Job Title: Data Analyst Job Brief: The successful candidate will turn data into information, information into insight and insight into business decisions. Data Analyst Job Duties Data analyst responsibilities include conducting full lifecycle analysis to include requirements, activities and design. Data analysts will develop analysis and reporting capabilities. They will also monitor performance and quality control plans to identify improvements. About Us We began in 2015 with an entrepreneuria…",0,eyJhbGciOiJIUzI1NiJ9.eyJpIjoiNDUxNDM3NjYyMiIsInMiOiJMSUh1R0RPNzhSRzNqcEN2OXhwV21BIn0.lVNITnBQ-_vZFOsXyo5NmiUD988GZwhrzsDEdn5bEbk,Data Analyst,https://www.adzuna.in/details/4514376622?utm_medium=api&utm_source=7a21a92b,full_time,4514376622,Adzuna::API::Response::Company,Qrata,Adzuna::API::Response::Location,"Delhi, India","['India', 'Delhi']",Adzuna::API::Response::Category,it-jobs,IT Jobs,28.62523,77.224601,,1000000.0,1200000.0,2026-09-28
Adzuna::API::Response::Job,2025-04-16T01:41:37Z,"Position Description Data Analyst Location: Remote/Bangalore Amicus Therapeutics is a global, patient-dedicated biotechnology company focused on discovering, developing and delivering high-quality medicines for people living with rare metabolic diseases. Position Summary Data analyst responsibilities include conducting full lifecycle analysis to include requirements, activities and design. Data analysts will develop analysis and reporting capabilities. They will also monitor performance and qua…",0,eyJhbGciOiJIUzI1NiJ9.eyJzIjoiTElIdUdETzc4UkczanBDdjl4cFdtQSIsImkiOiI1MTQ2NTA3MDg0In0.GNXc-XiMTXNmLXukQiMg32FIMufGvLtRMYlDAnZpOJo,Data Analyst,https://www.adzuna.in/details/5146507084?utm_medium=api&utm_source=7a21a92b,full_time,5146507084,Adzuna::API::Response::Company,Amicus Therapeutics,Adzuna::API::Response::Location,"Bangalore, Karnataka","['India', 'Karnataka', 'Bangalore']",Adzuna::API::Response::Category,it-jobs,IT Jobs,,,,,,2026-09-28
Adzuna::API::Response::Job,2026-05-30T02:27:15Z,"Data Analyst Location: Remote/Bangalore Amicus Therapeutics is a global, patient-dedicated biotechnology company focused on discovering, developing, and delivering high-quality medicines for people living with rare metabolic diseases. Position Summary Data analyst responsibilities include conducting full lifecycle analysis to include requirements, activities and design. Data analysts will develop analysis and reporting capabilities. They will also monitor performance and quality control plans t…",0,eyJhbGciOiJIUzI1NiJ9.eyJzIjoiTElIdUdETzc4UkczanBDdjl4cFdtQSIsImkiOiI1NzQ0ODY4NzgwIn0.IksUchjYK3S8UOFDahdR_45pstzHSMVJVxiv7WulNzU,Data Analyst,https://www.adzuna.in/details/5744868780?utm_medium=api&utm_source=7a21a92b,full_time,5744868780,Adzuna::API::Response::Company,Amicus India,Adzuna::API::Response::Location,"Bangalore, Karnataka","['India', 'Karnataka', 'Bangalore']",Adzuna::API::Response::Category,it-jobs,IT Jobs,,,,,,2026-09-28
Adzuna::API::Response::Job,2026-08-21T07:38:38Z,"Bachelor's degree or equivalent in Information Technology, Computer Science, CIS, Engineering, or Math 5 year's proven working experience as a data analyst or business data analyst 3 years' Experience with BI Solutions (Micro Strategy, Looker, Tableau), databases (SQL), programming (Python, XML, JavaScript, or ETL frameworks) Technical experience regarding data models, database design development, data mining and segmentation techniques Knowledge of statistics and experience analyzing datasets …",0,eyJhbGciOiJIUzI1NiJ9.eyJpIjoiNTg1MDM3NTMzNCIsInMiOiJMSUh1R0RPNzhSRzNqcEN2OXhwV21BIn0.Nam14xnwzgs1kX7x7ocl8B6kUpdhyUMpXZQukq7smDk,Data Analyst,https://www.adzuna.in/details/5850375334?utm_medium=api&utm_source=7a21a92b,,5850375334,Adzuna::API::Response::Company,TechnoGen,Adzuna::API::Response::Location,"Hyderabad, Telangana","['India', 'Telangana', 'Hyderabad']",Adzuna::API::Response::Category,it-jobs,IT Jobs,17.40275,78.50806,,,,2026-09-28
Adzuna::API::Response::Job,2024-01-07T15:07:49Z,"Job Title Data Analyst Job Brief The successful candidate will turn data into information, information into insight and insight into business decisions. Data Analyst Job Duties Data analyst responsibilities include conducting full lifecycle analysis to include requirements, activities and design. Data analysts will develop analysis and reporting capabilities. They will also monitor performance and quality control plans to identify improvements. Responsibilities ● Interpret data, analyze results…",0,eyJhbGciOiJIUzI1NiJ9.eyJpIjoiNDUxNDM3NjE4OSIsInMiOiJMSUh1R0RPNzhSRzNqcEN2OXhwV21BIn0.JBwgdONxKZ3U9sOOFLLKrHewWlM4WA4F9LUd5jIiMHA,Data Analyst,https://www.adzuna.in/details/4514376189?utm_medium=api&utm_source=7a21a92b,full_time,4514376189,Adzuna::API::Response::Company,Qrata,Adzuna::API::Response::Location,"Delhi, India","['India', 'Delhi']",Adzuna::API::Response::Category,it-jobs,IT Jobs,28.62523,77.224601,,800000.0,1300000.0,2026-09-28
Adzuna::API::Response::Job,2026-05-14T02:27:02Z,"Job Description: Job Title: Data Analyst Job Description: We are looking for a skilled Data Analyst to collect, analyze, and interpret large datasets to help drive business decisions. The ideal candidate will have strong analytical skills, attention to detail, and experience with data visualization tools. Key Responsibilities: Analyze data to identify trends and insights. Create dashboards and reports for internal stakeholders. Collaborate with teams to understand data needs. Ensure data accura…",0,eyJhbGciOiJIUzI1NiJ9.eyJzIjoiTElIdUdETzc4UkczanBDdjl4cFdtQSIsImkiOiI1NzI4NDM2MjYwIn0.oJ108wdp7DqlVbkNtJaQqQ3YNGP8XeguWTERfTMALUM,Data analyst,https://www.adzuna.in/details/5728436260?utm_medium=api&utm_source=7a21a92b,full_time,5728436260,Adzuna::API::Response::Company,RECEX,Adzuna::API::Response::Location,"Kolkata, West Bengal","['India', 'West Bengal', 'Kolkata']",Adzuna::API::Response::Category,it-jobs,IT Jobs,22.57285,88.34373,,2880000.0,3600000.0,2026-09-28
Adzuna::API::Response::Job,2024-12-07T13:03:54Z,"Job Title : Data Analyst-Fintech Job Description : We are seeking a highly motivated and detail-oriented Data Analyst with 2 to 4 years of work experience to join our team. The ideal candidate will have a strong analytical mindset, excellent problem-solving skills, and a passion for transforming data into actionable insights. In this role, you will play a pivotal role in gathering, analyzing, and interpreting data to support informed decision-making and drive business growth. Key Responsibiliti…",0,eyJhbGciOiJIUzI1NiJ9.eyJpIjoiNDk2NjcyMTYyNSIsInMiOiJMSUh1R0RPNzhSRzNqcEN2OXhwV21BIn0.NElReZ71CRIXk0600JjgPOTkxQgn0GUD71IXppGohFw,Data Analyst,https://www.adzuna.in/details/4966721625?utm_medium=api&utm_source=7a21a92b,full_time,4966721625,Adzuna::API::Response::Company,Fatakpay,Adzuna::API::Response::Location,India,['India'],Adzuna::API::Response::Category,it-jobs,IT Jobs,,,,800000.0,1500000.0,2026-09-28
Adzuna::API::Response::Job,2026-05-27T02:25:11Z,"Job Description: *]:pointer-events-auto R6Vx5W_threadScrollVars scroll-mb-[calc(var(scroll-root-safe-area-inset-bottom,0px)var(thread-response-height))] scroll-mt-[calc(var(header-height)min(200px,max(70px,20svh)))]"" data-scroll-anchor=""false"" data-testid=""conversation-turn-2"" data-turn=""assistant"" data-turn-id=""request-WEB:a09f2817-6254-4ccc-9fb6-39e39dbcb8e3-0"" data-turn-id-container=""request-WEB:a09f2817-6254-4ccc-9fb6-39e39dbcb8e3-0"" dir=""auto""> Job Description – Data Analyst Position: Data…",0,eyJhbGciOiJIUzI1NiJ9.eyJzIjoiTElIdUdETzc4UkczanBDdjl4cFdtQSIsImkiOiI1NzQxNTM2Njk2In0.7PVId6qll1IxJgUklAByvshn7wMBExgrwHEj59lKNWE,Data Analyst,https://www.adzuna.in/details/5741536696?utm_medium=api&utm_source=7a21a92b,full_time,5741536696,Adzuna::API::Response::Company,RECEX,Adzuna::API::Response::Location,"Vasai, Thane","['India', 'Maharashtra', 'Thane', 'Vasai']",Adzuna::API::Response::Category,it-jobs,IT Jobs,19.72098,73.40553,,300000.0,500000.0,2026-09-28
Adzuna::API::Response::Job,2019-06-05T21:12:29Z,"MaGIC Technology and Product team is looking for a data analyst to help expand and improve data on startups, investors, and founders in the ASEAN region. As part of the data team on our Startup Database product, you will assist in maintaining the accuracy of information on startups and investors, and continuously update our repository with latest publicly available data on the same. The job offers a high degree of autonomy and will also see you playing a leading role in the analysis of the data…",0,eyJhbGciOiJIUzI1NiJ9.eyJzIjoiTElIdUdETzc4UkczanBDdjl4cFdtQSIsImkiOjExNzE1MDk2ODB9.mpjO4o-dAH7EMzgjmaBKYnAt6bcCCkEe0VYNq0FpL-g,Data Analyst,https://www.adzuna.in/details/1171509680?utm_medium=api&utm_source=7a21a92b,full_time,1171509680,Adzuna::API::Response::Company,Malaysian Global Innovation and Creativity Centre,Adzuna::API::Response::Location,India,['India'],Adzuna::API::Response::Category,it-jobs,IT Jobs,,,contract,500000.0,1000000.0,2026-09-28
Adzuna::API::Response::Job,2026-08-19T20:39:55Z,"The Data Analyst supports client business processes and operations activities to ensure on-time and high-quality deliverables. Data Analyst combines best-in-class operational and analytic skills with strong problem-solving and communication abilities to projects, solving operational and analytical business problems. You will collaborate with and work closely with Senior Data Analyst & Operations Delivery Lead to deliver operational items. Essential functions of the job include but are not limit…",0,eyJhbGciOiJIUzI1NiJ9.eyJpIjoiNTg0ODMzNzA5NiIsInMiOiJMSUh1R0RPNzhSRzNqcEN2OXhwV21BIn0.6WC0CiO6l7qP7he4R-U45NmSO92KnIfz9GW1sBgt9bc,Data Analyst,https://www.adzuna.in/details/5848337096?utm_medium=api&utm_source=7a21a92b,,5848337096,Adzuna::API::Response::Company,Precision Medicine Group,Adzuna::API::Response::Location,India,['India'],Adzuna::API::Response::Category,it-jobs,IT Jobs,,,,,,2026-09-28
Adzuna::API::Response::Job,2020-09-19T01:45:32Z,"About the Role The following Job Specification is intended to reflect the nature, range and context of the work. It identifies the main requirements of the job but is not an exhaustive list of duties. The Data Analyst role is a vital role as to be a sole point of contact responsible for closely working with various teams internally and closely working with the CTO. This role typically requires the resource to analyse the vast number of datasets and provide a meaningful impact and the result of …",0,eyJhbGciOiJIUzI1NiJ9.eyJzIjoiTElIdUdETzc4UkczanBDdjl4cFdtQSIsImkiOjE3MTI0Mjg1OTl9.3AeWEpmkLhM56xcCwLMcJj_G7NXVpLJS07lNxN5DEgE,Data Analyst,https://www.adzuna.in/details/1712428599?utm_medium=api&utm_source=7a21a92b,full_time,1712428599,Adzuna::API::Response::Company,Namaste Credit,Adzuna::API::Response::Location,"Bangalore, Karnataka","['India', 'Karnataka', 'Bangalore']",Adzuna::API::Response::Category,it-jobs,IT Jobs,,,,500000.0,1000000.0,2026-09-28
Adzuna::API::Response::Job,2025-11-20T00:58:08Z,"About the Role We are looking for a highly skilled Data Analyst or Data Scientist with strong expertise in Python and SQL to join our client’s team. The primary responsibility will be to automate data-driven workflows and processes based on detailed business steps provided by the Product and Business teams. The ideal candidate will bridge the gap between analytics, process understanding, and automation execution. Key Responsibilities ● Collaborate with the Business and Product teams to understa…",0,eyJhbGciOiJIUzI1NiJ9.eyJzIjoiTElIdUdETzc4UkczanBDdjl4cFdtQSIsImkiOiI1NTAzODM2NTc3In0.oxZ5_6KiZMLyZvKZz2IVFbGISe37rYd_tbyQFAR498c,Data Analyst,https://www.adzuna.in/details/5503836577?utm_medium=api&utm_source=7a21a92b,full_time,5503836577,Adzuna::API::Response::Company,NAVVYASA CONSULTING PRIVATE LIMITED,Adzuna::API::Response::Location,India,['India'],Adzuna::API::Response::Category,it-jobs,IT Jobs,,,,,,2026-09-28
Adzuna::API::Response::Job,2026-08-07T07:26:13Z,"Expert knowledge of one or more reporting platforms (Tableau, Business Objects, etc.) Expert in constructing and optimizing complex SQL queries across large volumes of data Expert knowledge of one or more data quality management platforms (Informatica IDQ / CDQ, Ataccama, Information Builders) and using that platform to conduct data discovery and analysis Strong analytical skills and an understanding of the appropriate statistical techniques to use under different circumstances Experience desig…",0,eyJhbGciOiJIUzI1NiJ9.eyJzIjoiTElIdUdETzc4UkczanBDdjl4cFdtQSIsImkiOiI1ODMxMzk1NzMxIn0.iJ-fPBb27iBn7UN0j2rNyPN6x727ZVkk_1G7560JQhg,Data Analyst,https://www.adzuna.in/details/5831395731?utm_medium=api&utm_source=7a21a92b,,5831395731,Adzuna::API::Response::Company,Whisk Software Private Limited,Adzuna::API::Response::Location,"Pune, Maharashtra","['India', 'Maharashtra', 'Pune']",Adzuna::API::Response::Category,it-jobs,IT Jobs,18.5062,73.84735,,,,2026-09-28
Adzuna::API::Response::Job,2026-09-18T21:52:19Z,"Company Overview MedTourEasy, a global healthcare company, provides you the informational resources needed to evaluate your global options. MedTourEasy provides analytical solutions to our partner healthcare providers globally. Job Title Data Analyst Job Location Bengaluru, India Gurgaon, India New Delhi, India Noida, India Years of Experience 0-5 years Job Description As a Data Analyst at Medtoureasy, you will play a crucial role in analyzing and interpreting complex data sets to help drive st…",0,eyJhbGciOiJIUzI1NiJ9.eyJpIjoiNTg4OTU2MDAwNiIsInMiOiJMSUh1R0RPNzhSRzNqcEN2OXhwV21BIn0.NExPF90Et_nKjCj31YuTBDOpfLFnUtT23fGcHKwJt_8,Data Analyst,https://www.adzuna.in/details/5889560006?utm_medium=api&utm_source=7a21a92b,full_time,5889560006,Adzuna::API::Response::Company,MedTourEasy,Adzuna::API::Response::Location,India,['India'],Adzuna::API::Response::Category,it-jobs,IT Jobs,,,,600000.0,600000.0,2026-09-28
Adzuna::API::Response::Job,2025-11-19T22:19:09Z,"Data Analyst – Job Decription Connecting people with each other and the right information is mission critical. Our Company develops innovative cloud-based technology to make it easier, more effective and more efficient to make the right connections. Our solutions put people in sync with each other and the right information, so they gain the insight needed to reach better decisions on the issues that matter most. We do it with a laser focus on reliability. The Company is a leading provider of te…",0,eyJhbGciOiJIUzI1NiJ9.eyJzIjoiTElIdUdETzc4UkczanBDdjl4cFdtQSIsImkiOiI1NTAzMjg0NjcxIn0.KCymLpmPgI5d7Fi1A-9I6C5u8sxO-1KT4Oa7NiUCars,Data Analyst,https://www.adzuna.in/details/5503284671?utm_medium=api&utm_source=7a21a92b,full_time,5503284671,Adzuna::API::Response::Company,Intelliatx Therapeutics,Adzuna::API::Response::Location,"Bangalore, Karnataka","['India', 'Karnataka', 'Bangalore']",Adzuna::API::Response::Category,it-jobs,IT Jobs,,,,,,2026-09-28
Adzuna::API::Response::Job,2026-09-09T21:36:43Z,"We're looking for a Data Analyst This role is Office Based, Pune Office Data Analyst – Enterprise Data Management Location: Hyderabad, India About the Role: We are seeking an experienced Data Analyst to join our Enterprise Data Management team , with a core focus on Data Quality, Data Governance, and Master Data Management (MDM). In this role, you will be responsible for analyzing, profiling, and enhancing data within critical enterprise applications, including Salesforce, Oracle ERP, and Marke…",0,eyJhbGciOiJIUzI1NiJ9.eyJpIjoiNTg3NzI5MzQ3OSIsInMiOiJMSUh1R0RPNzhSRzNqcEN2OXhwV21BIn0.CuR07WMHuQqLwYMpkjE0vNHR15booWstPL6emfceJkQ,Data Analyst,https://www.adzuna.in/details/5877293479?utm_medium=api&utm_source=7a21a92b,,5877293479,Adzuna::API::Response::Company,Cornerstone OnDemand,Adzuna::API::Response::Location,"Pune, Maharashtra","['India', 'Maharashtra', 'Pune']",Adzuna::API::Response::Category,it-jobs,IT Jobs,18.5062,73.84735,,,,2026-09-28
Adzuna::API::Response::Job,2021-09-29T05:01:45Z,"We at Reality Premedia pvt ltd is looking for Data Analyst for Pune location. Must have experience in BFSC domain. Exp- Min 3yrs Location- Pune Mandatory Skills- Exp in powerBI/Tableau, SQL Basic Python Skills:- Tableau, PowerBI and Data Analytics",0,eyJhbGciOiJIUzI1NiJ9.eyJpIjoiMjUwMDE1NTUwMCIsInMiOiJMSUh1R0RPNzhSRzNqcEN2OXhwV21BIn0.osAUEP-_W8f5ZwSNZzctM4I1MFNEWiOqKLuix6WEzPM,Data Analyst,https://www.adzuna.in/details/2500155500?utm_medium=api&utm_source=7a21a92b,full_time,2500155500,Adzuna::API::Response::Company,Reality Premedia Services Pvt Ltd,Adzuna::API::Response::Location,"Pune, Maharashtra","['India', 'Maharashtra', 'Pune']",Adzuna::API::Response::Category,it-jobs,IT Jobs,18.5062,73.84735,,0.0,800000.0,2026-09-28
Adzuna::API::Response::Job,2026-07-28T20:53:05Z,"We are looking for a detail-oriented and analytical Data Analyst to join our team. In this role, you will collect, clean, and interpret complex datasets to help leadership and cross-functional teams understand market trends, optimize operations, and solve business challenges. [ 1 , 2 , 3 ]",0,eyJhbGciOiJIUzI1NiJ9.eyJzIjoiTElIdUdETzc4UkczanBDdjl4cFdtQSIsImkiOiI1ODE4NDIzMzMwIn0.z_9Hr1MKOyhHKzH9nSCZNA7BmHDy2_PmhEkEL-MovNs,Data Analyst,https://www.adzuna.in/details/5818423330?utm_medium=api&utm_source=7a21a92b,full_time,5818423330,Adzuna::API::Response::Company,Equitas Small Finance Bank,Adzuna::API::Response::Location,India,['India'],Adzuna::API::Response::Category,manufacturing-jobs,Manufacturing Jobs,,,,,,2026-09-28
Adzuna::API::Response::Job,2026-09-12T21:25:52Z,"We are seeking a detail-oriented and analytical Data Analyst to support the Marketing team by transforming data into actionable insights. The ideal candidate will analyze customer behavior, campaign performance, market trends, and digital marketing metrics to help drive data-based decision-making and optimize marketing effectiveness.",0,eyJhbGciOiJIUzI1NiJ9.eyJzIjoiUHQ3MkdUTzc4UkdQcFBUdjg3c0JhZyIsImkiOiI1ODgxMTQ0NDIxIn0.Jem5dK2JwO6KoBZwbryRHpr_woOPvXTaa57JeEpUo-c,Data Analyst,https://www.adzuna.in/details/5881144421?utm_medium=api&utm_source=7a21a92b,full_time,5881144421,Adzuna::API::Response::Company,Equitas Small Finance Bank,Adzuna::API::Response::Location,India,['India'],Adzuna::API::Response::Category,it-jobs,IT Jobs,,,,,,2026-09-28
Adzuna::API::Response::Job,2025-01-01T11:53:10Z,"Job Description: Data Analyst Position: Data Analyst Location: Gurgaon Experience Level: 1-3 Years Employment Type: Full-Time Role Overview We are looking for a results-driven Data Analyst to join our team and support business decision-making through data insights and analytics. The ideal candidate will be highly proficient in Python, skilled in data visualization tools, and experienced in solving complex problems to drive measurable business outcomes such as revenue growth or cost reduction. K…",0,eyJhbGciOiJIUzI1NiJ9.eyJzIjoiUHQ3MkdUTzc4UkdQcFBUdjg3c0JhZyIsImkiOiI0OTkzNTQ3NDM1In0.6-jG9qoX_74KKPfVpoTJEAD6Oi1bfgWwC42ISmTNmnI,Data Analyst,https://www.adzuna.in/details/4993547435?utm_medium=api&utm_source=7a21a92b,full_time,4993547435,Adzuna::API::Response::Company,RegisterKaro,Adzuna::API::Response::Location,India,['India'],Adzuna::API::Response::Category,it-jobs,IT Jobs,,,,400000.0,1000000.0,2026-09-28
Adzuna::API::Response::Job,2026-09-22T16:13:39Z,"We're hiring a Data Analyst to turn raw data into clear, actionable insight. You'll partner with product, sales, marketing, and operations teams to answer their most important questions with data — building dashboards, running deep-dive analyses, and defining the metrics the business runs on. The ideal candidate is fluent in SQL, comfortable wrangling messy datasets, and just as strong at telling the story behind the numbers as they are at producing them. You'll own the accuracy and trustworthi…",0,eyJhbGciOiJIUzI1NiJ9.eyJzIjoiUHQ3MkdUTzc4UkdQcFBUdjg3c0JhZyIsImkiOiI1ODkzODI1NjAyIn0.uHky7FFfZAwrN3vrCKpRW1nYSue-3Cay1eA8_ShlyCA,Data Analyst,https://www.adzuna.in/details/5893825602?utm_medium=api&utm_source=7a21a92b,full_time,5893825602,Adzuna::API::Response::Company,Gravity Engineering Services Pvt Ltd,Adzuna::API::Response::Location,"Bangalore, Karnataka","['India', 'Karnataka', 'Bangalore']",Adzuna::API::Response::Category,it-jobs,IT Jobs,,,,800000.0,2000000.0,2026-09-28
Adzuna::API::Response::Job,2026-08-25T07:43:27Z,"We are seeking a meticulous and analytical Data Analyst to manage master data, ensure data quality, and support reporting and analysis initiatives. You will be responsible for overseeing the reporting environment, identifying and revising reporting requirements, and providing technical expertise in data management. This role involves working with confidential data, training end-users, and contributing to data integrity efforts. Roles & Responsibilities: Manage master data, including its creatio…",0,eyJhbGciOiJIUzI1NiJ9.eyJzIjoiUHQ3MkdUTzc4UkdQcFBUdjg3c0JhZyIsImkiOiI1ODU0ODgwNDIyIn0.QSIo73iU9A2ndJePqnBubQVnehMI8ihrkQDQcx50-uE,Data Analyst,https://www.adzuna.in/details/5854880422?utm_medium=api&utm_source=7a21a92b,,5854880422,Adzuna::API::Response::Company,Apex 2000,Adzuna::API::Response::Location,"Bangalore, Karnataka","['India', 'Karnataka', 'Bangalore']",Adzuna::API::Response::Category,it-jobs,IT Jobs,,,,,,2026-09-28
Adzuna::API::Response::Job,2025-12-07T22:44:33Z,"Sagility combines industry-leading technology and transformation-driven BPM services with decades of healthcare domain expertise to help clients draw closer to their members. The company optimizes the entire member/patient experience through service offerings for clinical, case management, member engagement, provider solutions, payment integrity, claims cost containment, and analytics. Sagility has more than 25,000 employees across 5 countries. ""To conduct data analysis, provide insights, and c…",0,eyJhbGciOiJIUzI1NiJ9.eyJpIjoiNTUzMjQzODIxNCIsInMiOiJQdDcyR1RPNzhSR1BwUFR2ODdzQmFnIn0.mUS9eRDkcya0FozE-qGDb_STfYNTKjSzHbS3-JxbnNY,Data Analyst,https://www.adzuna.in/details/5532438214?utm_medium=api&utm_source=7a21a92b,full_time,5532438214,Adzuna::API::Response::Company,Sagility,Adzuna::API::Response::Location,India,['India'],Adzuna::API::Response::Category,it-jobs,IT Jobs,,,,,,2026-09-28
Adzuna::API::Response::Job,2026-09-13T21:42:16Z,"At Ecolab, you can help take on some of the world’s most meaningful challenges, delivering critical insights and innovative solutions to help our customers achieve clean water, safe food, abundant energy and healthy environments. With our worldwide reach and ambitious growth plans, you will have the opportunity to own your future and impact what matters. Are you ready to make an impact? Ecolab is searching for a driven Data Analyst for our Enterprise Growth Operations Team in Pune, India . The …",0,eyJhbGciOiJIUzI1NiJ9.eyJzIjoiUHQ3MkdUTzc4UkdQcFBUdjg3c0JhZyIsImkiOiI1ODgyNzc1NjYwIn0.jDEHtp4i6yxSfBfhAEgYeZEvWnpbxU0ALmFahFb8jEo,Data Analyst,https://www.adzuna.in/details/5882775660?utm_medium=api&utm_source=7a21a92b,full_time,5882775660,Adzuna::API::Response::Company,Ecolab,Adzuna::API::Response::Location,India,['India'],Adzuna::API::Response::Category,sales-jobs,Sales Jobs,,,,,,2026-09-28
Adzuna::API::Response::Job,2021-06-12T12:42:07Z,"The Data Analyst in the CoE will provide end to end solution development, working in conjunction with the Domain Leads and Technology Partners. He is responsible for the delivery of solutions and solution changes which are driven by the business requirements as well as providing technical and development capabilities. Knowledge Skills:- Apache Synapse, SQL, SAP MDG ( Master Data Governance), Python and Data Analytics",0,eyJhbGciOiJIUzI1NiJ9.eyJzIjoiUHQ3MkdUTzc4UkdQcFBUdjg3c0JhZyIsImkiOiIyMjQ3MTM0NDc2In0.uY5OZOcMZD_R5NaNrF1I3CdZst9Mv2nv9u6CAdaAfkQ,Data Analyst,https://www.adzuna.in/details/2247134476?utm_medium=api&utm_source=7a21a92b,full_time,2247134476,Adzuna::API::Response::Company,Indium Software,Adzuna::API::Response::Location,India,['India'],Adzuna::API::Response::Category,it-jobs,IT Jobs,,,,250000.0,800000.0,2026-09-28
Adzuna::API::Response::Job,2026-09-09T11:07:12Z,"Data Analyst - Enterprise Data Management Location: Hyderabad, India About the Role: We are seeking an experienced Data Analyst to join our Enterprise Data Management team, with a core focus on Data Quality, Data Governance, and Master Data Management (MDM). In this role, you will be responsible for analyzing, profiling, and enhancing data within critical enterprise applications, including Salesforce, Oracle ERP, and Marketo. A key part of your responsibilities involves establishing and maintai…",0,eyJhbGciOiJIUzI1NiJ9.eyJzIjoiUHQ3MkdUTzc4UkdQcFBUdjg3c0JhZyIsImkiOiI1ODc2NzE4MDg1In0.lDkmsU70VL2v0dxzya5WMOhPiWZr4h0o3zF2Jgpgras,Data Analyst,https://www.adzuna.in/details/5876718085?utm_medium=api&utm_source=7a21a92b,,5876718085,Adzuna::API::Response::Company,Cornerstone onDemand,Adzuna::API::Response::Location,"Pune, Maharashtra","['India', 'Maharashtra', 'Pune']",Adzuna::API::Response::Category,it-jobs,IT Jobs,18.5062,73.84735,,,,2026-09-28
Adzuna::API::Response::Job,2026-09-09T11:07:12Z,"Data Analyst - Enterprise Data Management Location: Hyderabad, India About the Role: We are seeking an experienced Data Analyst to join our Enterprise Data Management team, with a core focus on Data Quality, Data Governance, and Master Data Management (MDM). In this role, you will be responsible for analyzing, profiling, and enhancing data within critical enterprise applications, including Salesforce, Oracle ERP, and Marketo. A key part of your responsibilities involves establishing and maintai…",0,eyJhbGciOiJIUzI1NiJ9.eyJzIjoiUHQ3MkdUTzc4UkdQcFBUdjg3c0JhZyIsImkiOiI1ODc2NzE4MDg0In0.1MtfYFwKgWSS6FLeznboifZRLIxP1K82lCJX0fuRf80,Data Analyst,https://www.adzuna.in/details/5876718084?utm_medium=api&utm_source=7a21a92b,,5876718084,Adzuna::API::Response::Company,Cornerstone onDemand,Adzuna::API::Response::Location,"Hyderabad, Telangana","['India', 'Telangana', 'Hyderabad']",Adzuna::API::Response::Category,it-jobs,IT Jobs,17.40275,78.50806,,,,2026-09-28
Adzuna::API::Response::Job,2025-08-04T05:33:07Z,"We’re seeking a detail-oriented Data Analyst with proven experience in corporate settings to transform raw data into actionable insights. You’ll collaborate across departments to support strategic decision-making, optimize operations, and enhance business performance through data-driven analysis. Skills:- PowerBI, Tableau, Data Analytics, Dashboard, MS-Office, Data Visualization and Advanced analytics",0,eyJhbGciOiJIUzI1NiJ9.eyJzIjoiUHQ3MkdUTzc4UkdQcFBUdjg3c0JhZyIsImkiOiI1MzM2Njg5MTkxIn0._tWq-lc5cZJ_A0LCm23gJ0_zX_tLlWfsBhq_PnPY0LU,Data Analyst,https://www.adzuna.in/details/5336689191?utm_medium=api&utm_source=7a21a92b,full_time,5336689191,Adzuna::API::Response::Company,EWU,Adzuna::API::Response::Location,"Coimbatore, Tamil Nadu","['India', 'Tamil Nadu', 'Coimbatore']",Adzuna::API::Response::Category,it-jobs,IT Jobs,11.017171,77.100203,,400000.0,700000.0,2026-09-28
Adzuna::API::Response::Job,2026-08-08T07:31:06Z,"Job description Need Data Analysts with good understanding of Python (pandas), Excel, tools like Tableau and Power BI. BTech (CS/IT/EC/EE), MBA, MTech, MCA, BCA, BSc, MSc freshers from 2024, 2023, 2022, 2021 should apply. Candidate should know Data Analytics. Skills: Power Bi, Sql, Python Experience: 0.00-1.00 Years",0,eyJhbGciOiJIUzI1NiJ9.eyJzIjoiUHQ3MkdUTzc4UkdQcFBUdjg3c0JhZyIsImkiOiI1ODMyNzk4MTgwIn0.OCeRsDpe7iyBnvdP2OtD076aSIktbkjK109xjhFuYic,Data Analyst,https://www.adzuna.in/details/5832798180?utm_medium=api&utm_source=7a21a92b,,5832798180,Adzuna::API::Response::Company,Milestone Online Technology,Adzuna::API::Response::Location,"Ahmedabad, Gujarat","['India', 'Gujarat', 'Ahmedabad']",Adzuna::API::Response::Category,it-jobs,IT Jobs,23.042,72.59465,,,,2026-09-28
Adzuna::API::Response::Job,2026-08-08T07:31:05Z,"Job description Need Data Analysts with good understanding of Python (pandas), Excel, tools like Tableau and Power BI. BTech (CS/IT/EC/EE), MBA, MTech, MCA, BCA, BSc, MSc freshers from 2024, 2023, 2022, 2021 should apply. Candidate should know Data Analytics. Skills: Power Bi, Sql, Python Experience: 0.00-1.00 Years",0,eyJhbGciOiJIUzI1NiJ9.eyJzIjoiUHQ3MkdUTzc4UkdQcFBUdjg3c0JhZyIsImkiOiI1ODMyNzk4MTU5In0.JhsRhaThMjKnhacsm6xUpbvqR9ZG5fVVX8f3ExTMtvY,Data Analyst,https://www.adzuna.in/details/5832798159?utm_medium=api&utm_source=7a21a92b,,5832798159,Adzuna::API::Response::Company,Milestone Online Technology,Adzuna::API::Response::Location,"Bangalore, Karnataka","['India', 'Karnataka', 'Bangalore']",Adzuna::API::Response::Category,it-jobs,IT Jobs,,,,,,2026-09-28
Adzuna::API::Response::Job,2026-08-08T07:31:06Z,"Job description Need Data Analysts with good understanding of Python (pandas), Excel, tools like Tableau and Power BI. BTech (CS/IT/EC/EE), MBA, MTech, MCA, BCA, BSc, MSc freshers from 2024, 2023, 2022, 2021 should apply. Candidate should know Data Analytics. Skills: Power Bi, Sql, Python Experience: 0.00-1.00 Years",0,eyJhbGciOiJIUzI1NiJ9.eyJpIjoiNTgzMjc5ODE2NyIsInMiOiJQdDcyR1RPNzhSR1BwUFR2ODdzQmFnIn0.iA-y7Uld7wvwxg13xPrzjnBWvlo_YZ4MDinsG-gG3SA,Data Analyst,https://www.adzuna.in/details/5832798167?utm_medium=api&utm_source=7a21a92b,,5832798167,Adzuna::API::Response::Company,Milestone Online Technology,Adzuna::API::Response::Location,"Gurgaon, Haryana","['India', 'Haryana', 'Gurgaon']",Adzuna::API::Response::Category,it-jobs,IT Jobs,28.323996,76.983738,,,,2026-09-28
Adzuna::API::Response::Job,2026-08-08T07:31:07Z,"Job description Need Data Analysts with good understanding of Python (pandas), Excel, tools like Tableau and Power BI. BTech (CS/IT/EC/EE), MBA, MTech, MCA, BCA, BSc, MSc freshers from 2024, 2023, 2022, 2021 should apply. Candidate should know Data Analytics. Skills: Power Bi, Sql, Python Experience: 0.00-1.00 Years",0,eyJhbGciOiJIUzI1NiJ9.eyJpIjoiNTgzMjc5ODE4NyIsInMiOiJQdDcyR1RPNzhSR1BwUFR2ODdzQmFnIn0.6osh02zsP5OV6nfSD1rAhjJfohGuvzD6KHm4YzhidMk,Data Analyst,https://www.adzuna.in/details/5832798187?utm_medium=api&utm_source=7a21a92b,,5832798187,Adzuna::API::Response::Company,Milestone Online Technology,Adzuna::API::Response::Location,"Lucknow, Uttar Pradesh","['India', 'Uttar Pradesh', 'Lucknow']",Adzuna::API::Response::Category,it-jobs,IT Jobs,26.8677,80.8897,,,,2026-09-28
Adzuna::API::Response::Job,2026-08-08T07:31:06Z,"Job description Need Data Analysts with good understanding of Python (pandas), Excel, tools like Tableau and Power BI. BTech (CS/IT/EC/EE), MBA, MTech, MCA, BCA, BSc, MSc freshers from 2024, 2023, 2022, 2021 should apply. Candidate should know Data Analytics. Skills: Power Bi, Sql, Python Experience: 0.00-1.00 Years",0,eyJhbGciOiJIUzI1NiJ9.eyJpIjoiNTgzMjc5ODE4MSIsInMiOiJQdDcyR1RPNzhSR1BwUFR2ODdzQmFnIn0._YP6LZQyHgZ5g0WhngnF1k1OTH-iwhWaelmxTX_D7EY,Data Analyst,https://www.adzuna.in/details/5832798181?utm_medium=api&utm_source=7a21a92b,,5832798181,Adzuna::API::Response::Company,Milestone Online Technology,Adzuna::API::Response::Location,"Patna, Bihar","['India', 'Bihar', 'Patna']",Adzuna::API::Response::Category,it-jobs,IT Jobs,25.4198,85.4278,,,,2026-09-28
Adzuna::API::Response::Job,2026-08-08T07:31:05Z,"Job description Need Data Analysts with good understanding of Python (pandas), Excel, tools like Tableau and Power BI. BTech (CS/IT/EC/EE), MBA, MTech, MCA, BCA, BSc, MSc freshers from 2024, 2023, 2022, 2021 should apply. Candidate should know Data Analytics. Skills: Power Bi, Sql, Python Experience: 0.00-1.00 Years",0,eyJhbGciOiJIUzI1NiJ9.eyJzIjoiUHQ3MkdUTzc4UkdQcFBUdjg3c0JhZyIsImkiOiI1ODMyNzk4MTU4In0.aSZ8ReyuS_eek7jzagDIn7EFNjKVi3rZ8Y7j0WfLmfk,Data Analyst,https://www.adzuna.in/details/5832798158?utm_medium=api&utm_source=7a21a92b,,5832798158,Adzuna::API::Response::Company,Milestone Online Technology,Adzuna::API::Response::Location,"Kolkata, West Bengal","['India', 'West Bengal', 'Kolkata']",Adzuna::API::Response::Category,it-jobs,IT Jobs,22.57285,88.34373,,,,2026-09-28
Adzuna::API::Response::Job,2024-09-07T11:25:36Z,"Job Title: Data Analyst Location: Permanent Work from Home Job Type: Full-Time Job Description: We are seeking a highly motivated and skilled Data Analyst to join our team. The ideal candidate will have a strong background in data analysis, incident management, and real-time data reporting. The role demands exceptional communication skills, both written and spoken, as well as the ability to work flexible shifts to support our global operations. Key Responsibilities: - Perform data analysis to i…",0,eyJhbGciOiJIUzI1NiJ9.eyJzIjoiUHQ3MkdUTzc4UkdQcFBUdjg3c0JhZyIsImkiOiI0ODU1Mzk3MDU0In0.ShYGbvNmgfDwjcgWW9yHXTyLWAz13b8-Ye_-vQworXo,data analyst,https://www.adzuna.in/details/4855397054?utm_medium=api&utm_source=7a21a92b,full_time,4855397054,Adzuna::API::Response::Company,Epik Solutions,Adzuna::API::Response::Location,India,['India'],Adzuna::API::Response::Category,it-jobs,IT Jobs,,,permanent,50000.0,700000.0,2026-09-28
Adzuna::API::Response::Job,2022-01-30T04:34:26Z,"We are looking for a Business Intelligence (BI)/Data Analyst to create and manage Power Bl and analytics solutions that turn data into knowledge. In this role, you should have a background in data and business analysis. If you are self-directed, passionate about data, and have business acumen and problem-solving aptitude, we'd like to meet you. Ultimately, you will enhance our business intelligence system to help us make better decisions. Requirements and Qualifications BSc/BA in Computer Scien…",0,eyJhbGciOiJIUzI1NiJ9.eyJpIjoiMjg1MzkyNzk3NCIsInMiOiJQdDcyR1RPNzhSR1BwUFR2ODdzQmFnIn0.9zQ0TIMO_4E4rn55WjJvdYdkqwejbQ3En1Hlv0ujUdU,Data Analyst,https://www.adzuna.in/details/2853927974?utm_medium=api&utm_source=7a21a92b,full_time,2853927974,Adzuna::API::Response::Company,Multi Recruit,Adzuna::API::Response::Location,"Bangalore, Karnataka","['India', 'Karnataka', 'Bangalore']",Adzuna::API::Response::Category,it-jobs,IT Jobs,,,,1200000.0,1400000.0,2026-09-28
Adzuna::API::Response::Job,2026-05-13T02:04:45Z,"Job Description: Role Overview: We are looking for a detail-oriented Data Analyst who can convert complex data into meaningful insights that help drive business decisions. The ideal candidate should have strong expertise in SQL, Python, and data visualisation tools and experience working with large datasets. Key Responsibilities: Collect, clean, and analyse large datasets to identify trends and patterns. Write complex SQL and MongoDB queries to extract and manipulate data. Build dashboards and …",0,eyJhbGciOiJIUzI1NiJ9.eyJzIjoiUHQ3MkdUTzc4UkdQcFBUdjg3c0JhZyIsImkiOiI1NzI3MTQzNDY3In0.oDYkbaQRxM0N_pBXkeHrM1s162CSjWG7GWPofSfzEqk,Data Analyst,https://www.adzuna.in/details/5727143467?utm_medium=api&utm_source=7a21a92b,full_time,5727143467,Adzuna::API::Response::Company,Mantras2Success,Adzuna::API::Response::Location,"Ahmedabad, Gujarat","['India', 'Gujarat', 'Ahmedabad']",Adzuna::API::Response::Category,it-jobs,IT Jobs,23.042,72.59465,,500000.0,900000.0,2026-09-28
Adzuna::API::Response::Job,2021-09-05T02:42:02Z,We are looking for a Data Analyst that oversees organisational data analytics. This will require you to design and help implement the data analytics platform that will keep the organisation running. The team will be the go-to for all data needs for the app and we are looking for a self-starter who is hands on and yet able to abstract problems and anticipate data requirements. This person should be very strong technical data analyst who can design and implement data systems on his own. Along wit…,0,eyJhbGciOiJIUzI1NiJ9.eyJzIjoiUHQ3MkdUTzc4UkdQcFBUdjg3c0JhZyIsImkiOiIyNDMzMzYxNDQ5In0.qNXMyRorlkKoEKHIdjn0xIcV7JLqdlqjYCdeN3eXHe8,Data Analyst,https://www.adzuna.in/details/2433361449?utm_medium=api&utm_source=7a21a92b,full_time,2433361449,Adzuna::API::Response::Company,MSMEx,Adzuna::API::Response::Location,"Mumbai, Maharashtra","['India', 'Maharashtra', 'Mumbai']",Adzuna::API::Response::Category,it-jobs,IT Jobs,19.00821,72.84415,,0.0,1200000.0,2026-09-28
Adzuna::API::Response::Job,2021-09-11T02:17:17Z,"Our growing technology firm is looking for an experienced Data Analyst who is able to turn project requirements into custom-formatted data reports. The ideal candidate for this position is able to do complete life cycle data generation and outline critical information for each Project Manager. We also need someone who is able to analyze business procedures and recommend specific types of data that can be used to improve upon them. Skills:- SQL, SAP and Data Analytics",0,eyJhbGciOiJIUzI1NiJ9.eyJzIjoiUHQ3MkdUTzc4UkdQcFBUdjg3c0JhZyIsImkiOiIyNDQ5Mzk4NzY2In0.9x5_imnDSEvUE8TXtEOPduHMR0ncJrJ8IG6mnaAFFf4,Data Analyst,https://www.adzuna.in/details/2449398766?utm_medium=api&utm_source=7a21a92b,full_time,2449398766,Adzuna::API::Response::Company,Syrencloud,Adzuna::API::Response::Location,"Hyderabad, Telangana","['India', 'Telangana', 'Hyderabad']",Adzuna::API::Response::Category,it-jobs,IT Jobs,17.40275,78.50806,,0.0,800000.0,2026-09-28
Adzuna::API::Response::Job,2026-05-14T02:27:43Z,"Job Description: We are seeking a skilled Data Analyst with expertise in Power BI to design and maintain interactive dashboards, analyze complex datasets, and deliver actionable insights. The ideal candidate will have experience in data visualization, report creation, and performance analysis. Strong proficiency in Power BI, SQL, and Excel is essential. The role requires excellent problem-solving abilities, attention to detail, and effective communication to present data findings to stakeholder…",0,eyJhbGciOiJIUzI1NiJ9.eyJzIjoiUHQ3MkdUTzc4UkdQcFBUdjg3c0JhZyIsImkiOiI1NzI4NDQ1MzI3In0.AJZY5dGno-bQBB_pBex2JCTTUNfu2OVrsUQBWIQg5hE,Data Analyst,https://www.adzuna.in/details/5728445327?utm_medium=api&utm_source=7a21a92b,full_time,5728445327,Adzuna::API::Response::Company,RECEX,Adzuna::API::Response::Location,"Delhi, India","['India', 'Delhi']",Adzuna::API::Response::Category,it-jobs,IT Jobs,28.62523,77.224601,,400000.0,480000.0,2026-09-28
Adzuna::API::Response::Job,2026-08-26T10:41:26Z,"Data Analyst We are seeking a Data Analyst to join Ariane Fine Porcelain's operations team. This role centers on extracting, transforming and analyzing data from ERP systems to support production, inventory, quality and finance functions within a ceramics manufacturing environment. The successful candidate will combine domain knowledge of manufacturing with technical ERP and analytics expertise to enable data-driven decisions, improve process efficiency and support ERP optimizations. Responsibi…",0,eyJhbGciOiJIUzI1NiJ9.eyJpIjoiNTg1NjQwODgzMyIsInMiOiJQdDcyR1RPNzhSR1BwUFR2ODdzQmFnIn0.yAdFRJU2xvJ9CzpgE14xcYrsZSvM0ul8bykdukLNX2Y,Data Analyst,https://www.adzuna.in/details/5856408833?utm_medium=api&utm_source=7a21a92b,,5856408833,Adzuna::API::Response::Company,Umberto Ceramics International Private Limited,Adzuna::API::Response::Location,India,['India'],Adzuna::API::Response::Category,it-jobs,IT Jobs,,,,500000.0,600000.0,2026-09-28
Adzuna::API::Response::Job,2022-02-12T04:45:18Z,"Good grasp and hands-on exposure to SQL, Hive. Good to have- Azure cloud, Spark sql. 1. Will be the point of contact for reporting/data management needs and will be responsible to drive complex data analysis and propose improvement opportunities in existing tools and reports. 2. The Data Analyst will be responsible to establish best practices in data management, data visualization, and report distribution. 3. Understanding requirements and converting into technical and business delivers. 4. Lev…",0,eyJhbGciOiJIUzI1NiJ9.eyJzIjoiUHQ3MkdUTzc4UkdQcFBUdjg3c0JhZyIsImkiOiIyODkwNjA4NzU3In0.NfyXBQv4HkisX8pXoeOTkvT08WEkedkAMn3dBfdbvR8,Data Analyst,https://www.adzuna.in/details/2890608757?utm_medium=api&utm_source=7a21a92b,full_time,2890608757,Adzuna::API::Response::Company,Fragma Data Systems,Adzuna::API::Response::Location,India,['India'],Adzuna::API::Response::Category,it-jobs,IT Jobs,,,,600000.0,800000.0,2026-09-28
Adzuna::API::Response::Job,2024-05-10T07:38:51Z,"We are Hiring for ( Data Analyst ) ( Desired Candidate Profile: Checking ) Analysis and entering data in databases working in a Emergency Control Room and working on Logistics Portal Interface and GPS, Good Communication skill (Hindi & English) Employee Condition:- · Job Location is Vadodara · Girls only work in ‘A’ and ‘B’ Shift · Bond Period is 1 Years and breach to which is strictly not allowed. Special Request / Permissions shall be reviewed for by higher management is case of relieving · R…",0,eyJhbGciOiJIUzI1NiJ9.eyJpIjoiNDY4NjcwNDkyNyIsInMiOiJQdDcyR1RPNzhSR1BwUFR2ODdzQmFnIn0.y_TfHVqTRVcegdreQnEIrtD820Msj1uM41uj32lAc1I,Data Analyst,https://www.adzuna.in/details/4686704927?utm_medium=api&utm_source=7a21a92b,,4686704927,Adzuna::API::Response::Company,,Adzuna::API::Response::Location,"Vadodara, Gujarat","['India', 'Gujarat', 'Vadodara']",Adzuna::API::Response::Category,it-jobs,IT Jobs,22.2891,73.1924,,,,2026-09-28
Adzuna::API::Response::Job,2026-09-10T07:36:32Z,"Manage HRIS, ensure data accuracy, and streamline HR processes. Analyze HR data (performance, turnover, recruitment) and provide insights. Develop HR reports and dashboards for decision-making. Assist in workforce planning and compensation analysis. Evaluate employee engagement, retention, and recruitment effectiveness. Ensure HR compliance and mitigate risks. Support training evaluation and strategic HR initiatives. Skills: Proficient in data analysis (Excel, SQL, R, Python), HRIS, and data vi…",0,eyJhbGciOiJIUzI1NiJ9.eyJzIjoiUHQ3MkdUTzc4UkdQcFBUdjg3c0JhZyIsImkiOiI1ODc3ODQyMjQxIn0.56_2bKRUJKZdAv7ciCYyR11wTWaHied8YkVnZPfZuSM,Data Analyst,https://www.adzuna.in/details/5877842241?utm_medium=api&utm_source=7a21a92b,,5877842241,Adzuna::API::Response::Company,3i Infotech Limited,Adzuna::API::Response::Location,"Navi Mumbai, Maharashtra","['India', 'Maharashtra', 'Navi Mumbai']",Adzuna::API::Response::Category,hr-jobs,HR & Recruitment Jobs,19.02,73.02,,,,2026-09-28
Adzuna::API::Response::Job,2024-06-01T09:41:50Z,"Must have skills 3 to 6 years Data Science SQL, Excel, Big Query - mandate 3 years Python/ML, Hadoop, Spark - 2 years Requirements • 3 years prior experience as a data analyst • Detail oriented, structural thinking and analytical mindset. • Proven analytic skills, including data analysis and data validation. • Technical writing experience in relevant areas, including queries, reports, and presentations. • Strong SQL and Excel skills with the ability to learn other analytic tools • Good communic…",0,eyJhbGciOiJIUzI1NiJ9.eyJzIjoiUHQ3MkdUTzc4UkdQcFBUdjg3c0JhZyIsImkiOiI0NzE1Njk3MzU2In0.v9WApOjcmWVIqZy9ilEkKatoCIMdaji1PyeZkZsJ__Y,Data analyst,https://www.adzuna.in/details/4715697356?utm_medium=api&utm_source=7a21a92b,full_time,4715697356,Adzuna::API::Response::Company,Sadup Softech,Adzuna::API::Response::Location,"Bangalore, Karnataka","['India', 'Karnataka', 'Bangalore']",Adzuna::API::Response::Category,it-jobs,IT Jobs,,,,1200000.0,1500000.0,2026-09-28
Adzuna::API::Response::Job,2026-07-15T10:21:31Z,"Job Description– Data Analyst Qualification: Bachelor's degree in Computer Science, Statistics, Mathematics, or related field Location: Noida sector 127 Experience: • 1–3 years • Proficiency in MS Excel (pivot tables, VLOOKUP, formulas) • Basicknowledge of SQLfor data querying • Familiarity with data visualization tools (Power BI/Tableau)– preferred • Stronganalytical and problem-solving skills • Goodcommunicationskills Roles and Responsibilities: • Collect, clean, and organize data from multip…",0,eyJhbGciOiJIUzI1NiJ9.eyJpIjoiNTgwMDc2NTM3NiIsInMiOiJQdDcyR1RPNzhSR1BwUFR2ODdzQmFnIn0.trra68GiZSDWGk_Y9u8HE0UzNgkSF-sTR1P4TdPXYzI,Data Analyst,https://www.adzuna.in/details/5800765376?utm_medium=api&utm_source=7a21a92b,,5800765376,Adzuna::API::Response::Company,Jetking Technologies Private Limited,Adzuna::API::Response::Location,"Noida, Ghaziabad","['India', 'Uttar Pradesh', 'Ghaziabad', 'Noida']",Adzuna::API::Response::Category,it-jobs,IT Jobs,28.56579,77.3225,,20000.0,25000.0,2026-09-28
Adzuna::API::Response::Job,2021-08-24T22:37:13Z,Measure the sales effectiveness efforts using data science/app/digital nudges. Should be able to work on the clickstream data Should be well versed and willing to work hands-on various Machine Learning techniques Skills Ability to lead a team of 5-6 members. Ability to work with large data sets and present conclusions to key stakeholders. Develop a clear understanding of the client’s business issue to inform the best approach to the problem. Root-cause analysis Define data requirements for crea…,0,eyJhbGciOiJIUzI1NiJ9.eyJzIjoiUHQ3MkdUTzc4UkdQcFBUdjg3c0JhZyIsImkiOiIyNDAzODgxMjI1In0.ETlKU3MoeImEbrHsh0Dgd43Hz08Dgy1NqqLyExQNyt4,Data Analyst,https://www.adzuna.in/details/2403881225?utm_medium=api&utm_source=7a21a92b,full_time,2403881225,Adzuna::API::Response::Company,Multi Recruit,Adzuna::API::Response::Location,"Bangalore, Karnataka","['India', 'Karnataka', 'Bangalore']",Adzuna::API::Response::Category,it-jobs,IT Jobs,,,,500000.0,1500000.0,2026-09-28
Adzuna::API::Response::Job,2026-03-28T11:28:26Z,"Role- Data Analyst Experience- 2 to 5 years Location-Bangalore Job Role- ● Experience: Minimum of 2 years of professional experience in a data-heavy environment (E-commerce or Fintech experience is a plus). ● SQL Mastery: Exceptional ability to write complex joins, window functions, Analytical functions, and CTEs. Experience with high-scale databases (e.g., BigQuery, Hive, or Postgres). ● Scripting: Functional knowledge of Python for data manipulation (Pandas, NumPy) and basic automation script…",0,eyJhbGciOiJIUzI1NiJ9.eyJzIjoiUHQ3MkdUTzc4UkdQcFBUdjg3c0JhZyIsImkiOiI1NjgxMDA5MDAwIn0.MKoMPrvDOBOKu6Ju19pv6FhTH7ImnyA-kpr5e649iEI,Data Analyst,https://www.adzuna.in/details/5681009000?utm_medium=api&utm_source=7a21a92b,full_time,5681009000,Adzuna::API::Response::Company,Wissen Technology,Adzuna::API::Response::Location,"Bangalore, Karnataka","['India', 'Karnataka', 'Bangalore']",Adzuna::API::Response::Category,it-jobs,IT Jobs,,,,,,2026-09-28
Adzuna::API::Response::Job,2026-08-27T07:40:46Z,"Candidate with 2 Years of experience in Google Analytics and BI Should have working experience into Tableau and Power BI Job Description : Work requires ability to deliver complex reports via Google Analytics, previous experience with Google Analytics Experience with creating automated reports via Tableau and Power BI Practical experience with at least two business insights platforms such as: Domo, Tableau, QlikView, Data Studio, Sisense, PowerBI Experience with Google tag management solutions …",0,eyJhbGciOiJIUzI1NiJ9.eyJzIjoiUHQ3MkdUTzc4UkdQcFBUdjg3c0JhZyIsImkiOiI1ODU3NzQ2NzE1In0.znr6tnRNmkmxtdp5Xa8h6qjFAc-JTTt7cOgLKws1K0Y,Data Analyst,https://www.adzuna.in/details/5857746715?utm_medium=api&utm_source=7a21a92b,,5857746715,Adzuna::API::Response::Company,Square Yards,Adzuna::API::Response::Location,"Gurgaon, Haryana","['India', 'Haryana', 'Gurgaon']",Adzuna::API::Response::Category,it-jobs,IT Jobs,28.323996,76.983738,,,,2026-09-28
Adzuna::API::Response::Job,2021-10-13T05:52:44Z,"About Graphene Graphene is a Singapore Head quartered AI company which has been recognized as Singapore’s Best Start Up By Switzerland’s Seedstarsworld, and also been awarded as best AI platform for healthcare in Vivatech Paris. Graphene India is also a member of the exclusive NASSCOM Deeptech club. We are developing an AI plaform which is disrupting and replacing traditional Market Research with unbiased insights with a focus on healthcare, consumer goods and financial services. Graphene was f…",0,eyJhbGciOiJIUzI1NiJ9.eyJpIjoiMjUzOTQ5MDI2NyIsInMiOiJQdDcyR1RPNzhSR1BwUFR2ODdzQmFnIn0.9Kol9llBoUtAf_yrwzyyodMjVu_Dmb_F4DQn6iCOjA8,Data Analyst,https://www.adzuna.in/details/2539490267?utm_medium=api&utm_source=7a21a92b,full_time,2539490267,Adzuna::API::Response::Company,Graphene Services Pte Ltd,Adzuna::API::Response::Location,"Bangalore, Karnataka","['India', 'Karnataka', 'Bangalore']",Adzuna::API::Response::Category,it-jobs,IT Jobs,,,,,,2026-09-28
Adzuna::API::Response::Job,2026-07-25T03:27:49Z,"Description Must-Have: ● 4 / 5 years of professional experience as a Data Analyst with good decision-making, analytical and problem-solving skills. ● SQL, Pyspark, Python with Banking Domain knowledge - Credit & Lending. Working knowledge / experience of Big Data frameworks like Hadoop, Hive and Spark. ● Hands-on experience in query languages like HQL or SQL (Spark SQL) for Data exploration. ● Data mapping: Determine the data mapping required to join multiple data sets together across multiple …",0,eyJhbGciOiJIUzI1NiJ9.eyJzIjoiUHQ3MkdUTzc4UkdQcFBUdjg3c0JhZyIsImkiOiI1ODE0NDk0NTMzIn0.q0r9A2q32FmZLs3x4cz8KHEqQyhoPBq-ujFg9Sp-a3g,Data Analyst,https://www.adzuna.in/details/5814494533?utm_medium=api&utm_source=7a21a92b,full_time,5814494533,Adzuna::API::Response::Company,EXL,Adzuna::API::Response::Location,"Pune, Maharashtra","['India', 'Maharashtra', 'Pune']",Adzuna::API::Response::Category,it-jobs,IT Jobs,18.5062,73.84735,,,,2026-09-28
Adzuna::API::Response::Job,2026-08-30T07:40:00Z,"Job Title - Data Analyst Position type - Full Time Work Location - Bangalore, Noida, Gurgaon Working style - Hybrid Cab Facility - Yes Shift Time - 10am-7pm IST People Manager role No Required education and certifications critical for the role Bachelors or Masters degree in Computer Science, Engineering, or a related field Required years of experience 7-10 years experience in relevant field AON IS IN THE BUSINESS OF BETTER DECISIONS At Aon, we shape decisions for the better to protect and enric…",0,eyJhbGciOiJIUzI1NiJ9.eyJpIjoiNTg2MTc5Mzg1OCIsInMiOiJQdDcyR1RPNzhSR1BwUFR2ODdzQmFnIn0.ZHp0BZ2u9lvd2GYZpmxq0p6aXkpZggkh_JEqxBhodMU,Data Analyst,https://www.adzuna.in/details/5861793858?utm_medium=api&utm_source=7a21a92b,,5861793858,Adzuna::API::Response::Company,Aon,Adzuna::API::Response::Location,"Bangalore, Karnataka","['India', 'Karnataka', 'Bangalore']",Adzuna::API::Response::Category,it-jobs,IT Jobs,,,,,,2026-09-28
Adzuna::API::Response::Job,2025-12-20T11:07:17Z,"We are seeking a motivated Data Analyst to support business operations by analyzing data, preparing reports, and delivering meaningful insights. The ideal candidate should be comfortable working with data, identifying patterns, and presenting findings in a clear and actionable way. Key Responsibilities: Collect, clean, and organize data from internal and external sources Analyze large datasets to identify trends, patterns, and opportunities Prepare regular and ad-hoc reports for business stakeh…",0,eyJhbGciOiJIUzI1NiJ9.eyJzIjoiUHQ3MkdUTzc4UkdQcFBUdjg3c0JhZyIsImkiOiI1NTQ5NTk0NzgyIn0.hoUAqHg9VzTMn4OcSWWStUOJELeMnRHKBJca_QknDHs,Data Analyst,https://www.adzuna.in/details/5549594782?utm_medium=api&utm_source=7a21a92b,full_time,5549594782,Adzuna::API::Response::Company,Highfly Sourcing,Adzuna::API::Response::Location,India,['India'],Adzuna::API::Response::Category,it-jobs,IT Jobs,,,,1500000.0,2500000.0,2026-09-28
Adzuna::API::Response::Job,2026-01-28T11:24:00Z,"Job Overview As a Profile Data Setup Analyst, you will play a key role in configuring, analysing, and managing product data for our customers. You will work closely with internal teams and clients to ensure accurate, optimized, and timely data setup in Windowmaker software. This role is perfect for someone who enjoys problem-solving, working with data, and continuously learning. Key Responsibilities • Understand customer product configurations and translate them into structured data using Windo…",0,eyJhbGciOiJIUzI1NiJ9.eyJpIjoiNTYwMjgyNTkwMyIsInMiOiJQdDcyR1RPNzhSR1BwUFR2ODdzQmFnIn0.S3V0he6CAyf-nVhASUrO1xAtSdOB1c9CJOKzeGcwS64,Data Analyst,https://www.adzuna.in/details/5602825903?utm_medium=api&utm_source=7a21a92b,full_time,5602825903,Adzuna::API::Response::Company,Hunarstreet Technologies Pvt Ltd,Adzuna::API::Response::Location,"Vadodara, Gujarat","['India', 'Gujarat', 'Vadodara']",Adzuna::API::Response::Category,it-jobs,IT Jobs,22.2891,73.1924,,600000.0,800000.0,2026-09-28
Adzuna::API::Response::Job,2026-09-10T21:25:22Z,"Company Summary First American (India) is a GCC (Global Capability Center) of the First American Financial Corporation (NYSE: FAF) family of companies. FAI is a proud member of the FORTUNE 500 companies and has been amongst the Fortune 100 Best Companies to Work For® list for eight consecutive years. First American Financial Corporation provides comprehensive title insurance, closing/settlement, property data and technology solutions. First American (India) creates quality solutions for its cus…",0,eyJhbGciOiJIUzI1NiJ9.eyJzIjoiUHQ3MkdUTzc4UkdQcFBUdjg3c0JhZyIsImkiOiI1ODc4NjcyMzQ2In0.ErD5ZyDBuJt7wuxmEXf_prQH7oh9fctoMhJVkNnaE5s,Data Analyst,https://www.adzuna.in/details/5878672346?utm_medium=api&utm_source=7a21a92b,full_time,5878672346,Adzuna::API::Response::Company,FAI,Adzuna::API::Response::Location,India,['India'],Adzuna::API::Response::Category,it-jobs,IT Jobs,,,,,,2026-09-28
Adzuna::API::Response::Job,2026-06-19T02:45:54Z,"Job Characteristics: Demonstrates use and application of data analysis principles to examine data systems and determine relationships and meaning of data, as it relates to business and system technical processes, and document accordingly. The employee should demonstrate mastering of skills in at least two of the following data analysis areas: SQL language usage, data governance and security practices, ELT/ETL strategy, quality-of-data evaluation and assessment, and data requirements generation …",0,eyJhbGciOiJIUzI1NiJ9.eyJzIjoiUHQ3MkdUTzc4UkdQcFBUdjg3c0JhZyIsImkiOiI1NzY4NjIzNzc4In0.sOaeavyULxMpethOgTZ3vEQbC1AvVrOZFvjQyglaiUY,Data Analyst,https://www.adzuna.in/details/5768623778?utm_medium=api&utm_source=7a21a92b,full_time,5768623778,Adzuna::API::Response::Company,Ecolab,Adzuna::API::Response::Location,India,['India'],Adzuna::API::Response::Category,it-jobs,IT Jobs,,,,,,2026-09-28
Adzuna::API::Response::Job,2026-09-26T16:20:45Z,"We are looking for a detail-oriented and analytical Data Analyst to join our team. The ideal candidate will be responsible for collecting, analyzing, and interpreting data to identify trends, generate insights, and support business decision-making. The candidate should be comfortable working with large datasets, creating reports and dashboards, and communicating findings clearly to business stakeholders. Key Responsibilities Collect, clean, organize, and analyze data from multiple sources. Iden…",0,eyJhbGciOiJIUzI1NiJ9.eyJpIjoiNTg5OTU1NTU0MyIsInMiOiJQdDcyR1RPNzhSR1BwUFR2ODdzQmFnIn0.4MxwEWErb6oW-loJGk0tCfVVHRfphgQ3CGs9V9N6Y0Q,Data Analyst,https://www.adzuna.in/details/5899555543?utm_medium=api&utm_source=7a21a92b,full_time,5899555543,Adzuna::API::Response::Company,Uniabroad,Adzuna::API::Response::Location,India,['India'],Adzuna::API::Response::Category,it-jobs,IT Jobs,,,,500000.0,2500000.0,2026-09-28
Adzuna::API::Response::Job,2026-04-22T01:59:28Z,"Be part of something altogether life-changing Working at Cytiva in the Life Sciences industry means being at the forefront of providing new solutions to transform human health. Our incredible customers undertake life-saving activities ranging from fundamental biological research to developing innovative vaccines, new medicines, and cell and gene therapies. At Cytiva you will be able to continuously improve yourself and us – working on challenges that truly matter with people that care for each …",0,eyJhbGciOiJIUzI1NiJ9.eyJzIjoiUHQ3MkdUTzc4UkdQcFBUdjg3c0JhZyIsImkiOiI1NzA2NDYyNDI1In0.RcRrgLt54IQmRc4hXXPY8NAOrGXAoFTqwjiXX7LgxkU,Data Analyst,https://www.adzuna.in/details/5706462425?utm_medium=api&utm_source=7a21a92b,full_time,5706462425,Adzuna::API::Response::Company,Cytiva Life Science,Adzuna::API::Response::Location,"Bangalore, Karnataka","['India', 'Karnataka', 'Bangalore']",Adzuna::API::Response::Category,it-jobs,IT Jobs,,,,,,2026-09-28
Adzuna::API::Response::Job,2023-10-02T13:22:30Z,"About the role: We are looking for a motivated data analyst with sound experience in handling web/ digital analytics, to join us as part of the Kapiva D2C Business Team. This team is primarily responsible for driving sales and customer engagement on our website. This channel has grown 5x in revenue over the last 12 months and is poised to grow another 5x over the next six. It represents a high-growth, important part of our overall e-commerce growth strategy. The mandate here is to run an end-to…",0,eyJhbGciOiJIUzI1NiJ9.eyJzIjoiUHQ3MkdUTzc4UkdQcFBUdjg3c0JhZyIsImkiOiI0MzQ0NTc4NTY4In0.2y6iaw4DLnM_q0m-sGY97TTyJMCLipjMHmTK04ch7CI,Data Analyst,https://www.adzuna.in/details/4344578568?utm_medium=api&utm_source=7a21a92b,full_time,4344578568,Adzuna::API::Response::Company,Jobdost,Adzuna::API::Response::Location,"Bangalore, Karnataka","['India', 'Karnataka', 'Bangalore']",Adzuna::API::Response::Category,it-jobs,IT Jobs,,,,0.0,500000.0,2026-09-28
Adzuna::API::Response::Job,2026-08-22T16:04:47Z,"CAP-190 : Senior Data Analyst  Location : Bangalore / Hyderabad / Chennai / Pune / NCR  Experience : 7 - 15 Years  Job Code : CAP-190  Work Type : Hybrid - 3 Days in a Week About the Client (CODE: CAP) CAP operates at the forefront of the financial services industry, providing consulting, technology, and digital transformation solutions to leading organizations worldwide. With a focus on innovation, CAP empowers clients to navigate complex regulatory landscapes, optimize operations, and drive b…",0,eyJhbGciOiJIUzI1NiJ9.eyJzIjoiUHQ3MkdUTzc4UkdQcFBUdjg3c0JhZyIsImkiOiI1ODUyMzQyMzA3In0.J7K8E1q-LRp1lfK85uGcfk5tdRcdeF-5_5V8INDU3RA,Data Analyst,https://www.adzuna.in/details/5852342307?utm_medium=api&utm_source=7a21a92b,full_time,5852342307,Adzuna::API::Response::Company,Straatix Partners,Adzuna::API::Response::Location,"Bangalore, Karnataka","['India', 'Karnataka', 'Bangalore']",Adzuna::API::Response::Category,it-jobs,IT Jobs,,,,2500000.0,3500000.0,2026-09-28
Adzuna::API::Response::Job,2026-08-25T07:40:46Z,"We are actively seeking a Hand on Data Analyst who possesses excellent organizational and planning skills, along with a proven ability to handle multiple tasks in a fast-paced environment. We are looking for someone who is highly motivated and self-driven, capable of working independently with minimal guidance or supervision. The ideal candidate will have a strong analytical mindset, utilizing metrics and data to constantly evaluate success and drive improvements in tools, content, and programs…",0,eyJhbGciOiJIUzI1NiJ9.eyJzIjoiUHQ3MkdUTzc4UkdQcFBUdjg3c0JhZyIsImkiOiI1ODU0ODc3NDM1In0.XGosWWit8vtIVnF9BWGWvP52TxaIC3PkCoS1BPPxguI,Data Analyst,https://www.adzuna.in/details/5854877435?utm_medium=api&utm_source=7a21a92b,,5854877435,Adzuna::API::Response::Company,Purview India Consulting And Services Llp,Adzuna::API::Response::Location,"Pune, Maharashtra","['India', 'Maharashtra', 'Pune']",Adzuna::API::Response::Category,it-jobs,IT Jobs,18.5062,73.84735,,,,2026-09-28
Adzuna::API::Response::Job,2026-01-20T11:16:34Z,"Job Role : Profile Data Setup Analyst Job Title : Data Analyst Location : Vadodara | Department: Customer Service | Experience : 3 - 5 Years Job Overview A company, we’ve been transforming the window and door industry with intelligent software for over 40 years. Our solutions power manufacturers, dealers, and installers globally, enabling efficiency, accuracy, and growth. We are now looking for curious, data-driven professionals to join our mission of delivering world-class digital solutions to…",0,eyJhbGciOiJIUzI1NiJ9.eyJzIjoiUHQ3MkdUTzc4UkdQcFBUdjg3c0JhZyIsImkiOiI1NTkyMDkzOTM1In0.YQQN9LHJ20itIkk1GEEtaFU-sX-2Cd5YYT3PN2rCCIo,Data Analyst,https://www.adzuna.in/details/5592093935?utm_medium=api&utm_source=7a21a92b,full_time,5592093935,Adzuna::API::Response::Company,Hunarstreet Technologies Pvt Ltd,Adzuna::API::Response::Location,"Gujarat, India","['India', 'Gujarat']",Adzuna::API::Response::Category,it-jobs,IT Jobs,22.385318,72.365866,,60000.0,700000.0,2026-09-28
Adzuna::API::Response::Job,2026-08-28T07:38:06Z,"Job Summary/Overview: Claight Corporation (Expert Market Research) is seeking a Data Analyst to join our dynamic team and contribute to data-driven decision-making. The ideal candidate will be responsible for managing, analyzing, and maintaining large data sets while ensuring data integrity, consistency, and security. This position offers an excellent opportunity to develop analytical and technical skills in a fast-paced, research-focused environment. Key Responsibilities: Data Management: Mana…",0,eyJhbGciOiJIUzI1NiJ9.eyJpIjoiNTg1OTEyNDEyNiIsInMiOiJQdDcyR1RPNzhSR1BwUFR2ODdzQmFnIn0.U_2WakgC6-9vBplpCE60WQfPKunvffbNkQLZUGnQTH4,Data Analyst,https://www.adzuna.in/details/5859124126?utm_medium=api&utm_source=7a21a92b,,5859124126,Adzuna::API::Response::Company,Claight Corporation Expert Market Research,Adzuna::API::Response::Location,"Noida, Ghaziabad","['India', 'Uttar Pradesh', 'Ghaziabad', 'Noida']",Adzuna::API::Response::Category,it-jobs,IT Jobs,28.56579,77.3225,,,,2026-09-28
Adzuna::API::Response::Job,2022-07-22T06:48:32Z,"Requirements: Bachelor’s degree from university or college in computer science. Work experience as a data analyst or in a related field. Ability to work with stakeholders to assess potential risks. Ability to analyse existing tools and databases and provide software solution recommendations. Ability to translate business requirements into non-technical, lay terms. High-level experience in methodologies and processes for managing large-scale databases. Demonstrated experience in handling large d…",0,eyJhbGciOiJIUzI1NiJ9.eyJpIjoiMzMzNzkwNjE3MiIsInMiOiJQdDcyR1RPNzhSR1BwUFR2ODdzQmFnIn0.XrWiBMzhf-ULlMIr1bNQzEjCy-eCN61hAJpplDF7iwY,Data Analyst,https://www.adzuna.in/details/3337906172?utm_medium=api&utm_source=7a21a92b,full_time,3337906172,Adzuna::API::Response::Company,Mr n Mrs Pet,Adzuna::API::Response::Location,"Jaipur, Rajasthan","['India', 'Rajasthan', 'Jaipur']",Adzuna::API::Response::Category,it-jobs,IT Jobs,26.7441,75.9469,,100000.0,300000.0,2026-09-28
Adzuna::API::Response::Job,2026-09-27T11:04:31Z,"Location: Hybrid (Pune, India - Up to 3 Days Per Week Onsite) Employment Type: Contract Experience Level: Proficient (8 Years) Join a High-Impact Data & Analytics Team Are you passionate about transforming complex data into meaningful business insights? Trissential is seeking an experienced Data Analyst to join our client's team in Pune, India. This is an exciting opportunity to work within a collaborative Agile/Scrum environment where you'll partner with business stakeholders, architects, engi…",0,eyJhbGciOiJIUzI1NiJ9.eyJzIjoiUHQ3MkdUTzc4UkdQcFBUdjg3c0JhZyIsImkiOiI1OTAwMzQ4OTQ4In0.r-uihlIVTHmoKF16QQ-R9bjcGgirFU_AsVnOa3OAsjY,Data Analyst,https://www.adzuna.in/details/5900348948?utm_medium=api&utm_source=7a21a92b,,5900348948,Adzuna::API::Response::Company,Expleo,Adzuna::API::Response::Location,"Nana Peth, Pune","['India', 'Maharashtra', 'Pune', 'Nana Peth']",Adzuna::API::Response::Category,it-jobs,IT Jobs,18.51292,73.864,contract,,,2026-09-28
Adzuna::API::Response::Job,2020-10-15T02:16:09Z,We are looking for a result-driven candidate to join our analytics team as a Data Analyst. Duties And Responsibilities 1. Work closely with Operation Head to setup reporting structures using complex formula(s) over Google Sheets. 2. Should be able to use Google Apps Script towards creating simple applications for ongoing projects/clients. 3. To run a detailed analysis of project-level data to generate additional insights for clients in the form of analytical dashboards. 4. To build trackers for…,0,eyJhbGciOiJIUzI1NiJ9.eyJzIjoiUHQ3MkdUTzc4UkdQcFBUdjg3c0JhZyIsImkiOjE3NjI4MjkxMjZ9.FKGU2oPrThY7BF9K2rjka_oK9yckVmrqPKdMVyheyl8,Data Analyst,https://www.adzuna.in/details/1762829126?utm_medium=api&utm_source=7a21a92b,full_time,1762829126,Adzuna::API::Response::Company,Awign,Adzuna::API::Response::Location,"Bangalore, Karnataka","['India', 'Karnataka', 'Bangalore']",Adzuna::API::Response::Category,it-jobs,IT Jobs,,,,400000.0,700000.0,2026-09-28
Adzuna::API::Response::Job,2026-06-13T13:33:59Z,"Experience: 2 Years Mandatory Skills: Data Analysis, Data Mining, Data Validation, Python, SQL, Power BI, Advanced Excel Data Analyst We are looking for 1 Developer/Analyst to support data analysis, data mapping, and report automation initiatives. This is an entry-level role with structured training, ideal for candidates who are detail-oriented, proactive, and capable of working independently in a fast-paced environment. Key Responsibilities Perform data analysis and data validation across vari…",0,eyJhbGciOiJIUzI1NiJ9.eyJzIjoiUHQ3MkdUTzc4UkdQcFBUdjg3c0JhZyIsImkiOiI1NzYyMjg2MzQzIn0.6cKwV8-4ER4L1OvLszQZCYC2e_byy4cpARkLqf0BUfM,Data Analyst,https://www.adzuna.in/details/5762286343?utm_medium=api&utm_source=7a21a92b,full_time,5762286343,Adzuna::API::Response::Company,Wissen Technology,Adzuna::API::Response::Location,"Bangalore, Karnataka","['India', 'Karnataka', 'Bangalore']",Adzuna::API::Response::Category,it-jobs,IT Jobs,,,contract,,,2026-09-28
Adzuna::API::Response::Job,2024-12-30T12:10:27Z,"Job role: As a data analyst, you will be responsible for compiling actionable insights from data and assisting program, sales and marketing managers build data-driven processes. Your role will involve driving initiatives to optimize for operational excellence and revenue. Responsibilities: Ensure that data flows smoothly from source to destination so that it can be processed Utilize strong database skills to work with large, complex data sets to extract insights Filter and cleanse unstructured …",0,eyJhbGciOiJIUzI1NiJ9.eyJpIjoiNDk5MjAyMDM0NCIsInMiOiJQdDcyR1RPNzhSR1BwUFR2ODdzQmFnIn0.KQ8O5XM_qbESIZP4d6GiykZARNrsMu_bpv8ln1tbaG8,Data Analyst,https://www.adzuna.in/details/4992020344?utm_medium=api&utm_source=7a21a92b,full_time,4992020344,Adzuna::API::Response::Company,Appitsimple infotek Pvt. Ltd.,Adzuna::API::Response::Location,India,['India'],Adzuna::API::Response::Category,it-jobs,IT Jobs,,,,100000.0,300000.0,2026-09-28
Adzuna::API::Response::Job,2024-01-07T15:07:43Z,"DATA ANALYST About: We allows customers to ""buy now and pay later"" for goods and services purchased online and offline portals. It's a rapidly growing organization opening up new avenues of payments for online and offline customers. Role: Define and continuously refine the analytics roadmap. Build, Deploy and Maintain the data infrastructure that supports all of the analysis, including the data warehouse and various data marts Build, deploy and maintain the predictive models and scoring infrast…",0,eyJhbGciOiJIUzI1NiJ9.eyJpIjoiNDUxNDM3NjA1OCIsInMiOiJQSmozR2pPNzhSR1BwUFR2ODdzQmFnIn0.9jFKcTSzjtOK34bqQsjZbAcc_kFyT8CAXFPQpGT1Bcw,Data Analyst,https://www.adzuna.in/details/4514376058?utm_medium=api&utm_source=7a21a92b,full_time,4514376058,Adzuna::API::Response::Company,Qrata,Adzuna::API::Response::Location,"Mumbai, Maharashtra","['India', 'Maharashtra', 'Mumbai']",Adzuna::API::Response::Category,it-jobs,IT Jobs,19.00821,72.84415,,500000.0,1000000.0,2026-09-28
Adzuna::API::Response::Job,2021-10-24T04:00:25Z,"BitClass, a VC funded startup (backed by the investors or Unacademy, Doubtnut, ShareChat, Meesho among others) in the domain of edtech, is looking for a data analyst to help in making better business decisions using information from the available data. The responsibility is to gather and prepare data from multiple sources, run statistical analyses, and communicate your findings in a clear and objective way. Responsibilities - Understanding the business requirements so as to formulate the proble…",0,eyJhbGciOiJIUzI1NiJ9.eyJzIjoiUEpqM0dqTzc4UkdQcFBUdjg3c0JhZyIsImkiOiIyNTcyODMyMzcxIn0.SEswqzNzk_oWNXtZTmKyEiYmhRvEJyspiL8K_hFDpYw,Data Analyst,https://www.adzuna.in/details/2572832371?utm_medium=api&utm_source=7a21a92b,full_time,2572832371,Adzuna::API::Response::Company,BitClass,Adzuna::API::Response::Location,"Bangalore, Karnataka","['India', 'Karnataka', 'Bangalore']",Adzuna::API::Response::Category,it-jobs,IT Jobs,,,,0.0,1600000.0,2026-09-28
Adzuna::API::Response::Job,2026-08-15T08:33:34Z,"Leadership and Team Management: Lead, mentor, and develop a team of data analysts and data scientists. Foster a collaborative and innovative team environment. Conduct predictive analysis to identify trends, patterns, and insights from large data sets. Develop and implement machine learning models and algorithms for predictive analytics. Strategic Planning: Develop and implement the data analytics strategy aligned with the company's goals. Identify opportunities for leveraging company data to dr…",0,eyJhbGciOiJIUzI1NiJ9.eyJpIjoiNTg0MjU5MDEwOSIsInMiOiJQSmozR2pPNzhSR1BwUFR2ODdzQmFnIn0.Ub5uFUwajdFJaaKDOzrFb48ONNE-hnyCSkUGl2naWoo,Data Analyst,https://www.adzuna.in/details/5842590109?utm_medium=api&utm_source=7a21a92b,,5842590109,Adzuna::API::Response::Company,Agiliad Technologies,Adzuna::API::Response::Location,"Gurgaon, Haryana","['India', 'Haryana', 'Gurgaon']",Adzuna::API::Response::Category,it-jobs,IT Jobs,28.323996,76.983738,,,,2026-09-28
Adzuna::API::Response::Job,2026-09-18T21:57:43Z,"About Fleek Fleek is a B2B Marketplace for wholesale second-hand fashion. We enable resellers and retail stores to buy from vintage clothing suppliers worldwide. We are backed by top Silicon Valley VCs such as Andreessen Horowitz (a16z), Y Combinator, and founders/CEOs of Depop, Shopify, and Postmates. About The Team Fleek is a diverse set of funky individuals with the single mission of helping sustainability and promoting circular fashion while building a beautiful product experience. Our 50 p…",0,eyJhbGciOiJIUzI1NiJ9.eyJpIjoiNTg4OTU3Mjg3NCIsInMiOiJQSmozR2pPNzhSR1BwUFR2ODdzQmFnIn0.IjypYvy7GZzf_DSR5w6Xs99lDr75w5lTnEpMyfOV2Fk,Data Analyst,https://www.adzuna.in/details/5889572874?utm_medium=api&utm_source=7a21a92b,full_time,5889572874,Adzuna::API::Response::Company,Joinfleek,Adzuna::API::Response::Location,"Bangalore, Karnataka","['India', 'Karnataka', 'Bangalore']",Adzuna::API::Response::Category,it-jobs,IT Jobs,,,,600000.0,600000.0,2026-09-28
Adzuna::API::Response::Job,2026-08-07T07:27:22Z,"Job Purpose We are looking for a passionate Data Analyst to support the Operations Analytics department at ICE. The successful candidate will play a crucial role in extracting actionable insights from large datasets to guide strategic decision making within the organization. Primary responsibilities will revolve around analyzing complex data sets, identifying patterns, and developing models to provide actionable recommendations to our stakeholders. Responsibilities Data Analysis: Collect, clean…",0,eyJhbGciOiJIUzI1NiJ9.eyJzIjoiUEpqM0dqTzc4UkdQcFBUdjg3c0JhZyIsImkiOiI1ODMxMzk3Mjg1In0.aQmQ44aZ2muTnC3AWtRlpq2saYcKm4yqEtkuU6j3yco,Data Analyst,https://www.adzuna.in/details/5831397285?utm_medium=api&utm_source=7a21a92b,,5831397285,Adzuna::API::Response::Company,ICE,Adzuna::API::Response::Location,"Hyderabad, Telangana","['India', 'Telangana', 'Hyderabad']",Adzuna::API::Response::Category,it-jobs,IT Jobs,17.40275,78.50806,,,,2026-09-28
Adzuna::API::Response::Job,2021-11-12T04:18:09Z,"Data Analyst Job Description : About GlowRoad: GlowRoad is building India's most profitable social e-commerce platform where resellers share the catalog of products through their network on Facebook, Whatsapp, Instagram, etc and convert them to sales. GlowRoad is on a mission to create micro-entrepreneurs (resellers) who can set up their web-store, market their products and track all transactions through its platform. GlowRoad app has 15M downloads and 1- million  MAU's.- GlowRoad has been fund…",0,eyJhbGciOiJIUzI1NiJ9.eyJzIjoiUEpqM0dqTzc4UkdQcFBUdjg3c0JhZyIsImkiOiIyNjM1NTI2MzQwIn0.1zUsUQFqmKIbt7kJC2NiPwGOj86dBT88uyJbaRaA7hQ,Data Analyst,https://www.adzuna.in/details/2635526340?utm_medium=api&utm_source=7a21a92b,full_time,2635526340,Adzuna::API::Response::Company,Amazon,Adzuna::API::Response::Location,"Bangalore, Karnataka","['India', 'Karnataka', 'Bangalore']",Adzuna::API::Response::Category,it-jobs,IT Jobs,,,,0.0,800000.0,2026-09-28
Adzuna::API::Response::Job,2026-07-06T03:28:04Z,"ZEISS in India ZEISS in India is headquartered in Bengaluru and present in the fields of Industrial Quality Solutions, Research Microscopy Solutions, Medical Technology, Vision Care and Sports & Cine Optics. ZEISS India has 3 production facilities, R&D center, Global IT services and about 40 Sales & Service offices in almost all Tier I and Tier II cities in India. With 2200 employees and continued investments over 25 years in India, ZEISS’ success story in India is continuing at a rapid pace. F…",0,eyJhbGciOiJIUzI1NiJ9.eyJzIjoiUEpqM0dqTzc4UkdQcFBUdjg3c0JhZyIsImkiOiI1Nzg5Mzk0NzQ2In0.PVxpKRxWD8stY3LXORRIdWFE47IdCLkRDJ6lVLe9S44,Data Analyst,https://www.adzuna.in/details/5789394746?utm_medium=api&utm_source=7a21a92b,full_time,5789394746,Adzuna::API::Response::Company,ZEISS,Adzuna::API::Response::Location,"Bangalore, Karnataka","['India', 'Karnataka', 'Bangalore']",Adzuna::API::Response::Category,it-jobs,IT Jobs,12.95703,77.59837,,,,2026-09-28
Adzuna::API::Response::Job,2026-08-12T20:42:00Z,"Job Description: Responsibilities as the Data/Business Analyst: Analyzing the as-is data structures and mapping to new to-be data structures Writing high quality, testable user stories to ensure that these can be estimated, delivered by developers and used to define test automation and which. Analyzing, understanding and documenting existing system behavior, including data mapping and transformation to support integration design as well as identification of system features and data requirements…",0,eyJhbGciOiJIUzI1NiJ9.eyJzIjoiUEpqM0dqTzc4UkdQcFBUdjg3c0JhZyIsImkiOiI1ODM4NDMzNTk4In0.YwHfxEK2rfR6hijrBfyCUBFYuVW1x6nGcfZdzBLIQ4o,Data Analyst,https://www.adzuna.in/details/5838433598?utm_medium=api&utm_source=7a21a92b,full_time,5838433598,Adzuna::API::Response::Company,DXC Technology,Adzuna::API::Response::Location,India,['India'],Adzuna::API::Response::Category,it-jobs,IT Jobs,,,,,,2026-09-28
Adzuna::API::Response::Job,2022-01-30T04:34:28Z,Required Experience · 3 years of relevant technical experience as a data analyst role · Intermediate / expert skills with SQL and basic statistics · Experience in Advance SQL · Python programming- Added advantage · Strong problem solving and structuring skills · Automation in connecting various sources to the data and representing it through various dashboards · Excellent with Numbers and communicate data points through various reports/templates · Ability to communicate effectively internally a…,0,eyJhbGciOiJIUzI1NiJ9.eyJzIjoiUEpqM0dqTzc4UkdQcFBUdjg3c0JhZyIsImkiOiIyODUzOTI4MTE4In0.XLPflXv2EEKzpONlA0Fm-bI9trplBLrDVccvz2lsWh4,Data Analyst,https://www.adzuna.in/details/2853928118?utm_medium=api&utm_source=7a21a92b,full_time,2853928118,Adzuna::API::Response::Company,Extramarks,Adzuna::API::Response::Location,"Noida, Ghaziabad","['India', 'Uttar Pradesh', 'Ghaziabad', 'Noida']",Adzuna::API::Response::Category,it-jobs,IT Jobs,28.56579,77.3225,,0.0,1000000.0,2026-09-28
Adzuna::API::Response::Job,2026-01-26T00:36:10Z,"Arcana is a portfolio intelligence platform used by hedge funds and asset managers to analyze performance and risk. We’re rethinking the tools institutional investors rely on—and we’re hiring analysts who want to help drive that transformation. We are looking for a Data Analyst to work with large-scale financial datasets, ensure high data quality, and deliver actionable insights through dashboards and reports. The role focuses on building and maintaining robust data quality frameworks and colla…",0,eyJhbGciOiJIUzI1NiJ9.eyJpIjoiNTYwMDM3NzQ3OCIsInMiOiJQSmozR2pPNzhSR1BwUFR2ODdzQmFnIn0.WemJAFs3ITNQh96Wz1wUQWbiScEfxNyf4n242HGD_gk,Data Analyst,https://www.adzuna.in/details/5600377478?utm_medium=api&utm_source=7a21a92b,,5600377478,Adzuna::API::Response::Company,Arcana Analytics,Adzuna::API::Response::Location,India,['India'],Adzuna::API::Response::Category,it-jobs,IT Jobs,,,,,,2026-09-28
Adzuna::API::Response::Job,2026-05-13T02:06:29Z,"Job Description: Position : Data Analyst Location : Mumbai Experience requirement : 2-4Years Joining Date : Immediate to 30 days Job Description Responsibilities: · Utilize SQL, Alteryx, and Tableau/Power BI to extract, transform, and visualize data for analytical purposes. · Demonstrate intermediate-level proficiency in at least one of the major visualization tools (Tableau/Power BI). · Apply working knowledge of Apache Hive, Apache Spark, Impala, Presto, and Snowflake for data processing and …",0,eyJhbGciOiJIUzI1NiJ9.eyJzIjoiUEpqM0dqTzc4UkdQcFBUdjg3c0JhZyIsImkiOiI1NzI3MTYzNzUxIn0.noU4Ktcx7DQfyzRsoMrN239TxiVsfEnxudi8lxGRPw4,Data Analyst,https://www.adzuna.in/details/5727163751?utm_medium=api&utm_source=7a21a92b,full_time,5727163751,Adzuna::API::Response::Company,MM Staffing & Career Consultants,Adzuna::API::Response::Location,"Mumbai, Maharashtra","['India', 'Maharashtra', 'Mumbai']",Adzuna::API::Response::Category,it-jobs,IT Jobs,19.00821,72.84415,,100000.0,600000.0,2026-09-28
Adzuna::API::Response::Job,2026-01-09T00:41:11Z,"Position Overview We are seeking a detail-oriented Data Analyst who will ensure that organizational data is accurately transformed, validated, and prepared for downstream consumption. Key Responsibilities Data Transformation & Integration Design, develop, and maintain ETL/ELT pipelines to consolidate data from disparate systems (databases, APIs, flat files) Apply business logic to normalize, enrich, and standardize incoming datasets Data Quality Assurance Implement validation rules and automate…",0,eyJhbGciOiJIUzI1NiJ9.eyJzIjoiUEpqM0dqTzc4UkdQcFBUdjg3c0JhZyIsImkiOiI1NTc0Mzk4MDI2In0.Orvi4G2SP9Pdy-A12NernKJvXEUEN3NHKcBUuP-DLoY,Data Analyst,https://www.adzuna.in/details/5574398026?utm_medium=api&utm_source=7a21a92b,,5574398026,Adzuna::API::Response::Company,Topcoder,Adzuna::API::Response::Location,"Noida, Ghaziabad","['India', 'Uttar Pradesh', 'Ghaziabad', 'Noida']",Adzuna::API::Response::Category,it-jobs,IT Jobs,28.56579,77.3225,,,,2026-09-28
Adzuna::API::Response::Job,2025-05-23T06:51:59Z,"Description of Role: We are looking for a career-minded professional with global perspective to join the Mumbai based Data & Analytics Group (DAG). Key responsibilities: As part of the Data & Analytics Group (DAG) and reporting to the Head of the India DAG locally, the individual is responsible for the following – 1.Review, analyze, and resolve data quality issues for enterprise core data in the IM Data Warehouse. 2.Coordinate with data owners and other teams to identify root-cause of data qual…",0,eyJhbGciOiJIUzI1NiJ9.eyJzIjoiUEpqM0dqTzc4UkdQcFBUdjg3c0JhZyIsImkiOiI1MjExNzc5Mjc5In0.ADNFWDfzT2qEymq0KiwAVRRq2wCpSMlywjI_j-Isu-E,Data Analyst,https://www.adzuna.in/details/5211779279?utm_medium=api&utm_source=7a21a92b,full_time,5211779279,Adzuna::API::Response::Company,Wissen Technology,Adzuna::API::Response::Location,"Mumbai, Maharashtra","['India', 'Maharashtra', 'Mumbai']",Adzuna::API::Response::Category,it-jobs,IT Jobs,19.00821,72.84415,,,,2026-09-28
Adzuna::API::Response::Job,2026-08-21T07:38:50Z,"The Analyst will be responsible for work on day-to-day Power BI requests. He/She should be able to help the stakeholders on improving the processes via automation of projects. The analysts should be able to deep dive into the data for insights and also be able to formulate Power BI tasks and solutions. Shift Timings: Flexible Principal Responsibilities Request processing - Working on ad-hoc requests, communication with stakeholders. Process management - Quality Control, Maintenance of Power BI …",0,eyJhbGciOiJIUzI1NiJ9.eyJzIjoiUEpqM0dqTzc4UkdQcFBUdjg3c0JhZyIsImkiOiI1ODUwMzc2MDg5In0.jY9AzYOLGD90o9hKEOwIxSkvOsg2pUK63vVg4dii4Zg,Data Analyst,https://www.adzuna.in/details/5850376089?utm_medium=api&utm_source=7a21a92b,,5850376089,Adzuna::API::Response::Company,Egon Zehnder,Adzuna::API::Response::Location,"Gurgaon, Haryana","['India', 'Haryana', 'Gurgaon']",Adzuna::API::Response::Category,it-jobs,IT Jobs,28.323996,76.983738,,,,2026-09-28
Adzuna::API::Response::Job,2026-09-11T16:16:13Z,"At Nineleaps, we work on bleeding-edge technology with class-leading engineering practices on products that touch the lives of millions of users. We endeavor on doing things the right way, while also promoting a culture of excellence. About the Role: We are looking for a Data Analyst with strong analytical and problem-solving skills to transform complex data into meaningful, actionable business insights. The role involves working with large datasets, conducting deep-dive analysis, driving autom…",0,eyJhbGciOiJIUzI1NiJ9.eyJpIjoiNTg3OTU2MTgxMyIsInMiOiJQSmozR2pPNzhSR1BwUFR2ODdzQmFnIn0.qLcXeD7CAxzew-7i5ZAFZaAT_VqduLnCWLkXfktsblw,Data Analyst,https://www.adzuna.in/details/5879561813?utm_medium=api&utm_source=7a21a92b,full_time,5879561813,Adzuna::API::Response::Company,Nineleaps,Adzuna::API::Response::Location,"Bangalore, Karnataka","['India', 'Karnataka', 'Bangalore']",Adzuna::API::Response::Category,it-jobs,IT Jobs,,,,,,2026-09-28
Adzuna::API::Response::Job,2026-09-20T07:45:08Z,"About Ascendion Ascendion is a leader in AI-Native platform driven software engineering company that underwrites outcomes, helping businesses innovate faster, smarter, and with greater impact. We partner with Global 2000 clients across North America, UK, Europe, and APAC to solve complex challenges in data, experience design, software product engineering, and workforce transformation. Powered by expert engineers, thousands of AI agents, and our Engineering to the Power of AI™ (EngineeringAI) me…",0,eyJhbGciOiJIUzI1NiJ9.eyJpIjoiNTg5MTI0MjA1NSIsInMiOiJQSmozR2pPNzhSR1BwUFR2ODdzQmFnIn0.WZqxqUthYrUPgZ6hFOt1GiUO-Xvtw2wBLjO0nHMbAW4,Data Analyst,https://www.adzuna.in/details/5891242055?utm_medium=api&utm_source=7a21a92b,,5891242055,Adzuna::API::Response::Company,ascendion,Adzuna::API::Response::Location,"Gurgaon, Haryana","['India', 'Haryana', 'Gurgaon']",Adzuna::API::Response::Category,it-jobs,IT Jobs,28.323996,76.983738,,,,2026-09-28
Adzuna::API::Response::Job,2026-09-24T11:14:06Z,"Data Analyst Job Description Job Purpose & Dimensions Ensure global master data is being maintained on a highest quality level throughout their lifecycle. Define and continuously improve and implement measures, processes and tools to control global master data consistency and enhance existing tools. Core Responsibilities  Maintain and govern master data across SCM systems, ensuring data quality, consistency, and compliance with governance standards.  Ensure adherence to Master Data Governance (…",0,eyJhbGciOiJIUzI1NiJ9.eyJzIjoiUEpqM0dqTzc4UkdQcFBUdjg3c0JhZyIsImkiOiI1ODk2MzY3Nzk0In0.pchWmeTvKg2CzyDCKe-eLuV_Sj4jmnRkkra0XfnjkQY,Data Analyst,https://www.adzuna.in/details/5896367794?utm_medium=api&utm_source=7a21a92b,,5896367794,Adzuna::API::Response::Company,Renesas,Adzuna::API::Response::Location,"Bangalore, Karnataka","['India', 'Karnataka', 'Bangalore']",Adzuna::API::Response::Category,it-jobs,IT Jobs,,,,,,2026-09-28
Adzuna::API::Response::Job,2025-09-02T07:56:40Z,"Job Summary The Data Analyst is required to Data capture, data cleaning, data preparation, data management and data analysis and interpretations required by the Business. Handle data factory with precision and confidentiality. The role is crucial for providing actionable insights to improve teaching quality, enhance student performance, optimize business operations, and drive growth. Essential Job Responsibilities: Academic Data Analysis · Analyze student performance data from internal assessme…",0,eyJhbGciOiJIUzI1NiJ9.eyJpIjoiNTM3OTAyMTg4MiIsInMiOiJQSmozR2pPNzhSR1BwUFR2ODdzQmFnIn0.3Yag6gr4JGCQkYwISNJlKhADTA0LG1w_neJakrqH08c,Data Analyst,https://www.adzuna.in/details/5379021882?utm_medium=api&utm_source=7a21a92b,full_time,5379021882,Adzuna::API::Response::Company,ICAD school of Learning,Adzuna::API::Response::Location,"Nagpur, Maharashtra","['India', 'Maharashtra', 'Nagpur']",Adzuna::API::Response::Category,it-jobs,IT Jobs,21.1867,78.9786,,500000.0,800000.0,2026-09-28
Adzuna::API::Response::Job,2025-12-01T22:55:55Z,Job Code : JPC – 36740 We are looking for a creative data analyst who has strong experience in both data visualization and data workflow construction Analyst must be proficient in both Hadoop and Alteryx (Hadoop certification required) Analyst must have experience working with senior leadership to both comprehend and produce desired outputs Experience building Hadoop dashboards showing multiple visual views of performance with easy drill down capability Preferred candidate will be well versed i…,0,eyJhbGciOiJIUzI1NiJ9.eyJpIjoiNTUyMjEyNjU5MiIsInMiOiJQSmozR2pPNzhSR1BwUFR2ODdzQmFnIn0.ukvLcVNAgInb7LyhHg14goEG1MNL2I9LABV861UieSo,Data Analyst,https://www.adzuna.in/details/5522126592?utm_medium=api&utm_source=7a21a92b,full_time,5522126592,Adzuna::API::Response::Company,Technogen,Adzuna::API::Response::Location,"Bangalore, Karnataka","['India', 'Karnataka', 'Bangalore']",Adzuna::API::Response::Category,it-jobs,IT Jobs,,,,,,2026-09-28
Adzuna::API::Response::Job,2024-12-25T11:57:39Z,"The Clinton Health Access Initiative, Inc. (CHAI) is a global health organization committed to saving lives and reducing the burden of disease in low-and middle-income countries, while strengthening the capabilities of governments and the private sector in those countries to create and sustain high-quality health systems that can succeed without our assistance. For more information, please visit: http://www.clintonhealthaccess.org In India, CHAI has worked on various initiatives with the Nation…",0,eyJhbGciOiJIUzI1NiJ9.eyJzIjoiUEpqM0dqTzc4UkdQcFBUdjg3c0JhZyIsImkiOiI0OTg4ODUxNjk0In0.R3fNnyNyzr727SRd60KeAvkkfeS7oFaXbbJcwrbBAmw,Data Analyst,https://www.adzuna.in/details/4988851694?utm_medium=api&utm_source=7a21a92b,full_time,4988851694,Adzuna::API::Response::Company,Clinton Health Access Initiative,Adzuna::API::Response::Location,"Bhopal, Madhya Pradesh","['India', 'Madhya Pradesh', 'Bhopal']",Adzuna::API::Response::Category,admin-jobs,Admin Jobs,23.27495,77.41355,,300000.0,400000.0,2026-09-28
Adzuna::API::Response::Job,2026-05-14T02:05:21Z,"Job Description: Position Summary: We are seeking a meticulous and skilled MIS/data analyst to join our team. The ideal candidate will be proficient in advanced Excel and Google Sheets, adept at using complex formulas, and capable of transferring data from CRM software such as Skynamo, Freshsales, and Xero into Google Sheets. The role involves creating insightful dashboards and revenue models to support data-driven decision-making. Key Responsibilities: Data Management: Transfer and manage data…",0,eyJhbGciOiJIUzI1NiJ9.eyJpIjoiNTcyODI2NzI3OSIsInMiOiJQSmozR2pPNzhSR1BwUFR2ODdzQmFnIn0.sU4ufL_MhpyMhUjGRkla777mzfQBs13f5AK7-j8CfHc,Data Analyst,https://www.adzuna.in/details/5728267279?utm_medium=api&utm_source=7a21a92b,full_time,5728267279,Adzuna::API::Response::Company,Mantras2Success,Adzuna::API::Response::Location,"Ahmedabad, Gujarat","['India', 'Gujarat', 'Ahmedabad']",Adzuna::API::Response::Category,it-jobs,IT Jobs,23.042,72.59465,,500000.0,700000.0,2026-09-28
Adzuna::API::Response::Job,2023-06-18T16:46:34Z,"Is your next career move to work in a team which uses data, reporting and analytical skills to help answer business questions to make DAZN a data-driven company? DAZN is a tech-first sport streaming platform that reaches millions of users every week. We are challenging a traditional industry and giving power back to the fans. Our new Hyderabad tech hub will be the engine that drives us forward to the future. We’re pushing boundaries and doing things no-one has done before. Here, you have the op…",0,eyJhbGciOiJIUzI1NiJ9.eyJpIjoiNDE1ODA0OTU0NiIsInMiOiJQSmozR2pPNzhSR1BwUFR2ODdzQmFnIn0.UpJD13T5PgKfaFeOD2SMFGpERd1VOh_dvzUorBpdveU,Data Analyst,https://www.adzuna.in/details/4158049546?utm_medium=api&utm_source=7a21a92b,full_time,4158049546,Adzuna::API::Response::Company,DAZN,Adzuna::API::Response::Location,"Hyderabad, Telangana","['India', 'Telangana', 'Hyderabad']",Adzuna::API::Response::Category,it-jobs,IT Jobs,17.40275,78.50806,,,,2026-09-28
Adzuna::API::Response::Job,2026-08-28T07:37:34Z,"We are looking for a meticulous and analytical Data Analyst with strong SQL skills and cloud experience to join our team. The ideal candidate will have a solid background in data analysis, statistical techniques, with specific expertise in using SQL to manage and analyze large datasets in cloud environments. You will be responsible for interpreting data, analyzing results, and providing actionable insights to drive business decisions. Responsibilities: Gather data from various sources, ensuring…",0,eyJhbGciOiJIUzI1NiJ9.eyJzIjoiUEpqM0dqTzc4UkdQcFBUdjg3c0JhZyIsImkiOiI1ODU5MTIyNjg4In0.Z9XDs26vnpOaBEukw6Z3yr-QUfDZNJWIpJqS_cQ2SEE,Data Analyst,https://www.adzuna.in/details/5859122688?utm_medium=api&utm_source=7a21a92b,,5859122688,Adzuna::API::Response::Company,Robosoft Technologies,Adzuna::API::Response::Location,"Bangalore, Karnataka","['India', 'Karnataka', 'Bangalore']",Adzuna::API::Response::Category,it-jobs,IT Jobs,,,,,,2026-09-28
Adzuna::API::Response::Job,2026-08-28T07:37:33Z,"We are looking for a meticulous and analytical Data Analyst with strong SQL skills and cloud experience to join our team. The ideal candidate will have a solid background in data analysis, statistical techniques, with specific expertise in using SQL to manage and analyze large datasets in cloud environments. You will be responsible for interpreting data, analyzing results, and providing actionable insights to drive business decisions. Responsibilities: Gather data from various sources, ensuring…",0,eyJhbGciOiJIUzI1NiJ9.eyJzIjoiUEpqM0dqTzc4UkdQcFBUdjg3c0JhZyIsImkiOiI1ODU5MTIyNjQ3In0.03vmllMqQHXsgSs8bYw5w502IftckAwKFWte_F_e0tk,Data Analyst,https://www.adzuna.in/details/5859122647?utm_medium=api&utm_source=7a21a92b,,5859122647,Adzuna::API::Response::Company,Robosoft Technologies,Adzuna::API::Response::Location,"Navi Mumbai, Maharashtra","['India', 'Maharashtra', 'Navi Mumbai']",Adzuna::API::Response::Category,it-jobs,IT Jobs,19.02,73.02,,,,2026-09-28
Adzuna::API::Response::Job,2024-07-31T03:15:22Z,"About Immunogen Targeting a better life for people with cancer is why we get up in the morning. It’s not enough to disrupt the progress of someone’s cancer; we want to keep cancer from disrupting someone’s life. That’s why everything we do is about developing the most precise, targeted cancer therapies. We believe this is the best way to get people back to their lives – back to living today, tomorrow, and beyond. For us, targeting a better now is the only thing that matters. About the role Canc…",0,eyJhbGciOiJIUzI1NiJ9.eyJpIjoiNDgwMTU1ODcwMSIsInMiOiJQSmozR2pPNzhSR1BwUFR2ODdzQmFnIn0.1VO3oliV92B5FkUQdRIhgwtfcOGIafHu9uEhTNSwUjE,Data Analyst,https://www.adzuna.in/details/4801558701?utm_medium=api&utm_source=7a21a92b,full_time,4801558701,Adzuna::API::Response::Company,Immunogen Pharmaceutical,Adzuna::API::Response::Location,"Bangalore, Karnataka","['India', 'Karnataka', 'Bangalore']",Adzuna::API::Response::Category,it-jobs,IT Jobs,,,,,,2026-09-28
Adzuna::API::Response::Job,2026-09-20T21:38:43Z,"Job Description Summary The Data Analyst will develop technical architecture and automation support to regional and global GE Vernova Consulting Services team. This role employs a data-centric solutions approach to transform raw power system datasets into high-fidelity actionable insights, enhancing our tactical and strategic market position through robust analytical pipelines. Job Description Roles and Responsibilities Infrastructure Management: Design, build, and maintain scalable ELT/ETL (Ex…",0,eyJhbGciOiJIUzI1NiJ9.eyJzIjoiUEpqM0dqTzc4UkdQcFBUdjg3c0JhZyIsImkiOiI1ODkxODc2NDMxIn0.3y3xuiak8LLc52MZd8audJZxJqhOF2aTC5bBRYYDob8,Data Analyst,https://www.adzuna.in/details/5891876431?utm_medium=api&utm_source=7a21a92b,full_time,5891876431,Adzuna::API::Response::Company,GE Vernova,Adzuna::API::Response::Location,"Bangalore, Karnataka","['India', 'Karnataka', 'Bangalore']",Adzuna::API::Response::Category,it-jobs,IT Jobs,,,,,,2026-09-28
Adzuna::API::Response::Job,2026-08-07T20:54:37Z,"Description The Data Analyst will focus on advanced analytics, predictive modeling, and scalable BI development to support Sales leadership with forward-looking insights. This role is responsible for building and maintaining predictive, repeatable reporting frameworks across forecasting, top-of-funnel performance, and core sales KPIs. Advanced Analytics & Predictive Modeling Design and maintain predictive models to support revenue forecasting, pipeline movement, deal progression, and funnel con…",0,eyJhbGciOiJIUzI1NiJ9.eyJpIjoiNTgzMjA5MDA4NiIsInMiOiJQSmozR2pPNzhSR1BwUFR2ODdzQmFnIn0.XHamaX5RnqmWbmHFwmOn6suEuLm1mfiBkli3ZDXmnt8,Data Analyst,https://www.adzuna.in/details/5832090086?utm_medium=api&utm_source=7a21a92b,full_time,5832090086,Adzuna::API::Response::Company,Fortive,Adzuna::API::Response::Location,India,['India'],Adzuna::API::Response::Category,it-jobs,IT Jobs,,,,,,2026-09-28
Adzuna::API::Response::Job,2026-09-20T11:11:31Z,"Job Description Summary The Data Analyst will develop technical architecture and automation support to regional and global GE Vernova Consulting Services team. This role employs a data-centric solutions approach to transform raw power system datasets into high-fidelity actionable insights, enhancing our tactical and strategic market position through robust analytical pipelines. Job Description Roles and Responsibilities  Infrastructure Management: Design, build, and maintain scalable ELT/ETL (E…",0,eyJhbGciOiJIUzI1NiJ9.eyJpIjoiNTg5MTQwNDI0OSIsInMiOiJQSmozR2pPNzhSR1BwUFR2ODdzQmFnIn0.S-MiX4X7eWasMT7bLHCtrp8LmK4gtbvEAZNLQEq0jrU,Data Analyst,https://www.adzuna.in/details/5891404249?utm_medium=api&utm_source=7a21a92b,,5891404249,Adzuna::API::Response::Company,GE Vernova,Adzuna::API::Response::Location,"Bangalore, Karnataka","['India', 'Karnataka', 'Bangalore']",Adzuna::API::Response::Category,it-jobs,IT Jobs,,,,,,2026-09-28
Adzuna::API::Response::Job,2026-09-24T16:14:49Z,"DRW is a diversified trading firm with over 3 decades of experience bringing sophisticated technology and exceptional people together to operate in markets around the world. We value autonomy and the ability to quickly pivot to capture opportunities, so we operate using our own capital and trading at our own risk. Headquartered in Chicago with offices throughout the U.S., Canada, Europe, and Asia, we trade a variety of asset classes including Fixed Income, ETFs, Equities, FX, Commodities and En…",0,eyJhbGciOiJIUzI1NiJ9.eyJpIjoiNTg5NjY0NjY0NCIsInMiOiJQSmozR2pPNzhSR1BwUFR2ODdzQmFnIn0.0_1oiSrd1aVQYDgvoCosvB5zvSfSDFcSJbdGqRkFDTY,Data Analyst,https://www.adzuna.in/details/5896646644?utm_medium=api&utm_source=7a21a92b,full_time,5896646644,Adzuna::API::Response::Company,DRW,Adzuna::API::Response::Location,India,['India'],Adzuna::API::Response::Category,it-jobs,IT Jobs,,,permanent,,,2026-09-28
Adzuna::API::Response::Job,2026-09-18T16:13:37Z,"Summary of the position: We are seeking a detail-oriented and highly skilled Data Analyst to join our dynamic team. This role is integral to the creation of Management Information (MI) Dashboards and will drive intelligence and insights across our organisation. The ideal candidate will have extensive experience in using Power BI and Microsoft Fabric, and will thrive in a demanding, data-led environment. They will have a solid understanding of Master Data Management & Data Science methodologies …",0,eyJhbGciOiJIUzI1NiJ9.eyJzIjoiUEpqM0dqTzc4UkdQcFBUdjg3c0JhZyIsImkiOiI1ODg5MDg1MjM2In0.SYqOU3Q5YNHPpqq_DuA9OHCgY86v4plMHjhvCR7Ahok,Data Analyst,https://www.adzuna.in/details/5889085236?utm_medium=api&utm_source=7a21a92b,full_time,5889085236,Adzuna::API::Response::Company,PMC Commerce,Adzuna::API::Response::Location,"Vadodara, Gujarat","['India', 'Gujarat', 'Vadodara']",Adzuna::API::Response::Category,it-jobs,IT Jobs,22.2891,73.1924,,,,2026-09-28
Adzuna::API::Response::Job,2022-01-21T04:29:35Z,"Data Analyst Job Description Summary Are you passionate about handling large & complex data problems, want to make an impact and have the desire to work on ground-breaking big data technologies? Then we are looking for you. At Amagi, great ideas have a way of becoming great products, services, and customer experiences very quickly. Bring passion and dedication to your job and there's no telling what you could accomplish. Would you like to work in a fast-paced environment where your technical ab…",0,eyJhbGciOiJIUzI1NiJ9.eyJpIjoiMjgzMDIxMDM1NyIsInMiOiJQSmozR2pPNzhSR1BwUFR2ODdzQmFnIn0.E3NzE1V7jFB6UiBJ-4IJ2ANu8IVrkVhcCXwOogr_DaY,Data Analyst,https://www.adzuna.in/details/2830210357?utm_medium=api&utm_source=7a21a92b,full_time,2830210357,Adzuna::API::Response::Company,Amagi Media Labs,Adzuna::API::Response::Location,"Bangalore, Karnataka","['India', 'Karnataka', 'Bangalore']",Adzuna::API::Response::Category,it-jobs,IT Jobs,,,,1000000.0,2000000.0,2026-09-28
Adzuna::API::Response::Job,2026-09-26T11:15:11Z,"India T&M Special Bonus: Req ID: 390777 NTT DATA strives to hire exceptional, innovative and passionate individuals who want to grow with us. If you want to be part of an inclusive, adaptable, and forward-thinking organization, apply now. We are currently seeking a Data Analyst to join our team in Remote, Karnataka (IN-KA), India (IN). Explore and profile source data Analyze Chemille usage and performance Identify trends, patterns, and data-quality issues Support KPI definition and validation D…",0,eyJhbGciOiJIUzI1NiJ9.eyJzIjoiUEpqM0dqTzc4UkdQcFBUdjg3c0JhZyIsImkiOiI1ODk5MzI4Mjg5In0.1vyi_MXVUPjktTF-ZKRghJSQ4eHJiNdj_gBxOIyw7Lw,Data Analyst,https://www.adzuna.in/details/5899328289?utm_medium=api&utm_source=7a21a92b,,5899328289,Adzuna::API::Response::Company,"NTT America, Inc.",Adzuna::API::Response::Location,India,['India'],Adzuna::API::Response::Category,it-jobs,IT Jobs,,,,,,2026-09-28
Adzuna::API::Response::Job,2026-08-10T20:48:00Z,"Portcast is a venture-backed, Singapore-based logistics technology startup building a real-time transportation visibility platform for global supply chains. We help shippers, manufacturers, and logistics service providers turn data into decisions and decisions into measurable business impact. Our platform goes beyond visibility. Portcast enables action at scale by surfacing the right risks early, helping teams prevent detention and demurrage, accelerate exception management, and close invoices …",0,eyJhbGciOiJIUzI1NiJ9.eyJpIjoiNTgzNTcyMzg4NSIsInMiOiJQSmozR2pPNzhSR1BwUFR2ODdzQmFnIn0.3bYi1a8Wxx5tkZbcdICph0x45vepiOmUNR5E9nV82aA,Data Analyst,https://www.adzuna.in/details/5835723885?utm_medium=api&utm_source=7a21a92b,full_time,5835723885,Adzuna::API::Response::Company,Portcast,Adzuna::API::Response::Location,India,['India'],Adzuna::API::Response::Category,engineering-jobs,Engineering Jobs,,,,,,2026-09-28
Adzuna::API::Response::Job,2026-09-24T22:38:45Z,"Join our Team About Opportunity The role is accountable for identifying business insights and driving improvement opportunities through Statistical, Exploratory, and Advanced Analytics. The analyst will design, automate, and maintain analytical solutions across operational and network performance, enabling measurable on-ground improvements. This role requires an analytical thinker who can translate complex datasets into meaningful insights for business and network functions. Key Responsibilitie…",0,eyJhbGciOiJIUzI1NiJ9.eyJzIjoiUEpqM0dqTzc4UkdQcFBUdjg3c0JhZyIsImkiOiI1ODk3MTc2ODQ4In0.1EJOKgW6GhFwUSt1_CZDrtbGpMwDeS8DFRCk4Vq7ddY,Data Analyst,https://www.adzuna.in/details/5897176848?utm_medium=api&utm_source=7a21a92b,full_time,5897176848,Adzuna::API::Response::Company,Ericsson,Adzuna::API::Response::Location,"Kanpur Dehat, Uttar Pradesh","['India', 'Uttar Pradesh', 'Kanpur Dehat']",Adzuna::API::Response::Category,it-jobs,IT Jobs,26.37574,80.10093,permanent,,,2026-09-28
Adzuna::API::Response::Job,2022-01-21T04:29:34Z,"1. 2 to 4 years of experience 2. hands on experience using python, sql, tablaue 3. Data Analyst About Amagi ( www.amagi.com ): Amagi is a market leader in cloud based media technology services for channel creation, distribution and ad monetization. Amagi’s cloud technology and managed services is used by TV networks, content owners, sports rights owners and pay TV / OTT platforms to create 24x7 linear channels for OTT and broadcast and deliver them to end consumers. Amagi’s pioneering and marke…",0,eyJhbGciOiJIUzI1NiJ9.eyJzIjoiUEpqM0dqTzc4UkdQcFBUdjg3c0JhZyIsImkiOiIyODMwMjEwMjg3In0.V6DigYGAFQw03WFT-4hsVh8QtRC61bLkp1gi1nG33lg,Data Analyst,https://www.adzuna.in/details/2830210287?utm_medium=api&utm_source=7a21a92b,full_time,2830210287,Adzuna::API::Response::Company,Amagi Media Labs,Adzuna::API::Response::Location,"Bangalore, Karnataka","['India', 'Karnataka', 'Bangalore']",Adzuna::API::Response::Category,it-jobs,IT Jobs,,,,1000000.0,1400000.0,2026-09-28
Adzuna::API::Response::Job,2026-09-23T16:15:32Z,"WPP is the trusted growth partner for the world’s leading brands. We unite cutting-edge media intelligence and data solutions, world-class creativity, next-generation production, transformative enterprise solutions and expert strategic counsel in a single company – powered by exceptional talent and our agentic marketing platform, WPP Open, to help our clients navigate change, capture opportunity and deliver transformational growth. We work with the world's most valuable brands and have global r…",0,eyJhbGciOiJIUzI1NiJ9.eyJzIjoiUEpqM0dqTzc4UkdQcFBUdjg3c0JhZyIsImkiOiI1ODk1MDY1ODgwIn0.q49QvFQSx9wHcZAh7Q0I7JGv-NdSTNNiTcT0YJg-baU,Data Analyst,https://www.adzuna.in/details/5895065880?utm_medium=api&utm_source=7a21a92b,full_time,5895065880,Adzuna::API::Response::Company,WPP,Adzuna::API::Response::Location,"Chennai, Tamil Nadu","['India', 'Tamil Nadu', 'Chennai']",Adzuna::API::Response::Category,it-jobs,IT Jobs,13.06041,80.24963,,,,2026-09-28
Adzuna::API::Response::Job,2026-09-25T21:14:36Z,"We are seeking a highly motivated and thorough professional to join the team in an Order to Cash (O2C) and customer support capacity. This role is critical in ensuring detailed operations, delivering exceptional customer experiences, and driving process excellence. The ideal candidate should possess good understanding of business, good interpersonal skills, and the ability to work closely in a dynamic environment. As a domain expert Data Analyst, you will not only handle day-to-day responsibili…",0,eyJhbGciOiJIUzI1NiJ9.eyJzIjoiUEpqM0dqTzc4UkdQcFBUdjg3c0JhZyIsImkiOiI1ODk4NDc5NDI1In0.jyZKR9D7PWCNcqeEkQKPyfihVwuo54O-7OJCDEUqHtg,Data Analyst,https://www.adzuna.in/details/5898479425?utm_medium=api&utm_source=7a21a92b,full_time,5898479425,Adzuna::API::Response::Company,London Stock Exchange Group,Adzuna::API::Response::Location,India,['India'],Adzuna::API::Response::Category,it-jobs,IT Jobs,,,,,,2026-09-28
Adzuna::API::Response::Job,2026-01-18T10:53:59Z,"About Hudson Data At Hudson Data, we view AI as both an art and a science. Our cross-functional teams — spanning business leaders, data scientists, and engineers — blend AI/ML and Big Data technologies to solve real-world business challenges. We harness predictive analytics to uncover new revenue opportunities, optimize operational efficiency, and enable data-driven transformation for our clients. Beyond traditional AI/ML consulting, we actively collaborate with academic and industry partners t…",0,eyJhbGciOiJIUzI1NiJ9.eyJzIjoiUEpqM0dqTzc4UkdQcFBUdjg3c0JhZyIsImkiOiI1NTkwMTQzMzQ3In0.iEt67jQHNOWxET1oAKQbsF2eUdrEAC3qKKwuixSU82U,Data Analyst,https://www.adzuna.in/details/5590143347?utm_medium=api&utm_source=7a21a92b,full_time,5590143347,Adzuna::API::Response::Company,Hudson Data,Adzuna::API::Response::Location,India,['India'],Adzuna::API::Response::Category,it-jobs,IT Jobs,,,,900000.0,1200000.0,2026-09-28
Adzuna::API::Response::Job,2026-08-29T20:45:56Z,"Location: India Function: Product Management Reports To: Sr Director, Cloud Platform Are you Interested in using data to help shape product and business decisions? Passionate about turning complex data into clear insights and intuitive Power BI dashboards? Curious about how customers use products and excited to uncover trends, patterns, and opportunities in the data? If so, we'd love to meet you. Why Esko? Esko, part of Veralto (NYSE: VLTO), is the global leader in packaging and product lifecyc…",0,eyJhbGciOiJIUzI1NiJ9.eyJzIjoiUEpqM0dqTzc4UkdQcFBUdjg3c0JhZyIsImkiOiI1ODYxMjE5MzUzIn0.4e2vAbtlNA8-Idj6apYiiUtdUG-vHEHhKy0f631L6Bc,Data Analyst,https://www.adzuna.in/details/5861219353?utm_medium=api&utm_source=7a21a92b,full_time,5861219353,Adzuna::API::Response::Company,Esko,Adzuna::API::Response::Location,India,['India'],Adzuna::API::Response::Category,it-jobs,IT Jobs,,,,,,2026-09-28
Adzuna::API::Response::Job,2026-07-13T03:26:36Z,"Description TriNet is a leading provider of comprehensive human resources solutions for small to midsize businesses (SMBs). We enhance business productivity by enabling our clients to outsource their HR function to one strategic partner and allowing them to focus on operating and growing their core businesses. Our full-service HR solutions include features such as payroll processing, human capital consulting, employment law compliance and employee benefits, including health insurance, retiremen…",0,eyJhbGciOiJIUzI1NiJ9.eyJzIjoiUEpqM0dqTzc4UkdQcFBUdjg3c0JhZyIsImkiOiI1Nzk4Mjc0ODQyIn0.n6rukearVgD5rbt9aYRWLC-QcmOE7MPEYXdk0UE_gu8,Data Analyst,https://www.adzuna.in/details/5798274842?utm_medium=api&utm_source=7a21a92b,full_time,5798274842,Adzuna::API::Response::Company,TriNet,Adzuna::API::Response::Location,"Hyderabad, Telangana","['India', 'Telangana', 'Hyderabad']",Adzuna::API::Response::Category,accounting-finance-jobs,Accounting & Finance Jobs,17.40275,78.50806,,,,2026-09-28
Adzuna::API::Response::Job,2026-08-30T11:28:16Z,"Location: India Function: Product Management Reports To: Sr Director, Cloud Platform Are you  Interested in using data to help shape product and business decisions?  Passionate about turning complex data into clear insights and intuitive Power BI dashboards?  Curious about how customers use products and excited to uncover trends, patterns, and opportunities in the data? If so, we'd love to meet you. Why Esko? Esko, part of Veralto (NYSE: VLTO), is the global leader in packaging and product life…",0,eyJhbGciOiJIUzI1NiJ9.eyJzIjoiUEpqM0dqTzc4UkdQcFBUdjg3c0JhZyIsImkiOiI1ODYxOTY1OTg2In0.m4Foq89bIpPZEINX7XfpLMhgjt9wWezWVLSS8G88kC4,Data Analyst,https://www.adzuna.in/details/5861965986?utm_medium=api&utm_source=7a21a92b,,5861965986,Adzuna::API::Response::Company,Veralto,Adzuna::API::Response::Location,"Bangalore, Karnataka","['India', 'Karnataka', 'Bangalore']",Adzuna::API::Response::Category,it-jobs,IT Jobs,12.95703,77.59837,,,,2026-09-28
Adzuna::API::Response::Job,2026-08-07T10:54:42Z,"The Data Analyst will focus on advanced analytics, predictive modeling, and scalable BI development to support Sales leadership with forward-looking insights. This role is responsible for building and maintaining predictive, repeatable reporting frameworks across forecasting, top-of-funnel performance, and core sales KPIs. _Advanced Analytics & Predictive Modeling_  Design and maintain predictive models to support revenue forecasting, pipeline movement, deal progression, and funnel conversion. …",0,eyJhbGciOiJIUzI1NiJ9.eyJpIjoiNTgzMTYwMjE5NCIsInMiOiJQSmozR2pPNzhSR1BwUFR2ODdzQmFnIn0.7zvpV47dImhrh6BgyHw5MgDkL6isT92ZWiZJCPw7qBM,Data Analyst,https://www.adzuna.in/details/5831602194?utm_medium=api&utm_source=7a21a92b,,5831602194,Adzuna::API::Response::Company,Fortive Corporation,Adzuna::API::Response::Location,India,['India'],Adzuna::API::Response::Category,it-jobs,IT Jobs,,,,,,2026-09-28
Adzuna::API::Response::Job,2019-06-20T23:29:15Z,"• Act as a lead analyst on various data analytics projects aiding strategic decision making for Fortune 500 / FTSE 100 companies, Blue Chip Consulting Firms and Global Financial Services companies • Understand the client objectives, and work with the PL to design the analytical solution/framework. Be able to translate the client objectives / analytical plan into clear deliverables with associated priorities and constraints • Collect/Organize/Prepare/Manage data for the analysis and conduct qual…",0,eyJhbGciOiJIUzI1NiJ9.eyJzIjoiUEpqM0dqTzc4UkdQcFBUdjg3c0JhZyIsImkiOjExODYwNzYzNjV9.iPPC6mqLXb_ZdujqERgkyfvxb8oQHiaMe-IsRql6UgU,Data Analyst,https://www.adzuna.in/details/1186076365?utm_medium=api&utm_source=7a21a92b,full_time,1186076365,Adzuna::API::Response::Company,The Smart Cube,Adzuna::API::Response::Location,"Noida, Ghaziabad","['India', 'Uttar Pradesh', 'Ghaziabad', 'Noida']",Adzuna::API::Response::Category,it-jobs,IT Jobs,28.56579,77.3225,,200000.0,500000.0,2026-09-28
Adzuna::API::Response::Job,2026-05-18T02:08:37Z,"Job Description: Principal Accountabilities and Responsibilities  The candidate is expected to perform basic data ETL (Extract-Transform-Load) tasks – starting with extraction of data from the source systems, cleaning it, handling exceptions and finally prepare them to feed into various systems/tools depending on the projects/PODs/delivery channels.  Testing and validation of data models/data tables/data assets  The role also requires the person to understand the data thoroughly and draw bus…",0,eyJhbGciOiJIUzI1NiJ9.eyJzIjoiUEpqM0dqTzc4UkdQcFBUdjg3c0JhZyIsImkiOiI1NzMyNTg0MTgwIn0.k0P_0-WABuKZs-67MxSdTDPn-ztvQO8Dw4HofcByUaw,Data Analyst,https://www.adzuna.in/details/5732584180?utm_medium=api&utm_source=7a21a92b,full_time,5732584180,Adzuna::API::Response::Company,Acura Solution,Adzuna::API::Response::Location,India,['India'],Adzuna::API::Response::Category,it-jobs,IT Jobs,,,,,,2026-09-28
Adzuna::API::Response::Job,2026-07-09T03:05:53Z," Why Headout? We’re a rocketship: 9-figure revenue, record growth, and profitable With $200M in revenue, guests in 700 cities, and 18 months of profitability, Headout is the fastest-growing marketplace in the travel industry, and we’re just getting started. We've raised $60M from top-tier investors and are building a durable company for the long term — because that's what our mission needs and deserves. We’re growing, profitable and nowhere near done. What we do is important In an increasingly …",0,eyJhbGciOiJIUzI1NiJ9.eyJpIjoiNTc5MzE4NTg0NiIsInMiOiJQSmozR2pPNzhSR1BwUFR2ODdzQmFnIn0.6jcECgZfmYo2mUFeShzmbDDGnryOp-qpgCgHxzfggzY,Data Analyst,https://www.adzuna.in/details/5793185846?utm_medium=api&utm_source=7a21a92b,,5793185846,Adzuna::API::Response::Company,Headout,Adzuna::API::Response::Location,"Bangalore, Karnataka","['India', 'Karnataka', 'Bangalore']",Adzuna::API::Response::Category,it-jobs,IT Jobs,,,,,,2026-09-28
Adzuna::API::Response::Job,2022-03-08T05:06:27Z,"Strong analytical skills with the ability to collect, organize, analyze, and disseminate significant amounts of information with attention to detail and accuracy Expertise of SQL/PL-SQL -ability to write procedures and create queries for reporting purpose. Must have worked on a reporting tool – Power BI/Tableau etc. Strong knowledge of excel/Google Sheets – must have worked with pivot tables, aggregate functions, logical if conditions. Strong verbal and written communication skills for coordina…",0,eyJhbGciOiJIUzI1NiJ9.eyJzIjoiUEpqM0dqTzc4UkdQcFBUdjg3c0JhZyIsImkiOiIyOTUzNjYxNDUwIn0.u9ibSgrcNGHoehaprS9yX0aa-8Xr-QNCYhEzj6zWNLA,Data Analyst,https://www.adzuna.in/details/2953661450?utm_medium=api&utm_source=7a21a92b,full_time,2953661450,Adzuna::API::Response::Company,Falcon Autotech,Adzuna::API::Response::Location,"Noida, Ghaziabad","['India', 'Uttar Pradesh', 'Ghaziabad', 'Noida']",Adzuna::API::Response::Category,it-jobs,IT Jobs,28.56579,77.3225,,400000.0,700000.0,2026-09-28
Adzuna::API::Response::Job,2021-05-11T13:01:41Z,"Immediate Joiners Preferred NOTE: Working Shift: 11 am - 8 pm IST (/- one hour on need basis) Monday to Friday Responsibilities : 1. Leverage Alteryx to build, maintain, execute and deliver data assets. This entails using data analytics tools (combination of proprietary tools, Excel, and scripting), validating raw data quality, and working with Tableau/ Power BI and other geospatial data visualization applications 2. Analyze large data sets in Alteryx, finding patterns and providing a concise s…",0,eyJhbGciOiJIUzI1NiJ9.eyJpIjoiMjE3NzI2NjM3MCIsInMiOiJQSmozR2pPNzhSR1BwUFR2ODdzQmFnIn0.nHMyJIJHXgXISAWY53KWLAUGed5nbAgiGB8P2tNU0-w,Data Analyst,https://www.adzuna.in/details/2177266370?utm_medium=api&utm_source=7a21a92b,full_time,2177266370,Adzuna::API::Response::Company,Marktine,Adzuna::API::Response::Location,"Bangalore, Karnataka","['India', 'Karnataka', 'Bangalore']",Adzuna::API::Response::Category,it-jobs,IT Jobs,,,,0.0,1500000.0,2026-09-28
Adzuna::API::Response::Job,2026-01-31T11:30:48Z,"Microsoft Fabric, Power BI, Data modelling, ETL, Spark SQL Remote work- 5-7 hours 450 Rs hourly charges Skills:- PowerBI, Data modeling, ETL, Spark, SQL and ELT",0,eyJhbGciOiJIUzI1NiJ9.eyJzIjoiUEpqM0dqTzc4UkdQcFBUdjg3c0JhZyIsImkiOiI1NjA3MTk2ODk5In0.hWmEhv0Ou88E-6K7sEeDSOBB2ADGI31xpnlE5LUl-3I,Data Analyst,https://www.adzuna.in/details/5607196899?utm_medium=api&utm_source=7a21a92b,full_time,5607196899,Adzuna::API::Response::Company,QAgile Services,Adzuna::API::Response::Location,India,['India'],Adzuna::API::Response::Category,it-jobs,IT Jobs,,,,300000.0,500000.0,2026-09-28
Adzuna::API::Response::Job,2025-12-01T04:52:26Z,"Who is an ideal fit for us? We seek professionals who are analytical, demonstrate self-motivation, exhibit a proactive mindset, and possess a strong sense of responsibility and ownership in their work. What will you get to work on? As a member of the Implementation & Analytics team, you will: ● Design, develop, and optimize complex SQL queries to extract, transform, and analyze data ● Create advanced reports and dashboards using SQL, stored procedures, and other reporting tools ● Develop and ma…",0,eyJhbGciOiJIUzI1NiJ9.eyJzIjoiUEpqM0dqTzc4UkdQcFBUdjg3c0JhZyIsImkiOiI1NTIwNjMwMTIxIn0.DzFv3wVB6a9IK4naY11eqXKbPYjDwkFVgCVtjtlB7kI,Data Analyst,https://www.adzuna.in/details/5520630121?utm_medium=api&utm_source=7a21a92b,full_time,5520630121,Adzuna::API::Response::Company,Jobdost,Adzuna::API::Response::Location,"Mangalore, Dakshin Kannada","['India', 'Karnataka', 'Dakshin Kannada', 'Mangalore']",Adzuna::API::Response::Category,it-jobs,IT Jobs,12.91448,75.18597,,800000.0,1000000.0,2026-09-28
Adzuna::API::Response::Job,2025-03-26T06:46:55Z,"Responsibilities: Data Collection and Preparation: Gather data from various sources, including databases, spreadsheets, and APIs. Clean, validate, and transform data to ensure accuracy and consistency. Develop and maintain data pipelines for efficient data processing. Data Analysis and Interpretation: Analyze large datasets to identify trends, patterns, and correlations. Perform statistical analysis and hypothesis testing to validate findings. Develop and implement data models and algorithms to…",0,eyJhbGciOiJIUzI1NiJ9.eyJpIjoiNTExMTQzNjU3NSIsInMiOiJQSmozR2pPNzhSR1BwUFR2ODdzQmFnIn0.2O4vakuQZhGyOKe5mKrDfbGyk7Y4ts4bcLeKcCzeB0c,Data Analyst,https://www.adzuna.in/details/5111436575?utm_medium=api&utm_source=7a21a92b,full_time,5111436575,Adzuna::API::Response::Company,Vector Labs Tech,Adzuna::API::Response::Location,India,['India'],Adzuna::API::Response::Category,it-jobs,IT Jobs,,,,1200000.0,2100000.0,2026-09-28
Adzuna::API::Response::Job,2024-07-31T03:18:00Z,"About Intercept Pharmaceuticals Intercept Pharmaceuticals, Inc. is an American biopharmaceutical company incorporated in 2002, focusing on the development of novel synthetic bile acid analogs to treat chronic liver diseases, such as primary biliary cirrhosis (PBC) now called primary biliary cholangitis, non-alcoholic fatty liver disease (or non-alcoholic steatohepatitis , NASH), cirrhosis , portal hypertension , primary sclerosing cholangitis and also the intestinal disorder, bile acid diarrhea…",0,eyJhbGciOiJIUzI1NiJ9.eyJpIjoiNDgwMTU5ODYxNyIsInMiOiI1R2NhSERPNzhSR1BwUFR2ODdzQmFnIn0.oW9nSUanzJ3H0eNYJBlsVwo-vO1p3xgLsph2-9odtkI,Data Analyst,https://www.adzuna.in/details/4801598617?utm_medium=api&utm_source=7a21a92b,full_time,4801598617,Adzuna::API::Response::Company,Intercept Pharmaceuticals,Adzuna::API::Response::Location,"Bangalore, Karnataka","['India', 'Karnataka', 'Bangalore']",Adzuna::API::Response::Category,scientific-qa-jobs,Scientific & QA Jobs,,,,,,2026-09-28
Adzuna::API::Response::Job,2022-11-11T06:35:47Z,"2 years of Analytics with predominant experience in SQL, SAS, Statistics, R , Python, Visualization Experienced in writing complex SQL select queries ( window functions & CTE’s) with advanced SQL experience Should be an individual contributor for initial few months based on project movement team will be aligned Strong in querying logic and data interpretation Solid communication and articulation skills Able to handle stakeholders independently with less interventions of reporting manager Develo…",0,eyJhbGciOiJIUzI1NiJ9.eyJpIjoiMzY3OTQ2OTUwNCIsInMiOiI1R2NhSERPNzhSR1BwUFR2ODdzQmFnIn0.fp7MItBLHVmUH1EnogXhzk7mOaIU7Hr5Nx7jtgbKJuo,Data Analyst,https://www.adzuna.in/details/3679469504?utm_medium=api&utm_source=7a21a92b,full_time,3679469504,Adzuna::API::Response::Company,Indium Software,Adzuna::API::Response::Location,"Bangalore, Karnataka","['India', 'Karnataka', 'Bangalore']",Adzuna::API::Response::Category,it-jobs,IT Jobs,,,,100000.0,1500000.0,2026-09-28
Adzuna::API::Response::Job,2024-12-25T11:57:34Z,"Must have 5-8 years of experience in handling data Must have the ability to interpret large amounts of data and to multi-task Must have strong knowledge of and experience with programming (Python), Linux/Bash scripting, databases(SQL, etc) Must have strong analytical and critical thinking to resolve business problems using data and tech Must have domain familiarity and interest of – Cloud technologies (GCP/Azure Microsoft/ AWS Amazon), open-source technologies, Enterprise technologies Must have…",0,eyJhbGciOiJIUzI1NiJ9.eyJpIjoiNDk4ODg1MTIyNiIsInMiOiI1R2NhSERPNzhSR1BwUFR2ODdzQmFnIn0.592uB9f4MNNx6OQEy2Zv4URHNnbt6WfMVMwM7ubLchQ,Data Analyst,https://www.adzuna.in/details/4988851226?utm_medium=api&utm_source=7a21a92b,full_time,4988851226,Adzuna::API::Response::Company,Millions Advisory,Adzuna::API::Response::Location,"Pune, Maharashtra","['India', 'Maharashtra', 'Pune']",Adzuna::API::Response::Category,it-jobs,IT Jobs,18.5062,73.84735,,500000.0,1700000.0,2026-09-28
Adzuna::API::Response::Job,2023-10-02T13:22:26Z,"What you will do: Understand the process of CaaStle business teams, KPIs, and pain points Build scalable data products, self-service tools, data cubes to analyze and present data associated with acquisition, retention, product performance, operations, client services, etc. Closely partner with data engineering, product, and business teams and participate in requirements capture, research design, data collection, dashboard generation, and translation of results into actionable insights that can …",0,eyJhbGciOiJIUzI1NiJ9.eyJzIjoiNUdjYUhETzc4UkdQcFBUdjg3c0JhZyIsImkiOiI0MzQ0NTc3OTU5In0.Z88KEOTsjJB7Sst0ZOt7tlH7kqsKTEuh7yWbaCiilk4,Data Analyst,https://www.adzuna.in/details/4344577959?utm_medium=api&utm_source=7a21a92b,full_time,4344577959,Adzuna::API::Response::Company,Jobdost,Adzuna::API::Response::Location,"Delhi, India","['India', 'Delhi']",Adzuna::API::Response::Category,energy-oil-gas-jobs,"Energy, Oil & Gas Jobs",28.62523,77.224601,,100000.0,600000.0,2026-09-28
Adzuna::API::Response::Job,2024-01-28T15:26:17Z,"Interpret data, analyze results using statistical techniques and provide ongoing reports Develop and implement databases, data collection systems, data analytics and other strategies that optimize statistical efficiency and quality Acquire data from primary or secondary data sources and maintain databases/data systems Identify, analyze, and interpret trends or patterns in complex data sets Filter and “clean” data by reviewing computer reports, printouts, and performance indicators to locate and…",0,eyJhbGciOiJIUzI1NiJ9.eyJzIjoiNUdjYUhETzc4UkdQcFBUdjg3c0JhZyIsImkiOiI0NTQ3NTAyNDA1In0._v0dpVrU-cEXTMzOx5FtbiwTW5ZVN1aju3PWwbMucpA,Data analyst,https://www.adzuna.in/details/4547502405?utm_medium=api&utm_source=7a21a92b,full_time,4547502405,Adzuna::API::Response::Company,Cadila Zydus healthcare pvt ltd,Adzuna::API::Response::Location,India,['India'],Adzuna::API::Response::Category,it-jobs,IT Jobs,,,,700000.0,1000000.0,2026-09-28
Adzuna::API::Response::Job,2021-08-21T21:23:03Z,"Data auditing, validating and monitoring all data for accuracy. Create daily, weekly, monthly and quarterly MIS report. Coordinating & collecting the data Updated the data in CRM Skills:- Microsoft Excel",0,eyJhbGciOiJIUzI1NiJ9.eyJzIjoiNUdjYUhETzc4UkdQcFBUdjg3c0JhZyIsImkiOiIyMzk4NDcyMDM3In0.mtEKP-rs45cgiiAvHTr-Tk3cDWsAhEkayw0LQAkrgTc,Data Analyst,https://www.adzuna.in/details/2398472037?utm_medium=api&utm_source=7a21a92b,full_time,2398472037,Adzuna::API::Response::Company,Azent Overseas,Adzuna::API::Response::Location,"Mumbai, Maharashtra","['India', 'Maharashtra', 'Mumbai']",Adzuna::API::Response::Category,accounting-finance-jobs,Accounting & Finance Jobs,19.00821,72.84415,,0.0,700000.0,2026-09-28
Adzuna::API::Response::Job,2021-07-28T21:11:50Z,"Experience - 2 years to 5 years. Location - Andheri (Mumbai) Job Responsibilities: Excellent problem solving and analytical skills - ability to develop hypotheses, understand and interpret data within the context of the product / business - solve problems and distill data into actionable recommendations.  Strong communication skills with the ability to confidently work with cross- functional teams across the globe and to present information to all levels of the organization.  Intellectual and…",0,eyJhbGciOiJIUzI1NiJ9.eyJzIjoiNUdjYUhETzc4UkdQcFBUdjg3c0JhZyIsImkiOiIyMzQ2MDY4MjA3In0.amzigve6BEt5WOOk6Mo9AudJyNZ-9mzx4Ck4MfoCD8o,Data Analyst,https://www.adzuna.in/details/2346068207?utm_medium=api&utm_source=7a21a92b,full_time,2346068207,Adzuna::API::Response::Company,Impact Guru,Adzuna::API::Response::Location,"Mumbai, Maharashtra","['India', 'Maharashtra', 'Mumbai']",Adzuna::API::Response::Category,it-jobs,IT Jobs,19.00821,72.84415,,300000.0,900000.0,2026-09-28
Adzuna::API::Response::Job,2021-12-30T04:23:05Z,"Responsible for gathering, crunching, collecting raw data. Own all data needs in the growth team and across key cross-functional initiatives from data extraction, dashboard creation, and data analysis. Provide insights and recommended actions as response to current situation, trend, as well as preventive one for better preparation. Collaborate with data engineering and cross-functional stakeholders to define data requirements, create dashboard, to drive business decisions and optimize business …",0,eyJhbGciOiJIUzI1NiJ9.eyJzIjoiNUdjYUhETzc4UkdQcFBUdjg3c0JhZyIsImkiOiIyNzc2MDA4ODY5In0.qbovWcRQWyUD5sygtJIAAxdvXrFyf5rQ-ANwhZ4snDc,Data Analyst,https://www.adzuna.in/details/2776008869?utm_medium=api&utm_source=7a21a92b,full_time,2776008869,Adzuna::API::Response::Company,Ayoconnect Technology,Adzuna::API::Response::Location,India,['India'],Adzuna::API::Response::Category,it-jobs,IT Jobs,,,,400000.0,1000000.0,2026-09-28
Adzuna::API::Response::Job,2022-04-05T05:16:09Z,"Role Description: You will be part of the data delivery team and will have the opportunity to develop a deep understanding of the domain/function. You will design and drive the work plan for the optimization/automation and standardization of the processes incorporating best practices to achieve efficiency gains. You will run data engineering pipelines, link raw client data with data model, conduct data assessment, perform data quality checks, and transform data using ETL tools. You will perform…",0,eyJhbGciOiJIUzI1NiJ9.eyJzIjoiNUdjYUhETzc4UkdQcFBUdjg3c0JhZyIsImkiOiIzMDI1ODExMzM5In0.9JOYONbcIqznD6Qq09Ggfo6vDh1vc8eBTaWogCxcycw,Data Analyst,https://www.adzuna.in/details/3025811339?utm_medium=api&utm_source=7a21a92b,full_time,3025811339,Adzuna::API::Response::Company,Srijan Technologies,Adzuna::API::Response::Location,India,['India'],Adzuna::API::Response::Category,it-jobs,IT Jobs,,,,0.0,1200000.0,2026-09-28
Adzuna::API::Response::Job,2021-11-11T04:22:56Z,"Required Python ,R work in handling large-scale data engineering pipelines. Excellent verbal and written communication skills. Proficient in PowerPoint or other presentation tools. Ability to work quickly and accurately on multiple projects. Skills:- R Language and Python",0,eyJhbGciOiJIUzI1NiJ9.eyJpIjoiMjYzMTczMzgyMCIsInMiOiI1R2NhSERPNzhSR1BwUFR2ODdzQmFnIn0.Aqh454e86bcwyCSpCfXOiHQWA1z_vAqlRO3olfaGOc4,Data Analyst,https://www.adzuna.in/details/2631733820?utm_medium=api&utm_source=7a21a92b,full_time,2631733820,Adzuna::API::Response::Company,MedCords,Adzuna::API::Response::Location,"Kota, Rajasthan","['India', 'Rajasthan', 'Kota']",Adzuna::API::Response::Category,it-jobs,IT Jobs,25.23239,75.92905,,0.0,250000.0,2026-09-28
Adzuna::API::Response::Job,2019-06-05T21:12:09Z,"Good knowledge of SQL , Microsoft Excel One Programming language in SAA/Python or R Skills: R Programming, Python and MS-Excel",0,eyJhbGciOiJIUzI1NiJ9.eyJpIjoxMTcxNTA3NTI2LCJzIjoiNUdjYUhETzc4UkdQcFBUdjg3c0JhZyJ9.OIFrbkbpKKGxdZQPvoRDTKdXxt3XQwf-WgPC_3vY4EU,Data Analyst,https://www.adzuna.in/details/1171507526?utm_medium=api&utm_source=7a21a92b,full_time,1171507526,Adzuna::API::Response::Company,Ingrainhub,Adzuna::API::Response::Location,"Bangalore, Karnataka","['India', 'Karnataka', 'Bangalore']",Adzuna::API::Response::Category,it-jobs,IT Jobs,,,,300000.0,1200000.0,2026-09-28
Adzuna::API::Response::Job,2019-05-17T21:02:48Z,"Good Opportunity to work with an IT Company. Can Learn new things with out any experience. And many other good thing. Skills: MS Office, Typing and English Proficiency",0,eyJhbGciOiJIUzI1NiJ9.eyJzIjoiNUdjYUhETzc4UkdQcFBUdjg3c0JhZyIsImkiOjExNTUwODk4ODJ9.Hl2WYctYP-esLALfKjuuGjmIK2dUo5074QfkqfIGzRE,Data Analyst,https://www.adzuna.in/details/1155089882?utm_medium=api&utm_source=7a21a92b,full_time,1155089882,Adzuna::API::Response::Company,TechNex Technologies Private Limited,Adzuna::API::Response::Location,"Pune, Maharashtra","['India', 'Maharashtra', 'Pune']",Adzuna::API::Response::Category,admin-jobs,Admin Jobs,18.5062,73.84735,,,,2026-09-28
Adzuna::API::Response::Job,2019-11-27T10:00:27Z,"What you will be doing: As a part of the Global Credit Risk and Data Analytics team, this person will be responsible for carrying out analytical initiatives which will be as follows: - Dive into the data and identify patterns Development of end-to-end Credit models and credit policy for our existing credit products Leverage alternate data to develop best-in-class underwriting models Working on Big Data to develop risk analytical solutions Development of Fraud models and fraud rule engine Collab…",0,eyJhbGciOiJIUzI1NiJ9.eyJpIjoxMzUzMTc5MzU3LCJzIjoiNUdjYUhETzc4UkdQcFBUdjg3c0JhZyJ9._mArhya4tKmmX2E0Pqv82sa2FJtHajVSt1ghWq66OQk,Data Analyst,https://www.adzuna.in/details/1353179357?utm_medium=api&utm_source=7a21a92b,full_time,1353179357,Adzuna::API::Response::Company,PayU,Adzuna::API::Response::Location,"Gurgaon, Haryana","['India', 'Haryana', 'Gurgaon']",Adzuna::API::Response::Category,it-jobs,IT Jobs,28.323996,76.983738,,700000.0,1500000.0,2026-09-28
Adzuna::API::Response::Job,2019-06-20T21:36:33Z,"- Excellent skill in SQL and SQL tools - Fantasy Gamer - Excited to dive deep into data and derive insights - Decent communication and writing skills - Interested in Automated solutions - Startup and Growth Mindset - Analytical Data mining thinking - Python - Good programmer Skills: Python, Data Analytics and SQL server",0,eyJhbGciOiJIUzI1NiJ9.eyJzIjoiNUdjYUhETzc4UkdQcFBUdjg3c0JhZyIsImkiOjExODYwMTA0ODh9.HR2KpUyFCjpg5ddnjcUSF-svicGehrqxHHpZFk9_a5U,Data Analyst,https://www.adzuna.in/details/1186010488?utm_medium=api&utm_source=7a21a92b,full_time,1186010488,Adzuna::API::Response::Company,Dotball Interactive Private Limited,Adzuna::API::Response::Location,"Bangalore, Karnataka","['India', 'Karnataka', 'Bangalore']",Adzuna::API::Response::Category,it-jobs,IT Jobs,,,,300000.0,600000.0,2026-09-28
Adzuna::API::Response::Job,2024-04-26T16:15:16Z,"Job Responsibility: * Coordinate with CSMs to complete Pilot sales tracker, QBR Decks, End of pilot Decks *Monitor Daily Sales volume and alert CSMs of Locations with Low volume counts *Collaborate with other teammates to extract data figures, data entry (Google Sheets & Google Slides), and monitor key performance indicators (KPIs) to determine business initiatives’ success *Helping in Minor Integration Changes *Helping with Tickets and giving support when required * Basic product knowledge of …",0,eyJhbGciOiJIUzI1NiJ9.eyJzIjoiNUdjYUhETzc4UkdQcFBUdjg3c0JhZyIsImkiOiI0NjY1OTQzNjQwIn0.oyKooZUbPzlcI5B-6rg9woxp3asaxOnR7iGWq9M3134,Data Analyst,https://www.adzuna.in/details/4665943640?utm_medium=api&utm_source=7a21a92b,full_time,4665943640,Adzuna::API::Response::Company,Grubbrr systems Pvt Ltd,Adzuna::API::Response::Location,"Ahmedabad, Gujarat","['India', 'Gujarat', 'Ahmedabad']",Adzuna::API::Response::Category,it-jobs,IT Jobs,23.042,72.59465,,300000.0,900000.0,2026-09-28
Adzuna::API::Response::Job,2021-10-26T04:51:56Z,"Location: Bangalore Work Timing: 5 Days A Week Responsibilities include: • Ensure right stakeholders gets right information at right time • Requirement gathering with stakeholders to understand their data requirement • Creating and deploying reports • Participate actively in datamarts design discussions • Work on both RDBMS as well as Big Data for designing BI Solutions • Write code (queries/procedures) in SQL / Hive / Drill that is both functional and elegant, following appropriate design patt…",0,eyJhbGciOiJIUzI1NiJ9.eyJzIjoiNUdjYUhETzc4UkdQcFBUdjg3c0JhZyIsImkiOiIyNTc3ODE5MTY3In0.GIvkUqaQr3K39xZ8fICZI9dT8-gc7mdvOouL3c_ZkAk,Data Analyst,https://www.adzuna.in/details/2577819167?utm_medium=api&utm_source=7a21a92b,full_time,2577819167,Adzuna::API::Response::Company,zyoin,Adzuna::API::Response::Location,"Bangalore, Karnataka","['India', 'Karnataka', 'Bangalore']",Adzuna::API::Response::Category,it-jobs,IT Jobs,,,,500000.0,2100000.0,2026-09-28
Adzuna::API::Response::Job,2021-11-18T04:24:02Z,"Analytical tool: Redpoint Research and drawing insights Excellent written, oral and presentation skill Critical thinking and problem-solving skill Applications: SQL, Redpoint Description: Create unique fleet rich database using multi step matching rules Critical thinking in identifying record survivor ship rules for identifying master record Data roll-up at different levels, by providing linkage across databases Learn issues clients are currently facing with their dataset Foresee the problems i…",0,eyJhbGciOiJIUzI1NiJ9.eyJpIjoiMjY1MzQ3NjM5NiIsInMiOiI1R2NhSERPNzhSR1BwUFR2ODdzQmFnIn0.d0BXlM4jut0usrqYKfqNd81loEaS3hnn5mrf7HLceAA,Data Analyst,https://www.adzuna.in/details/2653476396?utm_medium=api&utm_source=7a21a92b,full_time,2653476396,Adzuna::API::Response::Company,CIEL HR Services,Adzuna::API::Response::Location,"Bangalore, Karnataka","['India', 'Karnataka', 'Bangalore']",Adzuna::API::Response::Category,it-jobs,IT Jobs,,,,0.0,1500000.0,2026-09-28
Adzuna::API::Response::Job,2022-12-26T06:16:30Z,"Primary Duties and Responsibilities Experience with Informatica Multidomain MDM 10.4 tool suite preferred Partnering with data architects and engineers to ensure an optimal data model design and implementation for each MDM domain in accordance with industry and MDM best practices Works with data governance and business steward(s) to design, develop, and configure business rules for data validation, standardize, match, and merge Implementation of Data Quality policies, procedures and standards a…",0,eyJhbGciOiJIUzI1NiJ9.eyJzIjoiNUdjYUhETzc4UkdQcFBUdjg3c0JhZyIsImkiOiIzODAxNTk0MDY4In0.dQBkJ-lIerMmpSBHQ-Sa2Crk-wYbWardLgLGE4kcn_c,Data Analyst,https://www.adzuna.in/details/3801594068?utm_medium=api&utm_source=7a21a92b,full_time,3801594068,Adzuna::API::Response::Company,Talent500 by ANSR,Adzuna::API::Response::Location,"Bangalore, Karnataka","['India', 'Karnataka', 'Bangalore']",Adzuna::API::Response::Category,it-jobs,IT Jobs,,,,1000000.0,3000000.0,2026-09-28
Adzuna::API::Response::Job,2022-06-02T06:13:33Z,"Knowledge of database languages such as SQL, NoSQL, AWS services, linux or Python Knowledge in PowerBI Good to have knowledge in Kibana (visualization) and Kibana Development tools Analytical and problem-solving skills Proficiency in Microsoft Excel Data visualization (simple aggregation-based charts to complex geo-based visualizations) Accuracy and excellent attention to detail Strong written/verbal communication skills Qualifications and Experience 3 years’ experience in Data Analysis or rele…",0,eyJhbGciOiJIUzI1NiJ9.eyJpIjoiMzE4OTU4MDM4OSIsInMiOiI1R2NhSERPNzhSR1BwUFR2ODdzQmFnIn0.U063OWANZaOQyHyYYyx88lyoAfxKPxRxb9apyfYhL04,Data Analyst,https://www.adzuna.in/details/3189580389?utm_medium=api&utm_source=7a21a92b,full_time,3189580389,Adzuna::API::Response::Company,Beauto Systems Private Limited,Adzuna::API::Response::Location,India,['India'],Adzuna::API::Response::Category,it-jobs,IT Jobs,,,,100000.0,500000.0,2026-09-28
Adzuna::API::Response::Job,2020-01-25T17:57:23Z,"Skill Set SQL, Python, Numpy,Pandas,Knowledge of Hive and Data warehousing concept will be a plus point. JD - Strong analytical skills with the ability to collect, organise, analyse and interpret trends or patterns in complex data sets and provide reports & visualisations. - Work with management to prioritise business KPIs and information needs Locate and define new process improvement opportunities. - Technical expertise with data models, database design and development, data mining and segmen…",0,eyJhbGciOiJIUzI1NiJ9.eyJpIjoxNDIyOTY2ODE5LCJzIjoiNUdjYUhETzc4UkdQcFBUdjg3c0JhZyJ9.NlrtEKjLz4kXHY00HdT9ifmOkZkVYeyK5XT6XBtLNGs,Data Analyst,https://www.adzuna.in/details/1422966819?utm_medium=api&utm_source=7a21a92b,full_time,1422966819,Adzuna::API::Response::Company,Yulu Bikes,Adzuna::API::Response::Location,"Bangalore, Karnataka","['India', 'Karnataka', 'Bangalore']",Adzuna::API::Response::Category,it-jobs,IT Jobs,,,,700000.0,1200000.0,2026-09-28
Adzuna::API::Response::Job,2022-01-18T04:28:04Z,"What You’ll Do Synthesize data to provide actionable insights to the leadership and the product team to influence strategy and growth. Build dashboards and tools, craft analysis, and tell stories with data to help our teams make better decisions. Track user performance data and map it to key learning metrics for deeper insights Monitor the performance of new features and recommend iterations based on your findings Partner with other stakeholders to scope features that solve user problems Owners…",0,eyJhbGciOiJIUzI1NiJ9.eyJpIjoiMjgyMTYyMTMxOCIsInMiOiI1R2NhSERPNzhSR1BwUFR2ODdzQmFnIn0.DcF34j99scV-HB-a0sgrU3rOSrk54Pkwe7jszJD9iyU,Data Analyst,https://www.adzuna.in/details/2821621318?utm_medium=api&utm_source=7a21a92b,full_time,2821621318,Adzuna::API::Response::Company,Humanitus Learning Science and Consultancy Pvt Limited,Adzuna::API::Response::Location,India,['India'],Adzuna::API::Response::Category,it-jobs,IT Jobs,,,,500000.0,700000.0,2026-09-28
Adzuna::API::Response::Job,2019-06-05T21:12:28Z,"Rocket Kommerce LLP: We are a Bangalore-based top-tier stealth-mode e-commerce enabling technology & solutions company powering several brands and leading e-commerce companies in India. Our product is a Cloud-based SaaS Inventory, Warehouse Management & Omni-Channel Solution. We have deep relationships with leading e-commerce companies in India and have processed over Rs 1500 crore of GMV. We are building out our product and technology platform and other services anticipating HUGE demand over n…",0,eyJhbGciOiJIUzI1NiJ9.eyJzIjoiNUdjYUhETzc4UkdQcFBUdjg3c0JhZyIsImkiOjExNzE1MDk1OTl9.RehpaXYctlAFASg3me0dkxIhRRpGMmq708McCjmx0Jg,Data Analyst,https://www.adzuna.in/details/1171509599?utm_medium=api&utm_source=7a21a92b,full_time,1171509599,Adzuna::API::Response::Company,Rocket Kommerce,Adzuna::API::Response::Location,"Bangalore, Karnataka","['India', 'Karnataka', 'Bangalore']",Adzuna::API::Response::Category,it-jobs,IT Jobs,,,,500000.0,800000.0,2026-09-28
Adzuna::API::Response::Job,2026-01-29T11:29:14Z,"Must have Strong SQL skills (queries, optimization, procedures, triggers), Hands-on experience with SQL, Automated through SQL. Looking for candidates having 2 years experience who has worked on large datasets with 1cr. datasets or more. Handling the challenges and breaking. Must have Advanced Excel skills Should have 3 years of relevant experience Should have Reporting  dashboard creation experience Should have Database development & maintenance experience Must have Strong communication for cl…",0,eyJhbGciOiJIUzI1NiJ9.eyJpIjoiNTYwNDQxOTkwOCIsInMiOiI1R2NhSERPNzhSR1BwUFR2ODdzQmFnIn0.aJW64a3qbiTDmmg6y7qLO6AlmKs09bCxUYXngiTE9Go,Data Analyst,https://www.adzuna.in/details/5604419908?utm_medium=api&utm_source=7a21a92b,full_time,5604419908,Adzuna::API::Response::Company,Talent Pro,Adzuna::API::Response::Location,"Mumbai, Maharashtra","['India', 'Maharashtra', 'Mumbai']",Adzuna::API::Response::Category,it-jobs,IT Jobs,19.00821,72.84415,,800000.0,1200000.0,2026-09-28
Adzuna::API::Response::Job,2024-09-24T11:44:30Z,"About the company DCB Bank is a new generation private sector bank with 442 branches across India.It is a scheduled commercial bank regulated by the Reserve Bank of India. DCB Bank’s business segments are Retail banking, Micro SME, SME, mid-Corporate, Agriculture, Government, Public Sector, Indian Banks, Co-operative Banks and Non-Banking Finance Companies. Job Description Department : Risk Analytics CTC: Max 18 Lacs Grade: Sr Manager/AVP Experience: Min 4 years of relevant experience We are lo…",0,eyJhbGciOiJIUzI1NiJ9.eyJzIjoiNUdjYUhETzc4UkdQcFBUdjg3c0JhZyIsImkiOiI0ODc0MzM4NzAzIn0.bvJPc-QDEo-i5ZNOYc-6yTKPHVjIm948aMkVOH1CMqc,Data Analyst,https://www.adzuna.in/details/4874338703?utm_medium=api&utm_source=7a21a92b,full_time,4874338703,Adzuna::API::Response::Company,Pluginlive,Adzuna::API::Response::Location,"Mumbai, Maharashtra","['India', 'Maharashtra', 'Mumbai']",Adzuna::API::Response::Category,accounting-finance-jobs,Accounting & Finance Jobs,19.00821,72.84415,,1000000.0,2000000.0,2026-09-28
Adzuna::API::Response::Job,2023-11-03T14:48:03Z,"Who we are: Stanza Living is India’s largest and fastest growing tech-enabled, managed accommodation company that delivers a hospitality-led living experience to migrant students and young working professionals across India. We have a full-stack business model that focuses on design, development and delivery of daily living solutions tailored to the young consumers’ lifestyle. From smartly-planned residences, host of amenities and services for hassle-free living to exclusive community engagemen…",0,eyJhbGciOiJIUzI1NiJ9.eyJzIjoiNUdjYUhETzc4UkdQcFBUdjg3c0JhZyIsImkiOiI0NDExMDYwMTI4In0.9L9XhfVm29RnMSExlaCgFla0R1iasMSjPX_AJNzqx_E,Data Analyst,https://www.adzuna.in/details/4411060128?utm_medium=api&utm_source=7a21a92b,full_time,4411060128,Adzuna::API::Response::Company,Stanza Living,Adzuna::API::Response::Location,India,['India'],Adzuna::API::Response::Category,it-jobs,IT Jobs,,,,600000.0,900000.0,2026-09-28
Adzuna::API::Response::Job,2025-05-23T06:51:59Z,"Key qualifications 1. Bachelor’s Degree required and any other relevant academic course a plus. 2. Strong domain knowledge of investment data 3. 5 years of data management, data analytics, or data governance experience in financial services 4. Experience in data analysis, exploratory analysis using SQL and formulating data quality rules. 5. Experience working with BI reporting tools like Tableau, Power BI is preferred. 6. Knowledge in coding, Python is a plus. 7. Prior experience working with D…",0,eyJhbGciOiJIUzI1NiJ9.eyJpIjoiNTIxMTc3OTI3NSIsInMiOiI1R2NhSERPNzhSR1BwUFR2ODdzQmFnIn0.EhiRPtFhg7h4UqYmYyaBc45dIJq78s9nf5a5Ii6CTGs,Data Analyst,https://www.adzuna.in/details/5211779275?utm_medium=api&utm_source=7a21a92b,full_time,5211779275,Adzuna::API::Response::Company,Wissen Technology,Adzuna::API::Response::Location,"Mumbai, Maharashtra","['India', 'Maharashtra', 'Mumbai']",Adzuna::API::Response::Category,it-jobs,IT Jobs,19.00821,72.84415,,,,2026-09-28
Adzuna::API::Response::Job,2025-12-07T05:40:05Z,"Required Skills: Strong SQL Expertise, Data Reporting & Analytics, Database Development, Stakeholder & Client Communication, Independent Problem-Solving & Automation Skills Review Criteria · Must have Strong SQL skills (queries, optimization, procedures, triggers) · Must have Advanced Excel skills · Should have 3 years of relevant experience · Should have Reporting  dashboard creation experience · Should have Database development & maintenance experience · Must have Strong communication for cli…",0,eyJhbGciOiJIUzI1NiJ9.eyJpIjoiNTUzMTg5NjQ4NiIsInMiOiI1R2NhSERPNzhSR1BwUFR2ODdzQmFnIn0.4EGxv3IX7KShmUf3jTZXtc8M1QpnS75DsAerIfZ4rZI,Data Analyst,https://www.adzuna.in/details/5531896486?utm_medium=api&utm_source=7a21a92b,full_time,5531896486,Adzuna::API::Response::Company,Peak Hire Solutions,Adzuna::API::Response::Location,"Bangalore, Karnataka","['India', 'Karnataka', 'Bangalore']",Adzuna::API::Response::Category,it-jobs,IT Jobs,,,,800000.0,1100000.0,2026-09-28
Adzuna::API::Response::Job,2025-07-21T05:27:56Z,"Background Fisdom is a leading digital wealth management platform. Fisdom platform (mobile apps and web apps) provides access to consumers to a wide bouquet of financial solutions – investments, savings and protection (and many more in the pipeline). Fisdom blends cutting-edge technology with conventional financial wisdom, awesome UX and friendly customer service to make financial products simpler and more accessible to millions of Indians. We are growing and constantly looking for high perform…",0,eyJhbGciOiJIUzI1NiJ9.eyJpIjoiNTMxNDA1Mzk3MyIsInMiOiI1R2NhSERPNzhSR1BwUFR2ODdzQmFnIn0.51ZeAXX8RyU_NoU50res9qJ3g7PJyOtu-dF4allNhPc,Data Analyst,https://www.adzuna.in/details/5314053973?utm_medium=api&utm_source=7a21a92b,full_time,5314053973,Adzuna::API::Response::Company,Fisdom,Adzuna::API::Response::Location,"Bangalore, Karnataka","['India', 'Karnataka', 'Bangalore']",Adzuna::API::Response::Category,it-jobs,IT Jobs,,,,100000.0,100000.0,2026-09-28
Adzuna::API::Response::Job,2025-07-10T05:24:09Z,"Bachelor's degree in Computer Science, Engineering, Operations Research, Math, or related discipline. Minimum 2 years of experience as an Analyst role preferred. Highly proficient in Microsoft Office and Windows based applications. SQL AND Excel Knowledge and Hands-on experience is a must. Demonstrated Analytical ability, results-oriented environment with external customer interaction. Excellent written and verbal communication and presentation skills and the ability to express thoughts logical…",0,eyJhbGciOiJIUzI1NiJ9.eyJpIjoiNTI5NDk1NDg4NiIsInMiOiI1R2NhSERPNzhSR1BwUFR2ODdzQmFnIn0.5FIbP78ZspFNPWpkA_3lQ1kFf_BpexY8HwSx8M0L1HQ,Data Analyst,https://www.adzuna.in/details/5294954886?utm_medium=api&utm_source=7a21a92b,full_time,5294954886,Adzuna::API::Response::Company,Multi Recruit,Adzuna::API::Response::Location,"Bangalore, Karnataka","['India', 'Karnataka', 'Bangalore']",Adzuna::API::Response::Category,it-jobs,IT Jobs,,,,650000.0,850000.0,2026-09-28
Adzuna::API::Response::Job,2026-05-01T11:45:52Z,"As an Analyst at Tap Invest, you’ll turn data into decisions. You’ll work with teams across Product, Ops, Marketing, and Sales to uncover insights, solve real business problems, and drive strategy. This role is for someone who is comfortable working with data independently and can support business teams with reliable analysis and reporting. Key Responsibilities ● Gather, organize, and clean data from various sources including databases, spreadsheets, and external sources to ensure accuracy and …",0,eyJhbGciOiJIUzI1NiJ9.eyJpIjoiNTcxNTQ3ODc5MCIsInMiOiI1R2NhSERPNzhSR1BwUFR2ODdzQmFnIn0.-CnAZKiqCQSLPIVUM18FUptYlKzhas4sJ9_awXQ_z4Q,Data Analyst,https://www.adzuna.in/details/5715478790?utm_medium=api&utm_source=7a21a92b,full_time,5715478790,Adzuna::API::Response::Company,Tap Invest,Adzuna::API::Response::Location,"Bangalore, Karnataka","['India', 'Karnataka', 'Bangalore']",Adzuna::API::Response::Category,it-jobs,IT Jobs,,,,300000.0,500000.0,2026-09-28
Adzuna::API::Response::Job,2023-08-29T13:12:02Z,Job Description: Looking for someone with 2 years Strong experience over Python  SQL. Very proficient with the problem solving. Good Communication Skills. Skills:- Python,0,eyJhbGciOiJIUzI1NiJ9.eyJzIjoiNUdjYUhETzc4UkdQcFBUdjg3c0JhZyIsImkiOiI0MjgyODIyNDI0In0.6Dl8GliLs9cWtooRUm5CXAmNxJ_Ft1zRkKYS6eEYlLI,Data Analyst,https://www.adzuna.in/details/4282822424?utm_medium=api&utm_source=7a21a92b,full_time,4282822424,Adzuna::API::Response::Company,Recro,Adzuna::API::Response::Location,"Bangalore, Karnataka","['India', 'Karnataka', 'Bangalore']",Adzuna::API::Response::Category,it-jobs,IT Jobs,,,,,,2026-09-28
Adzuna::API::Response::Job,2026-07-29T20:58:50Z,"End Date Tuesday 29 September 2026 We Support Flexible Working – Click here for more information on flexible working options Flexible Working Options Hybrid Working Job Description Summary The Data Engineer will focus on assisting in the design, development, and maintenance of Data Product pipelines, gaining practical experience whilst working under the guidance of senior data engineers.​ Job Description Must Have Skills : SQL, GCP, Python Experience Level: 2 - 5 Years Supports and enables othe…",0,eyJhbGciOiJIUzI1NiJ9.eyJzIjoiNUdjYUhETzc4UkdQcFBUdjg3c0JhZyIsImkiOiI1ODE5ODg0MzAwIn0.-zJpg6pqC0h3WgL8zpNGCPvUj17A9wzQPqLvv1Z2b0k,Data Analyst,https://www.adzuna.in/details/5819884300?utm_medium=api&utm_source=7a21a92b,full_time,5819884300,Adzuna::API::Response::Company,Lloyds Bank,Adzuna::API::Response::Location,India,['India'],Adzuna::API::Response::Category,it-jobs,IT Jobs,,,,,,2026-09-28
Adzuna::API::Response::Job,2026-08-07T07:33:23Z,"The candidate will be part of a team assisting in the delivery of efficient engineering support and solutions to customers while also contributing to the development of Indian semiconductor ecosystem. Roles & Responsibilities Designing and maintaining data systems and databases; this includes fixing coding errors and other data-related problems. Mining data from primary and secondary sources, then reorganizing said data in a format that can be easily read by either human or machine. Using stati…",0,eyJhbGciOiJIUzI1NiJ9.eyJzIjoiNUdjYUhETzc4UkdQcFBUdjg3c0JhZyIsImkiOiI1ODMxNDAzMjM1In0.N-pkY-9t4cx1rMWjqZfWBAyymw8kxso2meijsgxe5XA,Data Analyst,https://www.adzuna.in/details/5831403235?utm_medium=api&utm_source=7a21a92b,,5831403235,Adzuna::API::Response::Company,ORBIT & SKYLINE,Adzuna::API::Response::Location,"Mohali, Punjab","['India', 'Punjab', 'Mohali']",Adzuna::API::Response::Category,it-jobs,IT Jobs,30.7545,76.6406,,,,2026-09-28
Adzuna::API::Response::Job,2026-08-07T07:32:32Z,"Designing and maintaining data systems and databases; this includes fixing coding errors and other data-related problems. Mining data from primary and secondary sources, then reorganizing said data in a format that can be easily read by either human or machine. Using statistical tools to interpret data sets, paying particular attention to trends and patterns that could be valuable for diagnostic and predictive analytics efforts. Demonstrating the significance of their work in the context of loc…",0,eyJhbGciOiJIUzI1NiJ9.eyJpIjoiNTgzMTQwMTk5NCIsInMiOiI1R2NhSERPNzhSR1BwUFR2ODdzQmFnIn0.z-_DL_CWt-GF6jLOgzMnvZvX4tjDfHky2FEGT2BtkvU,Data Analyst,https://www.adzuna.in/details/5831401994?utm_medium=api&utm_source=7a21a92b,,5831401994,Adzuna::API::Response::Company,Orbit Skyline,Adzuna::API::Response::Location,"Mohali, Punjab","['India', 'Punjab', 'Mohali']",Adzuna::API::Response::Category,it-jobs,IT Jobs,30.7545,76.6406,,,,2026-09-28
Adzuna::API::Response::Job,2026-07-31T20:54:40Z,"Description Analyze and interpret large datasets to extract meaningful insights and support decision-making processes in the business. Responsibilities Collect, clean, and analyze data, create reports and dashboards, collaborate with stakeholders on data needs, perform statistical analysis Qualifications Bachelor's/Master's in any stream 2-5 years",0,eyJhbGciOiJIUzI1NiJ9.eyJzIjoiNUdjYUhETzc4UkdQcFBUdjg3c0JhZyIsImkiOiI1ODIyNDM1Njk3In0.kQ0aLv1ZAiQzl1PMQspgvDVh8GGj34P3txsUGsrGSvs,Data Analyst,https://www.adzuna.in/details/5822435697?utm_medium=api&utm_source=7a21a92b,full_time,5822435697,Adzuna::API::Response::Company,EXL,Adzuna::API::Response::Location,India,['India'],Adzuna::API::Response::Category,it-jobs,IT Jobs,,,,,,2026-09-28
Adzuna::API::Response::Job,2026-08-20T07:31:10Z,"Perform advanced analytics like cohort analysis, scenario analysis, time series analysis, and predictive analysis, creating powerful visualizations to communicate the results. Articulate assumptions, analyses and interpretations of data in a variety of modes. Engage with stakeholders to understand business requirements and develop detailed project plans with timelines. Design data models that define how the tables, columns, and data elements from different sources are connected and stored, base…",0,eyJhbGciOiJIUzI1NiJ9.eyJpIjoiNTg0OTEzNTA3NyIsInMiOiI1R2NhSERPNzhSR1BwUFR2ODdzQmFnIn0.meOLwiAbJOHAlEb7r3r4JmCuFdisNtuyGqMugG1abtM,Data Analyst,https://www.adzuna.in/details/5849135077?utm_medium=api&utm_source=7a21a92b,,5849135077,Adzuna::API::Response::Company,Mindteck  Limited,Adzuna::API::Response::Location,"Bangalore, Karnataka","['India', 'Karnataka', 'Bangalore']",Adzuna::API::Response::Category,it-jobs,IT Jobs,,,,,,2026-09-28
Adzuna::API::Response::Job,2026-08-20T07:31:10Z,"Very Good technical knowledge C++, C#, .Net Framework 4.5 or above Expertise in Threading, ADO.Net In-depth knowledge in event handling, exception handling Proficient in WCF, WPF - Concepts, Implementing Services, Consuming Services, Service Throttling, debugging, etc. Good knowledge on XML, JSON Strong familiarity with Windows Operating Systems Strong familiarity with TCP-IP and socket programming Strong familiarity with RS-232, RS422 and RS-485 serial communications Good in OOPS, Design Patte…",0,eyJhbGciOiJIUzI1NiJ9.eyJzIjoiNUdjYUhETzc4UkdQcFBUdjg3c0JhZyIsImkiOiI1ODQ5MTM1MDc0In0.8gGPRAJC8OVBvcjzdvkAQgKCN7L2N73PtAN0_o6zAUw,Data Analyst,https://www.adzuna.in/details/5849135074?utm_medium=api&utm_source=7a21a92b,,5849135074,Adzuna::API::Response::Company,Mindteck  Limited,Adzuna::API::Response::Location,"Bangalore, Karnataka","['India', 'Karnataka', 'Bangalore']",Adzuna::API::Response::Category,it-jobs,IT Jobs,,,,,,2026-09-28
Adzuna::API::Response::Job,2026-08-21T07:38:58Z,"Description : PL Eligibility Base preparation (SQL) Portfolio Risk segmentation through Decision Trees and other ML (Python) PL Portfolio quality improvement through specific Credit Actions Process Quality (end-to-end customer journey) documentation, deviations tracking, change implementation PL Portfolio review and MIS Functional Competencies : Strong Analytics background (Tableau dashboards, ML modeling) Very Strong with data tools: XL, SQL, python Good understanding of lending, credit risk E…",0,eyJhbGciOiJIUzI1NiJ9.eyJpIjoiNTg1MDM3NjU0OSIsInMiOiI1R2NhSERPNzhSR1BwUFR2ODdzQmFnIn0.Spabp5tynw-eYgtrv4AM_55l1h-p8EfrA25-mm2-ihg,Data Analyst,https://www.adzuna.in/details/5850376549?utm_medium=api&utm_source=7a21a92b,,5850376549,Adzuna::API::Response::Company,TVS Credit Services,Adzuna::API::Response::Location,"Lucknow, Uttar Pradesh","['India', 'Uttar Pradesh', 'Lucknow']",Adzuna::API::Response::Category,it-jobs,IT Jobs,26.8677,80.8897,,,,2026-09-28
Adzuna::API::Response::Job,2026-07-01T02:46:06Z,"Location: Maneja, Gujarat, India Job ID: R0123378 Date Posted: 2026-06-29 Company Name: HITACHI ENERGY TECHNOLOGY SERVICES PRIVATE LIMITED Profession (Job Category): Engineering & Science Job Schedule: Full time Remote: No Job Description: The opportunity The successful candidate will be part of an international Digital Engineering and Design team, supporting in create Business report using Power BI, SQL, SAP a t the Global Engineering Center in Vadodara, India, you’ll be part of a dynamic team…",0,eyJhbGciOiJIUzI1NiJ9.eyJzIjoiNUdjYUhETzc4UkdQcFBUdjg3c0JhZyIsImkiOiI1NzgyNTM4NjM0In0.Q73zOISgAynMyD7lS1STfOwJKk0OZFGUbkQvuvXXypY,Data Analyst,https://www.adzuna.in/details/5782538634?utm_medium=api&utm_source=7a21a92b,full_time,5782538634,Adzuna::API::Response::Company,Hitachi,Adzuna::API::Response::Location,India,['India'],Adzuna::API::Response::Category,energy-oil-gas-jobs,"Energy, Oil & Gas Jobs",,,,,,2026-09-28
Adzuna::API::Response::Job,2026-08-13T07:31:47Z,"Key Deliverables: Analyze and model sales, product, and strategic business data to support management decisions. Create insightful reports, dashboards, and performance presentations using tools like Excel and Tableau. Manage CRM data accuracy, usage, and support, including funnel tracking and opportunity monitoring. Provide sales analytics, traffic reports, and revenue insights to the sales team regularly. Role Responsibilities: Collaborate with business strategy and sales teams to track target…",0,eyJhbGciOiJIUzI1NiJ9.eyJpIjoiNTgzOTIyMTEzOSIsInMiOiI1R2NhSERPNzhSR1BwUFR2ODdzQmFnIn0.VGIkIT2EOpVMLx0r7FdcNiZ0WUPr-B-v1NuB80DaQWc,Data Analyst,https://www.adzuna.in/details/5839221139?utm_medium=api&utm_source=7a21a92b,,5839221139,Adzuna::API::Response::Company,Tanla Platforms,Adzuna::API::Response::Location,"Navi Mumbai, Maharashtra","['India', 'Maharashtra', 'Navi Mumbai']",Adzuna::API::Response::Category,sales-jobs,Sales Jobs,19.02,73.02,,,,2026-09-28
Adzuna::API::Response::Job,2026-08-29T07:41:27Z,"Responsibilities Represent Pinkerton's core values of integrity, vigilance, and excellence. Support information management initiatives for the client's Global Security Team. Assess and manipulate large data sets with SQL, Tableau, Python, Excel, and other business intelligence tools. Perform ad-hoc reports and analysis, as directed. Run and modify SQL queries to generate list reports from data sources. Generate data, identify problems within datasets, and resolve data discrepancies. Create dash…",0,eyJhbGciOiJIUzI1NiJ9.eyJpIjoiNTg2MDU0MTcyOSIsInMiOiI1R2NhSERPNzhSR1BwUFR2ODdzQmFnIn0.EiCk2euIaFnWiy8MLVqCYWjjLNmN_-JziOEYfmGBc9E,Data Analyst,https://www.adzuna.in/details/5860541729?utm_medium=api&utm_source=7a21a92b,,5860541729,Adzuna::API::Response::Company,Pinkerton,Adzuna::API::Response::Location,"Gurgaon, Haryana","['India', 'Haryana', 'Gurgaon']",Adzuna::API::Response::Category,it-jobs,IT Jobs,28.323996,76.983738,,,,2026-09-28
Adzuna::API::Response::Job,2026-09-01T16:07:46Z,"We are seeking a detail-oriented, proactive professional to manage data quality and governance and support campaign execution through the effective use of related platforms. This role is critical in generating actionable insights, enabling data-driven decision-making, and delivering personalized campaign journeys by bridging Campaign, IT, and Leadership teams. Key Responsibilities Data & Campaign Operations Data Collection & Entry Import user data collected onsite into internal systems Ensure t…",0,eyJhbGciOiJIUzI1NiJ9.eyJpIjoiNTg2NDM1MzQyNSIsInMiOiI1R2NhSERPNzhSR1BwUFR2ODdzQmFnIn0.SMyZlIvbBFJdU-j15Hj7pxRa_WQDdxIBbl0xwuupvnw,Data Analyst,https://www.adzuna.in/details/5864353425?utm_medium=api&utm_source=7a21a92b,full_time,5864353425,Adzuna::API::Response::Company,Shalom World,Adzuna::API::Response::Location,India,['India'],Adzuna::API::Response::Category,it-jobs,IT Jobs,,,,,,2026-09-28
Adzuna::API::Response::Job,2026-06-29T02:40:35Z,"ABOUT TRIBUTE TECHNOLOGY: At Tribute Technology, we make end-of-life celebrations memorable, meaningful, and effortless through thoughtful and innovative technology solutions. Our mission is to help communities around the world celebrate life and pay tribute to those we love. Our comprehensive platform brings together software and technology to provide a fully integrated experience for all users, whether that is a family, a funeral home, or an online publisher. We are the market leader in the U…",0,eyJhbGciOiJIUzI1NiJ9.eyJzIjoiNUdjYUhETzc4UkdQcFBUdjg3c0JhZyIsImkiOiI1NzgwNTMxNjQ4In0.LLCbzy8gHqNfsPCoeC0FPjj_pGqaggbZqhPxgkERUeI,Data Analyst,https://www.adzuna.in/details/5780531648?utm_medium=api&utm_source=7a21a92b,full_time,5780531648,Adzuna::API::Response::Company,Tribute Technology,Adzuna::API::Response::Location,"Hyderabad, Telangana","['India', 'Telangana', 'Hyderabad']",Adzuna::API::Response::Category,it-jobs,IT Jobs,17.40275,78.50806,,,,2026-09-28
Adzuna::API::Response::Job,2026-09-11T07:39:42Z,"Responsibilities Managing and organizing large-scale video datasets, building automation tools, accurate performance evaluations of models. Tool Development & Automation Accuracy Computation & Reporting Team Collaboration & Coordination Skills: Sql, Data Management, Excel, Reporting, Data Analysis, Automation, Python Experience: 2.00-5.00 Years",0,eyJhbGciOiJIUzI1NiJ9.eyJzIjoiNUdjYUhETzc4UkdQcFBUdjg3c0JhZyIsImkiOiI1ODc5MTQ0MDg2In0.-njyBcI3d6PL4tG-g-3f_hqh0YFEsqpqtF1F0TXVhkY,Data Analyst,https://www.adzuna.in/details/5879144086?utm_medium=api&utm_source=7a21a92b,,5879144086,Adzuna::API::Response::Company,Vehant Technologies,Adzuna::API::Response::Location,"Noida, Ghaziabad","['India', 'Uttar Pradesh', 'Ghaziabad', 'Noida']",Adzuna::API::Response::Category,it-jobs,IT Jobs,28.56579,77.3225,,,,2026-09-28
Adzuna::API::Response::Job,2026-09-09T07:37:40Z,"Key Deliverables Analyze, specify, and validate business needs for organizational systems Conduct data analysis, gather requirements, and ensure data integrity Develop and document functional and data requirements Collaborate with stakeholders to prioritize requirements and create data solutions Role Responsibilities Collect, interpret, and perform analysis on large data sets Develop reports to ensure data accuracy and consistency Manage and track the status of requirements and ensure project d…",0,eyJhbGciOiJIUzI1NiJ9.eyJpIjoiNTg3NjQ4MDM2MSIsInMiOiI1R2NhSERPNzhSR1BwUFR2ODdzQmFnIn0.5gSzAxUoYEo34nOxpW7LGOmyQlV_AZOHk4nx7QgLf-Y,Data Analyst,https://www.adzuna.in/details/5876480361?utm_medium=api&utm_source=7a21a92b,,5876480361,Adzuna::API::Response::Company,C1,Adzuna::API::Response::Location,"Hyderabad, Telangana","['India', 'Telangana', 'Hyderabad']",Adzuna::API::Response::Category,it-jobs,IT Jobs,17.40275,78.50806,,,,2026-09-28
Adzuna::API::Response::Job,2026-09-09T07:36:45Z,"Role Definition Performs analytical tasks and initiatives on huge amount of data to support data-driven business decision and development. Responsibilities Direct the data gathering, data mining, data processing and data modelling for large datasets including the processing, cleansing, and verification of datasets used for analysis. . • Lead requirement definition and scope of data analyses, presenting and reporting possible business insights to management using data visualization technologies.…",0,eyJhbGciOiJIUzI1NiJ9.eyJzIjoiNUdjYUhETzc4UkdQcFBUdjg3c0JhZyIsImkiOiI1ODc2NDc4OTEwIn0.4yxSK3WQ7aSZIXAWyCg7MewlKvyzAgJoA_UgLtRDpYc,Data Analyst,https://www.adzuna.in/details/5876478910?utm_medium=api&utm_source=7a21a92b,,5876478910,Adzuna::API::Response::Company,Caterpillar Inc,Adzuna::API::Response::Location,"Krishnagiri, Tamil Nadu","['India', 'Tamil Nadu', 'Krishnagiri']",Adzuna::API::Response::Category,it-jobs,IT Jobs,,,,,,2026-09-28
Adzuna::API::Response::Job,2026-09-09T07:37:36Z,"Job description What will you do I dentify data required to answer business questions and measure KPIs Create and maintain accessible data sets for a variety of business uses Perform data exploration and cleansing activities, evaluating quality measures and recommending improvements Describe, document, and visualize data sets, including developing or updating reports and dashboards; track usage of published assets Engage regularly with a wide range of stakeholders and functional teams to comple…",0,eyJhbGciOiJIUzI1NiJ9.eyJpIjoiNTg3NjQ4MDMwMyIsInMiOiI1R2NhSERPNzhSR1BwUFR2ODdzQmFnIn0.UZGaNlEXWluKam9WaqUkild1nOXuS3Dwg-ENABy1bbo,Data Analyst,https://www.adzuna.in/details/5876480303?utm_medium=api&utm_source=7a21a92b,,5876480303,Adzuna::API::Response::Company,Red Hat,Adzuna::API::Response::Location,"Pune, Maharashtra","['India', 'Maharashtra', 'Pune']",Adzuna::API::Response::Category,it-jobs,IT Jobs,18.5062,73.84735,,,,2026-09-28
Adzuna::API::Response::Job,2026-09-11T16:13:31Z,"This role is for one of Weekday’s clients Salary range: Rs 2400000 - Rs 3600000 (ie INR 24 - 36 LPA) Min Experience: 4 years Location: Bengaluru JobType: full-time In this role, you will help us maximize the value of our extensive data ecosystem, by evaluating Product-Market fit, and finding new ways to distribute our data assets. You will analyse user behavior on the platform to strengthen our Value Added Services (VAS) and help unlock the full commercial potential of our data. Requirements Re…",0,eyJhbGciOiJIUzI1NiJ9.eyJpIjoiNTg3OTU1MjIzMSIsInMiOiI1R2NhSERPNzhSR1BwUFR2ODdzQmFnIn0.EYh9tHhODBXcErNKvIEhF4dAK-7rxgaeNSuU0R4EQq0,Data Analyst,https://www.adzuna.in/details/5879552231?utm_medium=api&utm_source=7a21a92b,full_time,5879552231,Adzuna::API::Response::Company,Weekday AI,Adzuna::API::Response::Location,"Bangalore, Karnataka","['India', 'Karnataka', 'Bangalore']",Adzuna::API::Response::Category,it-jobs,IT Jobs,,,,,,2026-09-28
Adzuna::API::Response::Job,2026-06-27T07:29:56Z,"ABOUT TRIBUTE TECHNOLOGY: At Tribute Technology, we make end-of-life celebrations memorable, meaningful, and effortless through thoughtful and innovative technology solutions. Our mission is to help communities around the world celebrate life and pay tribute to those we love. Our comprehensive platform brings together software and technology to provide a fully integrated experience for all users, whether that is a family, a funeral home, or an online publisher. We are the market leader in the U…",0,eyJhbGciOiJIUzI1NiJ9.eyJpIjoiNTc3ODQ0NDE1MiIsInMiOiI1R2NhSERPNzhSR1BwUFR2ODdzQmFnIn0.nV4sPlnFCv8AbfwXu6-AsHr-hYTxOG2CDnc3HpH3FnY,Data Analyst,https://www.adzuna.in/details/5778444152?utm_medium=api&utm_source=7a21a92b,full_time,5778444152,Adzuna::API::Response::Company,Tribute Technology,Adzuna::API::Response::Location,"Hussainialam, Hyderabad","['India', 'Telangana', 'Hyderabad', 'Hussainialam']",Adzuna::API::Response::Category,it-jobs,IT Jobs,17.38848,78.4717,,,,2026-09-28
Adzuna::API::Response::Job,2026-09-17T16:14:05Z,"Job description: Job Description Role Purpose The purpose of the role is to provide effective technical support to the process and actively resolve client issues directly or through timely escalation to meet process SLAs. ͏ Do Support process by managing transactions as per required quality standards Fielding all incoming help requests from clients via telephone and/or emails in a courteous manner Document all pertinent end user identification information, including name, department, contact in…",0,eyJhbGciOiJIUzI1NiJ9.eyJpIjoiNTg4NzUyNTUwNyIsInMiOiI1R2NhSERPNzhSR1BwUFR2ODdzQmFnIn0.hXx3kizsrKm07tSJCexnZ2sbhUpLdMqtauBDa-HbI44,Data Analyst,https://www.adzuna.in/details/5887525507?utm_medium=api&utm_source=7a21a92b,full_time,5887525507,Adzuna::API::Response::Company,Wipro,Adzuna::API::Response::Location,"Hyderabad, Telangana","['India', 'Telangana', 'Hyderabad']",Adzuna::API::Response::Category,it-jobs,IT Jobs,17.40275,78.50806,,,,2026-09-28
Adzuna::API::Response::Job,2026-09-23T16:15:29Z,"Company Description Metro Global Solution Center (MGSC) is internal solution partner for METRO, a €31 Billion international wholesaler with operations in more than 30 countries. The store network comprises a total of 623 stores in 21 countries, of which 522 offer out-of-store delivery (OOS), and 94 dedicated depots. In 12 countries, METRO runs only the delivery business by its delivery companies (Food Service Distribution, FSD). HoReCa and Traders are core customer groups of METRO. The HoReCa s…",0,eyJhbGciOiJIUzI1NiJ9.eyJpIjoiNTg5NTA2NTQ2NSIsInMiOiI3S0VKSFRPNzhSR0dROXUxbVFLVmR3In0.tfCRR82C4LxKa9P_BJiXsXt2OoVSiFHRYTVHwarCDJA,Data Analyst,https://www.adzuna.in/details/5895065465?utm_medium=api&utm_source=7a21a92b,full_time,5895065465,Adzuna::API::Response::Company,METRO/MAKRO,Adzuna::API::Response::Location,"Pune, Maharashtra","['India', 'Maharashtra', 'Pune']",Adzuna::API::Response::Category,it-jobs,IT Jobs,18.5062,73.84735,,,,2026-09-28
Adzuna::API::Response::Job,2026-09-23T07:49:03Z,"Strong SQL skills – complex queries, joins, CTEs, subqueries, window functions, and data validation. Experience with data analysis, reporting, and data visualization . Proficiency in Excel and BI tools such as Power BI / Tableau . Ability to work with large datasets, identify trends, and provide actionable insights. Strong understanding of data cleaning, data quality, and data validation . Good communication skills and ability to work with business and technical stakeholders. Skills: Google Loo…",0,eyJhbGciOiJIUzI1NiJ9.eyJzIjoiN0tFSkhUTzc4UkdHUTl1MW1RS1ZkdyIsImkiOiI1ODk0NjM5MjAwIn0.GgqQ7cUsxF8TgOjeaBiABpZ25YRHhBBqVEz5kivNy5o,Data Analyst,https://www.adzuna.in/details/5894639200?utm_medium=api&utm_source=7a21a92b,,5894639200,Adzuna::API::Response::Company,Artech Infosystems Private Limited,Adzuna::API::Response::Location,"Bangalore, Karnataka","['India', 'Karnataka', 'Bangalore']",Adzuna::API::Response::Category,it-jobs,IT Jobs,,,,,,2026-09-28
Adzuna::API::Response::Job,2026-07-04T02:29:39Z,"Description In this position, the candidate will be responsible for building and maintaining BI and analytics solutions that transform data into actionable insights through interactive and easy-to-understand dashboards and reports. The role requires a strong background in data analysis, digital marketing analytics, and business intelligence, along with excellent analytical and communication skills. The selected candidate will work in a client-facing capacity, supporting end-to-end BI developmen…",0,eyJhbGciOiJIUzI1NiJ9.eyJpIjoiNTc4NzE4NTk2NSIsInMiOiI3S0VKSFRPNzhSR0dROXUxbVFLVmR3In0.bXlE-F994Ju2ol0aWQ4JquIgXHFaHiEQvasgYS3ElYM,Data Analyst,https://www.adzuna.in/details/5787185965?utm_medium=api&utm_source=7a21a92b,full_time,5787185965,Adzuna::API::Response::Company,EXL,Adzuna::API::Response::Location,India,['India'],Adzuna::API::Response::Category,it-jobs,IT Jobs,,,,,,2026-09-28
Adzuna::API::Response::Job,2026-05-13T02:15:44Z,"Job Description: 2-3 years of experience in Data Analysis, preferably in the aviation industry.  Proficient in data analysis tools such as SQL, Python, or SAS.  Experience with data visualization tools (Tableau, Power BI, etc.).  Strong analytical and problem-solving skills. Key Responsibilities 1 Gather, clean, and preprocess data from various sources at Agos Aviation, ensuring data accuracy, completeness, and integrity for analysis. 2 Apply statistical and analytical techniques to derive m…",0,eyJhbGciOiJIUzI1NiJ9.eyJzIjoiN0tFSkhUTzc4UkdHUTl1MW1RS1ZkdyIsImkiOiI1NzI3MjY0NzI5In0.-2wbevPl3bHUAIuqNuKOn6qbecL-cA2gx8RpfdTIraQ,Data Analyst,https://www.adzuna.in/details/5727264729?utm_medium=api&utm_source=7a21a92b,full_time,5727264729,Adzuna::API::Response::Company,Acura Solution,Adzuna::API::Response::Location,"Mumbai, Maharashtra","['India', 'Maharashtra', 'Mumbai']",Adzuna::API::Response::Category,it-jobs,IT Jobs,19.00821,72.84415,,,,2026-09-28
Adzuna::API::Response::Job,2026-09-25T21:20:44Z,"We are seeking a highly motivated and thorough professional to join the team in an Order to Cash (O2C) and customer support capacity. This role is critical in ensuring detailed operations, delivering exceptional customer experiences, and driving process excellence. The ideal candidate should possess good understanding of business, good interpersonal skills, and the ability to work closely in a dynamic environment. As a domain expert (SME), you will not only handle day-to-day responsibilities bu…",0,eyJhbGciOiJIUzI1NiJ9.eyJzIjoiN0tFSkhUTzc4UkdHUTl1MW1RS1ZkdyIsImkiOiI1ODk4NDg4NDgyIn0.PsNwbJryrEVE_L730uXcwdohthwUcRGJIYmSW5Y3y5s,Data Analyst,https://www.adzuna.in/details/5898488482?utm_medium=api&utm_source=7a21a92b,full_time,5898488482,Adzuna::API::Response::Company,London Stock Exchange Group,Adzuna::API::Response::Location,India,['India'],Adzuna::API::Response::Category,it-jobs,IT Jobs,,,,,,2026-09-28
Adzuna::API::Response::Job,2026-09-18T21:42:49Z,"About Media.net : Media.net is a leading, global ad tech company that focuses on creating the most transparent and efficient path for advertiser budgets to become publisher revenue. Our proprietary contextual technology is at the forefront of enhancing Programmatic buying, the latest industry standard in ad buying for digital platforms. The Media.net platform powers major global publishers and ad-tech businesses at scale across ad formats like display, video, mobile, native, as well as search. …",0,eyJhbGciOiJIUzI1NiJ9.eyJpIjoiNTg4OTUzMjMxMiIsInMiOiI3S0VKSFRPNzhSR0dROXUxbVFLVmR3In0.-0jYLgRm5Aupr-UbsFk-nuCtHqQnB_BgFlPpQupdno0,Data Analyst,https://www.adzuna.in/details/5889532312?utm_medium=api&utm_source=7a21a92b,full_time,5889532312,Adzuna::API::Response::Company,Ce,Adzuna::API::Response::Location,"Bangalore, Karnataka","['India', 'Karnataka', 'Bangalore']",Adzuna::API::Response::Category,it-jobs,IT Jobs,,,,,,2026-09-28
Adzuna::API::Response::Job,2026-05-13T02:09:30Z,"Job Description: Primary Role Description: - The incumbent will be a part of the advanced descriptive and predictive analytics sub-function to work on analysis/reports/dashboards related to superior risk selection, risk assessment and risk management. To help data evidence-based decision-making for the business to enable better understanding and management of the health risks. The role requires a good understanding of Health Insurance domain in India and various drivers of profitability. Respon…",0,eyJhbGciOiJIUzI1NiJ9.eyJzIjoiN0tFSkhUTzc4UkdHUTl1MW1RS1ZkdyIsImkiOiI1NzI3MTk1MjUyIn0.yzelkCE3ebszsi_qIZ0SbKICLsPBcQgRN14fFj4HIXE,Data Analyst,https://www.adzuna.in/details/5727195252?utm_medium=api&utm_source=7a21a92b,full_time,5727195252,Adzuna::API::Response::Company,Mancraft Consulting,Adzuna::API::Response::Location,"Noida, Ghaziabad","['India', 'Uttar Pradesh', 'Ghaziabad', 'Noida']",Adzuna::API::Response::Category,accounting-finance-jobs,Accounting & Finance Jobs,28.56579,77.3225,,600000.0,850000.0,2026-09-28
Adzuna::API::Response::Job,2026-09-22T21:24:31Z,"Job Description: Primary Responsibilities: Data Analysis & Reporting • Collect, clean, validate, and analyze data from multiple sources including government systems, APIs, and open datasets. • Perform exploratory data analysis (EDA) to uncover trends, patterns, and anomalies. • Support performance monitoring of digital service delivery (e.g., user adoption, grievance redressal, efficiency metrics). Visualization & Dashboarding • Design and develop dynamic, interactive dashboards using tools lik…",0,eyJhbGciOiJIUzI1NiJ9.eyJzIjoiN0tFSkhUTzc4UkdHUTl1MW1RS1ZkdyIsImkiOiI1ODk0MDc3Nzg4In0._i_mftCqeW8n_HxHa63tc4ZJ2nl0MdhYOsKx60C3QVQ,Data Analyst,https://www.adzuna.in/details/5894077788?utm_medium=api&utm_source=7a21a92b,full_time,5894077788,Adzuna::API::Response::Company,Acura Solution,Adzuna::API::Response::Location,"Delhi, India","['India', 'Delhi']",Adzuna::API::Response::Category,it-jobs,IT Jobs,28.62523,77.224601,,,,2026-09-28
Adzuna::API::Response::Job,2026-05-14T02:26:01Z,"Job Description: Key Responsibilities: -  Design, develop, and maintain daily/weekly/monthly MIS reports and dashboards using Excel and Tableau.  Automate reporting processes using advanced Excel functions (Power Query, Pivot Tables, Macros/VBA).  Create interactive Tableau dashboards to visualize KPIs and business metrics.     Collaborate with cross-functional teams to gather reporting requirements and deliver customized solutions. Ensure data accuracy, integrity, and consistency across…",0,eyJhbGciOiJIUzI1NiJ9.eyJzIjoiN0tFSkhUTzc4UkdHUTl1MW1RS1ZkdyIsImkiOiI1NzI4NDIyNTQ4In0.56Hgsllzt_wiOZ7ZdkDK1B0surbb5ai5rSUlM8nvtzA,Data Analyst,https://www.adzuna.in/details/5728422548?utm_medium=api&utm_source=7a21a92b,full_time,5728422548,Adzuna::API::Response::Company,MM Staffing & Career Consultants,Adzuna::API::Response::Location,"Mumbai, Maharashtra","['India', 'Maharashtra', 'Mumbai']",Adzuna::API::Response::Category,it-jobs,IT Jobs,19.00821,72.84415,,,,2026-09-28
Adzuna::API::Response::Job,2026-09-11T21:35:13Z,"Job Description Business Objectives Recommendations Collaborate with various teams to collect business data to complete timely analysis/Reporting. Take ownership of data extraction, processing, cleansing, and verifying the integrity of data used for analysis Design, develop, and deploy analytical solutions, build data-based insights (qualitative and quantitative) to measure the efficiency and effectiveness of business and data processes. Explore and stay current on industry best practices, brin…",0,eyJhbGciOiJIUzI1NiJ9.eyJpIjoiNTg3OTkzNjM0NSIsInMiOiI3S0VKSFRPNzhSR0dROXUxbVFLVmR3In0.A4o-r-XV3PuqVYLT4Kd53VEU7Hqo4pcLCeN-0yaCESs,Data Analyst,https://www.adzuna.in/details/5879936345?utm_medium=api&utm_source=7a21a92b,full_time,5879936345,Adzuna::API::Response::Company,Financial Services,Adzuna::API::Response::Location,India,['India'],Adzuna::API::Response::Category,it-jobs,IT Jobs,,,,100000.0,800000.0,2026-09-28
Adzuna::API::Response::Job,2024-05-10T07:38:52Z,"Data gathering/ Research Assist team leaders in gathering and verifying data through primary and secondary research methods using internal and external tools Organize, participate and document Project related interviews, focus group discussions etc. Connect with support teams (L&D, HR, Finance, Marketing teams etc.) to collate data and provide clients any required data, analyses, reports or recommendations. Verify accuracy of data and identify missing or conflicting data Share insights from fin…",0,eyJhbGciOiJIUzI1NiJ9.eyJpIjoiNDY4NjcwNDk5OSIsInMiOiI3S0VKSFRPNzhSR0dROXUxbVFLVmR3In0.6id12iPVHlYCtP6ON9zRzAwIctFAx2SKUK5BoXW_-CA,Data Analyst,https://www.adzuna.in/details/4686704999?utm_medium=api&utm_source=7a21a92b,,4686704999,Adzuna::API::Response::Company,,Adzuna::API::Response::Location,"Hyderabad, Telangana","['India', 'Telangana', 'Hyderabad']",Adzuna::API::Response::Category,trade-construction-jobs,Trade & Construction Jobs,17.40275,78.50806,,,,2026-09-28
Adzuna::API::Response::Job,2024-05-10T07:39:09Z,"1. MIS generation 2. Coordination and Administration 3. Secretarial support Job Description: 1. Preparing daily / weekly reports / MIS by gathering data from dashboards and by using advanced excel tools like, V lookup, H lookup, pivot table, formulas etc. 2. Coordination with various departments / divisions. 3. Managing correspondence with various employees in the organization. 4. Arrangements and coordination for workshops / seminars / exhibitions etc. 5. Providing secretarial support. Kindly …",0,eyJhbGciOiJIUzI1NiJ9.eyJpIjoiNDY4NjcwNzQ0OSIsInMiOiI3S0VKSFRPNzhSR0dROXUxbVFLVmR3In0.YnQ37gN1EzHCvR45kM5MHoOBPFuhSZz2J2npkJWHEiA,Data Analyst,https://www.adzuna.in/details/4686707449?utm_medium=api&utm_source=7a21a92b,,4686707449,Adzuna::API::Response::Company,,Adzuna::API::Response::Location,"Mumbai, Maharashtra","['India', 'Maharashtra', 'Mumbai']",Adzuna::API::Response::Category,admin-jobs,Admin Jobs,19.00821,72.84415,,,,2026-09-28
Adzuna::API::Response::Job,2024-05-10T07:39:12Z,"Acquire data from primary or secondary data sources and maintain databases/data systems Expertise in processing large datasets for data transformation like data cleansing, scrubbing, profiling Interpreting, filtering, cleaning and analyzing data using advanced Excel, Access and SQL. Provided the company with charts and graphs from the data analyzed to identify trends and patterns for further decision making. Working with data structures and algorithms. Familiarity with NoSQL NewSQL databases Re…",0,eyJhbGciOiJIUzI1NiJ9.eyJpIjoiNDY4NjcwNzgzNSIsInMiOiI3S0VKSFRPNzhSR0dROXUxbVFLVmR3In0.zY-tEnqtDId-pWlqPfDd8kAALV-CsQKUp9AtPNQcBkU,Data Analyst,https://www.adzuna.in/details/4686707835?utm_medium=api&utm_source=7a21a92b,,4686707835,Adzuna::API::Response::Company,,Adzuna::API::Response::Location,"Mumbai, Maharashtra","['India', 'Maharashtra', 'Mumbai']",Adzuna::API::Response::Category,it-jobs,IT Jobs,19.00821,72.84415,,,,2026-09-28
Adzuna::API::Response::Job,2024-05-10T07:39:12Z,"Our Client have a wealth of experience in enterprise solution.They are recognized for their knowledge and experience on enterprise business systems.They are constantly finding innovative ways to blend people,process and technologies to deliver bottom-line benefits to their customers. Job Location :- Navi Mumbai Qualification :- BE/B TECH(IT/Computers) , MCA, MSE(IT/Computers) Experience :- 0 to 1 Year 1) Software programming experience. 2) Advanced with Python. 3) Strong knowledge of SQL Server…",0,eyJhbGciOiJIUzI1NiJ9.eyJpIjoiNDY4NjcwNzgzMyIsInMiOiI3S0VKSFRPNzhSR0dROXUxbVFLVmR3In0.r0vHZVK8OIY2ygmukkGyFT5YanDYYQkjzALfskAlIBk,Data Analyst,https://www.adzuna.in/details/4686707833?utm_medium=api&utm_source=7a21a92b,,4686707833,Adzuna::API::Response::Company,,Adzuna::API::Response::Location,"Navi Mumbai, Maharashtra","['India', 'Maharashtra', 'Navi Mumbai']",Adzuna::API::Response::Category,it-jobs,IT Jobs,19.02,73.02,,,,2026-09-28
Adzuna::API::Response::Job,2024-05-10T07:38:52Z,"HiWelcome students, ladies, to allDo u have a free time? Do u want earnings? But u want to know genuine websites and jobs. I will guide u. Computer job nternational project u will get. If u want WhatsApp 2. Details r all in text file. U want to buy RS.150 only",0,eyJhbGciOiJIUzI1NiJ9.eyJpIjoiNDY4NjcwNTAxNSIsInMiOiI3S0VKSFRPNzhSR0dROXUxbVFLVmR3In0.ZAQDHkH937rTKkxme8oSRusL4hjyzIrlVmWYZlwwzWc,Data Analyst,https://www.adzuna.in/details/4686705015?utm_medium=api&utm_source=7a21a92b,,4686705015,Adzuna::API::Response::Company,,Adzuna::API::Response::Location,"Chennai, Tamil Nadu","['India', 'Tamil Nadu', 'Chennai']",Adzuna::API::Response::Category,trade-construction-jobs,Trade & Construction Jobs,13.06041,80.24963,,,,2026-09-28
Adzuna::API::Response::Job,2024-05-10T07:38:59Z,"Job brief We are looking for a passionate professional to turn data into information, information into insight and insight into business decisions. The responsibilities include monitoring full ETL lifecycle activities to include requirements analysis and design, developing analysis and reporting capabilities, continuously monitoring performance and quality control plans to identify improvements. The candidate should also be capable enough to handle adhoc data requirements into the required form…",0,eyJhbGciOiJIUzI1NiJ9.eyJzIjoiN0tFSkhUTzc4UkdHUTl1MW1RS1ZkdyIsImkiOiI0Njg2NzA2MTY5In0.cBvYhuKFfoiQ0A0kQqxVnp2BMYjPr8IamSE0K06eROw,Data Analyst,https://www.adzuna.in/details/4686706169?utm_medium=api&utm_source=7a21a92b,,4686706169,Adzuna::API::Response::Company,,Adzuna::API::Response::Location,"Gurgaon, Haryana","['India', 'Haryana', 'Gurgaon']",Adzuna::API::Response::Category,it-jobs,IT Jobs,28.323996,76.983738,,,,2026-09-28
Adzuna::API::Response::Job,2024-05-10T07:39:00Z,"Its primary target is to create and maintain data pipelines. Strong analytics skills are needed to understand complex data sets . Experience in running database service on Cloud would be needed to run a secure data platform. The ideal candidate must have strong experience using a variety of data mining/data analysis methods, using a variety of data tools, building and implementing data models. They must have a proven ability to drive business results with their data-based insights. They must be…",0,eyJhbGciOiJIUzI1NiJ9.eyJzIjoiN0tFSkhUTzc4UkdHUTl1MW1RS1ZkdyIsImkiOiI0Njg2NzA2MzU2In0.hHN_Por_5-a7sgI9GF8hIq9zrDiD2kIYp4pbjYZWMW8,Data Analyst,https://www.adzuna.in/details/4686706356?utm_medium=api&utm_source=7a21a92b,,4686706356,Adzuna::API::Response::Company,,Adzuna::API::Response::Location,"Bangalore, Karnataka","['India', 'Karnataka', 'Bangalore']",Adzuna::API::Response::Category,it-jobs,IT Jobs,12.95703,77.59837,,,,2026-09-28
Adzuna::API::Response::Job,2024-05-10T07:38:59Z,"Job description Conducting the Validation & Audit at MSO & local operators Digital Head-ends to ensure System has complying the TRAI Norms & also help to stop Revenue leakages. Technical support & activated on the trouble shooting at DTH, MSO local operator level to ensure for channels are running on the ground. Antipiracy activities TS recording on ground level and analyze",0,eyJhbGciOiJIUzI1NiJ9.eyJzIjoiN0tFSkhUTzc4UkdHUTl1MW1RS1ZkdyIsImkiOiI0Njg2NzA2MTgxIn0.1_y1AtBAScarK20AoA9ARzQJAfLzzaBVz1hLxR87-Lg,Data Analyst,https://www.adzuna.in/details/4686706181?utm_medium=api&utm_source=7a21a92b,,4686706181,Adzuna::API::Response::Company,,Adzuna::API::Response::Location,"Mumbai, Maharashtra","['India', 'Maharashtra', 'Mumbai']",Adzuna::API::Response::Category,it-jobs,IT Jobs,19.00821,72.84415,,,,2026-09-28
Adzuna::API::Response::Job,2026-09-19T20:33:43Z,"This job is with Capco, an inclusive employer and a member of myGwork – the largest global platform for the LGBTQ business community. Please do not contact the recruiter directly. About Us “Capco, a Wipro company, is a global technology and management consulting firm. Awarded with Consultancy of the year in the British Bank Award and has been ranked Top 100 Best Companies for Women in India 2022 by Avtar & Seramount. With our presence across 32 cities across globe, we support 100 clients across…",0,eyJhbGciOiJIUzI1NiJ9.eyJzIjoiN0tFSkhUTzc4UkdHUTl1MW1RS1ZkdyIsImkiOiI1ODkwNzE3Nzk2In0.ZP9gIFEDhH85N-0OZ-G1BcVl245AyNHxL_VTLODuy4o,GCP Data Engineer,https://www.adzuna.in/land/ad/5890717796?se=7KEJHTO78RGGQ9u1mQKVdw&utm_medium=api&utm_source=7a21a92b&v=AACCEDF91AC373078EC6DE2ECD4190FB5EF4A010,full_time,5890717796,Adzuna::API::Response::Company,Capco,Adzuna::API::Response::Location,"Pune, Maharashtra","['India', 'Maharashtra', 'Pune']",Adzuna::API::Response::Category,it-jobs,IT Jobs,18.5062,73.84735,,,,2026-09-28
Adzuna::API::Response::Job,2026-09-25T01:58:30Z,"Mizuho Global Services Pvt Ltd (MGS) is a subsidiary company of Mizuho Bank, Ltd, which is one of the largest banks, also called a Mega Bank of Japan. MGS was established in the year 2020 as part of Mizuho long-term strategy of creating a captive global processing center for remotely handling banking and IT-related operations of Mizuho Bank’s domestic and overseas offices and Mizuho’s group companies across the globe. At Mizuho, we are committed to a culture driven by ethical values and support…",0,eyJhbGciOiJIUzI1NiJ9.eyJpIjoiNTg5NzI5NjM5MyIsInMiOiI3S0VKSFRPNzhSR0dROXUxbVFLVmR3In0.3fVivWEWMHT8Qe9W2tf4ANGRZ72eJnFRDND5CnseRyI,Business Auditor,https://www.adzuna.in/land/ad/5897296393?se=7KEJHTO78RGGQ9u1mQKVdw&utm_medium=api&utm_source=7a21a92b&v=38A0F32EE17CF6049F173F6A60052D78065763DE,,5897296393,Adzuna::API::Response::Company,Mizuho,Adzuna::API::Response::Location,"Chennai, Tamil Nadu","['India', 'Tamil Nadu', 'Chennai']",Adzuna::API::Response::Category,accounting-finance-jobs,Accounting & Finance Jobs,13.06041,80.24963,,,,2026-09-28
Adzuna::API::Response::Job,2026-09-04T16:57:28Z,"Job Summary: We are seeking a proactive and self-motivated Senior Data Engineer with a proven track record in building scalable cloud-based data solutions across multiple cloud platforms to support our work in architecting, building and maintaining the data infrastructure. The specific focus for this role will start with GCP however we require experience with Snowflake and Databricks also. As a senior member within the data engineering space, you will play a pivotal role in designing scalable d…",0,eyJhbGciOiJIUzI1NiJ9.eyJpIjoiNTg3MDUyNzUwMiIsInMiOiI3S0VKSFRPNzhSR0dROXUxbVFLVmR3In0.h2YI5Lvf925wa_TmuogeFgk2qQ1hLo-Rcg8ZhkLINLc,Senior Data Engineer (GCP),https://www.adzuna.in/land/ad/5870527502?se=7KEJHTO78RGGQ9u1mQKVdw&utm_medium=api&utm_source=7a21a92b&v=13DCF9B529DFC988AF1B37CEBA171DC57195AA77,full_time,5870527502,Adzuna::API::Response::Company,Publicis Production,Adzuna::API::Response::Location,"Bangalore, Karnataka","['India', 'Karnataka', 'Bangalore']",Adzuna::API::Response::Category,it-jobs,IT Jobs,,,,,,2026-09-28
Adzuna::API::Response::Job,2026-09-18T17:30:50Z,"About your new company Collegedunia is an education portal, matching students with the best colleges in India & abroad. We help in college research, exam prep tips, application process &also provide insights on-campus life. Launched in 2014, we are the highest ranked portal by Similar Web in education. We have also been awarded as - Best Educational Portal- by IAMAI in 2017, and listed by TechinAsia as Top 100 Startups in Asia. Collegedunia is fueled by the energy of over a 1000 individuals hav…",0,eyJhbGciOiJIUzI1NiJ9.eyJpIjoiNTg4OTIyMjE4MSIsInMiOiI3S0VKSFRPNzhSR0dROXUxbVFLVmR3In0.ku25LZkhj19iOb0obAAEoZmeS6YiIDly-akWdFwySWA,Business Development Manager,https://www.adzuna.in/land/ad/5889222181?se=7KEJHTO78RGGQ9u1mQKVdw&utm_medium=api&utm_source=7a21a92b&v=20C3DCA3BC3E84E1BE02A3E4DD64BAA0D558B7DB,,5889222181,Adzuna::API::Response::Company,Collegedunia,Adzuna::API::Response::Location,"Mumbai, Maharashtra","['India', 'Maharashtra', 'Mumbai']",Adzuna::API::Response::Category,logistics-warehouse-jobs,Logistics & Warehouse Jobs,19.00821,72.84415,,,,2026-09-28
Adzuna::API::Response::Job,2026-02-19T19:58:34Z,"This role is for one of the Weekday's clients Salary range: Rs 300000 - Rs 1200000 (ie INR 3-12 LPA) Min Experience: 1 years Location: Remote (India) JobType: full-time We’re looking for a passionate and detail-oriented Data Analyst / Data Scientist to join our growing analytics team. This role is perfect for someone who thrives on solving complex problems using data, loves diving deep into datasets, and has a strong command of analytical tools and programming languages. As a Data Analyst / Dat…",0,eyJhbGciOiJIUzI1NiJ9.eyJzIjoiN0tFSkhUTzc4UkdHUTl1MW1RS1ZkdyIsImkiOiI1NjM2MDY4MjM1In0.N2Ic2mS-cJdh4FT5L6i_R-ZdsP31oFvE8tZAltsmYVg,Data Analyst / Data Scientist,https://www.adzuna.in/details/5636068235?utm_medium=api&utm_source=7a21a92b,full_time,5636068235,Adzuna::API::Response::Company,Weekday AI,Adzuna::API::Response::Location,India,['India'],Adzuna::API::Response::Category,it-jobs,IT Jobs,,,,,,2026-09-28
Adzuna::API::Response::Job,2026-08-28T06:29:01Z,"Data Analyst / Data Engineer – SQL, BI & Data Analytics | Remote Position Type: Full-Time, Remote Working Hours: U.S. Business Hours About the Role At Pavago, one of our clients is hiring a Data Analyst / Data Engineer to transform business data into reliable reporting, actionable insights, and scalable data systems. Depending on your experience, this role may lean toward data analytics, business intelligence, data engineering, or a combination of these areas . You’ll work with SQL, dashboards,…",0,eyJhbGciOiJIUzI1NiJ9.eyJzIjoiN0tFSkhUTzc4UkdHUTl1MW1RS1ZkdyIsImkiOiI1ODU5MDU0MTU2In0.YN_o_kwb8-NDZxgkmZhwuWkGiFe1a4PNE0B7kPm1MQ0,Data Analyst / Data Engineer,https://www.adzuna.in/details/5859054156?utm_medium=api&utm_source=7a21a92b,full_time,5859054156,Adzuna::API::Response::Company,Pavago,Adzuna::API::Response::Location,India,['India'],Adzuna::API::Response::Category,it-jobs,IT Jobs,,,,,,2026-09-28
Adzuna::API::Response::Job,2026-09-25T15:21:23Z,"Greetings from TCS! TCS is hiring for Azure Data Engineer Desired Experience Range: 10 Years Job Location: Chennai Key Responsibilities Design, develop, and maintain ETL/ELT pipelines using Azure Data Factory (ADF). Build and optimize data transformation workflows using Azure Databricks (ADB) and PySpark/Spark SQL. Integrate data from multiple structured and unstructured sources into Azure Data Lake / Synapse. Monitor, troubleshoot, and tune pipeline performance for reliability and cost efficie…",0,eyJhbGciOiJIUzI1NiJ9.eyJpIjoiNTg5ODEyNjUxOSIsInMiOiI3S0VKSFRPNzhSR0dROXUxbVFLVmR3In0.byCwYHJTc6dxhnkphTb12b5xrGj8W1HHYc_lbEX1oMA,Azure Data Engineer,https://www.adzuna.in/land/ad/5898126519?se=7KEJHTO78RGGQ9u1mQKVdw&utm_medium=api&utm_source=7a21a92b&v=249DBE47CF12E6D217092826C43DE79670B84345,,5898126519,Adzuna::API::Response::Company,Tata Consultancy Services,Adzuna::API::Response::Location,"Chennai, Tamil Nadu","['India', 'Tamil Nadu', 'Chennai']",Adzuna::API::Response::Category,it-jobs,IT Jobs,13.06041,80.24963,,,,2026-09-28
Adzuna::API::Response::Job,2026-09-09T14:44:25Z,"Jobe Role: GCP Data Engineer Experience Range: 5 - 12 Years Mode of Interview: In-Person (walk-in Interview) Location: Chennai We are seeking an experienced GCP Data Engineer with 7-15 years of overall IT experience and strong expertise in designing, developing, and optimizing large-scale data platforms on Google Cloud Platform (GCP) . The ideal candidate should possess hands-on experience in data engineering, ETL/ELT development, cloud-native architectures, data warehousing, and big data techn…",0,eyJhbGciOiJIUzI1NiJ9.eyJzIjoiN0tFSkhUTzc4UkdHUTl1MW1RS1ZkdyIsImkiOiI1ODc2ODY5OTY0In0.GWsmKTYdWEwYuCjB89yyCahQ3q7Fd4LYZC3agBPL4JU,GCP Data Engineer,https://www.adzuna.in/land/ad/5876869964?se=7KEJHTO78RGGQ9u1mQKVdw&utm_medium=api&utm_source=7a21a92b&v=E7373CADEF5A8F50FEB084AF3CD30CA3660C1E3E,,5876869964,Adzuna::API::Response::Company,Tata Consultancy Services,Adzuna::API::Response::Location,"Chennai, Tamil Nadu","['India', 'Tamil Nadu', 'Chennai']",Adzuna::API::Response::Category,it-jobs,IT Jobs,13.06041,80.24963,,,,2026-09-28
Adzuna::API::Response::Job,2026-08-27T02:10:36Z,"This job is with Capco, an inclusive employer and a member of myGwork – the largest global platform for the LGBTQ business community. Please do not contact the recruiter directly. This role sits as part of a first line compliance function to ensure that functionality, processes and reporting outputs built for Reporting Ops meet the regulatory criteria as documented by the relevant regulatory instructions, regulations and policies. This role will involve close liaison with both Finance Change co…",0,eyJhbGciOiJIUzI1NiJ9.eyJpIjoiNTg1NzI1MTE3OCIsInMiOiI3S0VKSFRPNzhSR0dROXUxbVFLVmR3In0.RIbol6BVOJGQmDR8cNx7qmnTjK-oJWLfUvE6dt-4UY0,Liquidity reporting Compliance,https://www.adzuna.in/land/ad/5857251178?se=7KEJHTO78RGGQ9u1mQKVdw&utm_medium=api&utm_source=7a21a92b&v=0C127A1203A07750F0305349CD2374195CA58849,full_time,5857251178,Adzuna::API::Response::Company,Capco,Adzuna::API::Response::Location,India,['India'],Adzuna::API::Response::Category,it-jobs,IT Jobs,,,,,,2026-09-28
Adzuna::API::Response::Job,2026-09-28T02:01:01Z,"Location: Hyderabad, India (Hybrid Schedule; 3 days in office) Working Hours: 2 PM to 11 PM IST Job Description Our Risk & Reporting (R&R) team is building performance analytics, investor reporting, and reporting automation across closed-end, open-end, and evergreen strategies. In this role, you will lead the build, automation, refresh support, and controls for Emerging Markets Debt dashboards, datasets, and recurring reporting deliverables. Data Engineering & Architecture Design and maintain d…",0,eyJhbGciOiJIUzI1NiJ9.eyJzIjoiN0tFSkhUTzc4UkdHUTl1MW1RS1ZkdyIsImkiOiI1OTAwODc1MjkxIn0.YyHDxmZ93CVdLhVC18ku3WhZDjqHRGQANzULzCRvKzE,"Associate, Reporting & Portfolio Analytics (Emerging Markets)",https://www.adzuna.in/land/ad/5900875291?se=7KEJHTO78RGGQ9u1mQKVdw&utm_medium=api&utm_source=7a21a92b&v=CE0FA170A3D07716C3DCAB6E84829BFFAF55276C,,5900875291,Adzuna::API::Response::Company,BuzzClan,Adzuna::API::Response::Location,"Hyderabad, Telangana","['India', 'Telangana', 'Hyderabad']",Adzuna::API::Response::Category,accounting-finance-jobs,Accounting & Finance Jobs,17.40275,78.50806,,,,2026-09-28
Adzuna::API::Response::Job,2026-09-19T17:30:19Z,"About your new company Collegedunia is an education portal, matching students with the best colleges in India & abroad. We help in college research, exam prep tips, application process &also provide insights on-campus life. Launched in 2014, we are the highest ranked portal by Similar Web in education. We have also been awarded as - Best Educational Portal- by IAMAI in 2017, and listed by TechinAsia as Top 100 Startups in Asia. Collegedunia is fueled by the energy of over a 1000 individuals hav…",0,eyJhbGciOiJIUzI1NiJ9.eyJpIjoiNTg5MDYwNzU0MCIsInMiOiI3S0VKSFRPNzhSR0dROXUxbVFLVmR3In0.ijiBejZghyfKIttvI5CCK85IkpL8TJlTe0CjzK_REWw,Business Development Manager,https://www.adzuna.in/land/ad/5890607540?se=7KEJHTO78RGGQ9u1mQKVdw&utm_medium=api&utm_source=7a21a92b&v=AD4AC1729EA50DDB4A095D0BF46598E0CA28F82F,,5890607540,Adzuna::API::Response::Company,Collegedunia,Adzuna::API::Response::Location,"Gujarat, India","['India', 'Gujarat']",Adzuna::API::Response::Category,pr-advertising-marketing-jobs,"PR, Advertising & Marketing Jobs",22.385318,72.365866,,,,2026-09-28
Adzuna::API::Response::Job,2026-09-18T17:32:34Z,"About your new company Collegedunia is an education portal, matching students with the best colleges in India & abroad. We help in college research, exam prep tips, application process &also provide insights on-campus life. Launched in 2014, we are the highest ranked portal by Similar Web in education. We have also been awarded as - Best Educational Portal- by IAMAI in 2017, and listed by TechinAsia as Top 100 Startups in Asia. Collegedunia is fueled by the energy of over a 1000 individuals . T…",0,eyJhbGciOiJIUzI1NiJ9.eyJzIjoiN0tFSkhUTzc4UkdHUTl1MW1RS1ZkdyIsImkiOiI1ODg5MjIzNTgxIn0.pvFFWWkXNA6ALLw4oXj3b2KV76lNFQmj1rwfQR75LZ8,Senior Business Development Manager,https://www.adzuna.in/land/ad/5889223581?se=7KEJHTO78RGGQ9u1mQKVdw&utm_medium=api&utm_source=7a21a92b&v=310A922740AE5DEF45A7428FE53518527B0134EF,,5889223581,Adzuna::API::Response::Company,Collegedunia,Adzuna::API::Response::Location,"Mumbai, Maharashtra","['India', 'Maharashtra', 'Mumbai']",Adzuna::API::Response::Category,logistics-warehouse-jobs,Logistics & Warehouse Jobs,19.00821,72.84415,,,,2026-09-28
Adzuna::API::Response::Job,2026-09-09T14:44:31Z,"Job Title: Azure Engineer Department: Managed services Position Type: Full Time Location: Remote Company Overview: ALIANDO, is an award-winning Azure Expert Managed Service solutions company focused on selling and deploying Microsoft technologies for U.S. and international companies. For over 20 years, Microsoft and its partners have recommended ALIANDO, for licensing, consulting, and managed services to corporations large and small. The company offers competitive pay and comprehensive employee…",0,eyJhbGciOiJIUzI1NiJ9.eyJpIjoiNTg3Njg3MDIwOSIsInMiOiI3S0VKSFRPNzhSR0dROXUxbVFLVmR3In0.kF4yfCxxT6lfb_5---PcE3d1w2E0Y-T_KYBcCmtPIF4,Azure Engineer,https://www.adzuna.in/land/ad/5876870209?se=7KEJHTO78RGGQ9u1mQKVdw&utm_medium=api&utm_source=7a21a92b&v=92A6646145447422BA523A2A6C10353D29F38B37,full_time,5876870209,Adzuna::API::Response::Company,ALIANDO,Adzuna::API::Response::Location,India,['India'],Adzuna::API::Response::Category,it-jobs,IT Jobs,,,,,,2026-09-28
Adzuna::API::Response::Job,2026-09-15T19:13:53Z,"Job Summary: We are looking for an Analytics Engineer with strong technical and analytical expertise to join our Data & Analytics team within Production Technology. In this role, you will use tools such as Databricks, BigQuery, PostgreSQL, and Python to transform raw data into curated data models and high-quality datasets that support reporting, product insights, and operational decision-making across the organisation. You will also explore and analyse additional datasets to support data discov…",0,eyJhbGciOiJIUzI1NiJ9.eyJpIjoiNTg4NDY0MTI1NiIsInMiOiI3S0VKSFRPNzhSR0dROXUxbVFLVmR3In0.5u6y4kCL9Em3O07U0bkB-quElaeyGVdrD_kU3yO8XgQ,Analytics Engineer,https://www.adzuna.in/land/ad/5884641256?se=7KEJHTO78RGGQ9u1mQKVdw&utm_medium=api&utm_source=7a21a92b&v=7FC1309350CC98350F0779C1B3AAF113A9045C59,full_time,5884641256,Adzuna::API::Response::Company,Publicis Production,Adzuna::API::Response::Location,"Bangalore, Karnataka","['India', 'Karnataka', 'Bangalore']",Adzuna::API::Response::Category,it-jobs,IT Jobs,,,,,,2026-09-28
Adzuna::API::Response::Job,2026-09-03T04:37:22Z,"This job is with Deutsche Bank, an inclusive employer and a member of myGwork – the largest global platform for the LGBTQ business community. Please do not contact the recruiter directly. Position Overview Role Description We are looking for an expert and forward-thinking Data Scientist/Analyst to shape and deliver strategic COO initiatives, operating model improvements and process excellence priorities across the Private Bank. Role requires understanding the project requirement & the process f…",0,eyJhbGciOiJIUzI1NiJ9.eyJzIjoiN0tFSkhUTzc4UkdHUTl1MW1RS1ZkdyIsImkiOiI1ODY3NzI3MzQ4In0.t-N6c09RpJKNNYhiFRqAhaRHvBmnPwy3ATbxYjRm9Rk,"Business Management Analyst, AS",https://www.adzuna.in/land/ad/5867727348?se=7KEJHTO78RGGQ9u1mQKVdw&utm_medium=api&utm_source=7a21a92b&v=FB650AE0C5A0F639A3230D36D3A8F41BB48A14B8,full_time,5867727348,Adzuna::API::Response::Company,Deutsche Bank,Adzuna::API::Response::Location,"Mumbai, Maharashtra","['India', 'Maharashtra', 'Mumbai']",Adzuna::API::Response::Category,it-jobs,IT Jobs,19.00821,72.84415,,,,2026-09-28
Adzuna::API::Response::Job,2026-09-12T01:04:56Z,"Open Position for Pyspark We are seeking an experienced AWS Data Engineer to design, develop, and maintain scalable data solutions on the Amazon Cloud Platform (AWS). The ideal candidate will have strong expertise in building modern data pipelines, data warehousing, big data processing, and cloud-native analytics solutions. The role requires close collaboration with business stakeholders, data architects, data scientists, and application teams to deliver reliable and high-performance data platf…",0,eyJhbGciOiJIUzI1NiJ9.eyJzIjoiN0tFSkhUTzc4UkdHUTl1MW1RS1ZkdyIsImkiOiI1ODgwMDY0NDQwIn0.GkBSbUTXGQsdRZhFPJz3-y-ybpCXqHFLdVlArHrpwco,Pyspark Role,https://www.adzuna.in/land/ad/5880064440?se=7KEJHTO78RGGQ9u1mQKVdw&utm_medium=api&utm_source=7a21a92b&v=5ECB0AE2BD3ABA11AB908F132B9302F7186DE2F1,,5880064440,Adzuna::API::Response::Company,Tata Consultancy Services,Adzuna::API::Response::Location,"Hyderabad, Telangana","['India', 'Telangana', 'Hyderabad']",Adzuna::API::Response::Category,it-jobs,IT Jobs,17.40275,78.50806,,,,2026-09-28
Adzuna::API::Response::Job,2026-09-21T17:55:11Z,"Senior Data Analyst Summary We are seeking a commercially driven and highly analytical Senior Data Analyst to transform intricate datasets into strategic insights that fuel decision-making and revenue growth. This pivotal position serves as the critical link between business stakeholders and data engineering teams, guaranteeing that data assets are accurate, robustly modeled, and primed for immediate use. The successful candidate will possess a unique blend of advanced SQL proficiency, sharp bu…",0,eyJhbGciOiJIUzI1NiJ9.eyJzIjoiN0tFSkhUTzc4UkdHUTl1MW1RS1ZkdyIsImkiOiI1ODkyODA4NDU4In0.pf6_UMF4KGU1QHKXgMF-klywmPdzzC2W3wFtnlAZUkY,SENIOR DATA ANALYST,https://www.adzuna.in/details/5892808458?utm_medium=api&utm_source=7a21a92b,,5892808458,Adzuna::API::Response::Company,Vrinda International,Adzuna::API::Response::Location,"Chennai, Tamil Nadu","['India', 'Tamil Nadu', 'Chennai']",Adzuna::API::Response::Category,it-jobs,IT Jobs,,,contract,1300000.0,1700000.0,2026-09-28
Adzuna::API::Response::Job,2026-09-18T19:47:47Z,"Role Summary We are seeking a detail-oriented Data Analyst to join our team. In this role, you will transform raw data into actionable insights, supporting day-to-day data operations and executive reporting. You will query relational databases, build dynamic dashboards, and perform ad-hoc analyses to answer critical business questions. Key Responsibilities • Database Management & SQL: Write, run, and optimize SQL queries to extract, aggregate, and clean data from relational databases. • Dashboa…",0,eyJhbGciOiJIUzI1NiJ9.eyJzIjoiN0tFSkhUTzc4UkdHUTl1MW1RS1ZkdyIsImkiOiI1ODg5MzQ3OTcxIn0.s6-MogUNASZdOpPSVCBjGFsb2O3_QrgLfY0TcD3iUAU,Junior Data Analyst,https://www.adzuna.in/details/5889347971?utm_medium=api&utm_source=7a21a92b,full_time,5889347971,Adzuna::API::Response::Company,Rezo.ai,Adzuna::API::Response::Location,"Noida, Ghaziabad","['India', 'Uttar Pradesh', 'Ghaziabad', 'Noida']",Adzuna::API::Response::Category,it-jobs,IT Jobs,28.56579,77.3225,permanent,,,2026-09-28
Adzuna::API::Response::Job,2026-09-01T07:10:54Z,"Intern Data Analyst (6-Month Term) Summary We are seeking a detail-oriented Intern Data Analyst to join our team for a six-month engagement focused on optimizing our fundraising and donor management operations. This role is pivotal in transforming raw data into actionable intelligence, ensuring the integrity of our donor databases, and providing strategic insights that drive campaign success. The ideal candidate will support the organization by maintaining robust reporting systems, conducting c…",0,eyJhbGciOiJIUzI1NiJ9.eyJzIjoiN0tFSkhUTzc4UkdHUTl1MW1RS1ZkdyIsImkiOiI1ODYzNjU0NzE1In0.32SdGP9TzJGGagaLs7NrX6nQweZZ-aH-mC722qV5Mbo,Intern - Data Analyst,https://www.adzuna.in/details/5863654715?utm_medium=api&utm_source=7a21a92b,full_time,5863654715,Adzuna::API::Response::Company,CanKids KidsCan,Adzuna::API::Response::Location,"Gulmohar Park, South Delhi","['India', 'Delhi', 'South Delhi', 'Gulmohar Park']",Adzuna::API::Response::Category,admin-jobs,Admin Jobs,28.56645,77.22175,contract,20000.0,20000.0,2026-09-28
Adzuna::API::Response::Job,2024-06-16T14:59:21Z,"Job Title: HR Data Analyst Location: Bangalore High Level JD: Collect, compile, and analyze HR Data for trends with regard to recruitment practices, retention/turnover and apply this data to make recommendatios Excellent knowledge of Microsoft Office Suite, and Excel and the ability to createcharts,spreadsheets and presentations Compiling reports of data results and presenting these to senior managers. A minimum of 2 years experience in similar role. Ability to work with cross-functional teams …",0,eyJhbGciOiJIUzI1NiJ9.eyJpIjoiNDczOTU5NzE1MyIsInMiOiI3S0VKSFRPNzhSR0dROXUxbVFLVmR3In0.MQifDpoUhJO9G2vZORfV6Fz1o6EKaT8jymqD-AG9w64,HR Data Analyst,https://www.adzuna.in/details/4739597153?utm_medium=api&utm_source=7a21a92b,full_time,4739597153,Adzuna::API::Response::Company,"Opalforce, Inc.",Adzuna::API::Response::Location,"Naduvathi, Bangalore","['India', 'Karnataka', 'Bangalore', 'Naduvathi']",Adzuna::API::Response::Category,it-jobs,IT Jobs,12.9832,77.7296,permanent,,,2026-09-28
Adzuna::API::Response::Job,2026-05-13T12:52:17Z,"Location: Karnataka Experience: 5 Years Qualification: Bachelor’s / Master’s Degree in Statistics Job Summary: We are seeking an experienced Statistician / Data Analyst to support survey analysis, statistical modeling, and data-driven planning activities for Master Plan / Urban Development projects. The candidate should possess strong analytical skills and experience in handling large datasets, statistical tools, and reporting. Kannada language proficiency is mandatory. Key Responsibilities: Pe…",0,eyJhbGciOiJIUzI1NiJ9.eyJzIjoiN0tFSkhUTzc4UkdHUTl1MW1RS1ZkdyIsImkiOiI1NzI3ODE2OTI4In0.A-6eGjkZPGNE5zIaqbEv1d21qxeRpArxO9N657YbHbg,Statistician/Data Analyst,https://www.adzuna.in/details/5727816928?utm_medium=api&utm_source=7a21a92b,,5727816928,Adzuna::API::Response::Company,Two95 International Inc.,Adzuna::API::Response::Location,India,['India'],Adzuna::API::Response::Category,it-jobs,IT Jobs,,,contract,,,2026-09-28
Adzuna::API::Response::Job,2026-09-16T17:28:31Z,"About the job We are seeking a skilled Azure Data Engineer with expertise in data engineering, cloud solutions, and experience with data pipeline development using Azure services. You will play a key role in designing and implementing scalable data solutions that drive insights and business decisions for our clients. Position-Azure Data Engineer Experience: 7 years Location: Hybrid- Hyderabad/ Bangalore/Pune Mandatory Skills: ADF, SQL, Pyspark, Python, Databricks Key Responsibilities Design, de…",0,eyJhbGciOiJIUzI1NiJ9.eyJzIjoiN0tFSkhUTzc4UkdHUTl1MW1RS1ZkdyIsImkiOiI1ODg2MDk2NTUyIn0.NEnHs0Ee3jDhIsyy59gE3cUVczykrE7ojySsjq6ZD0c,Azure Data Engineer,https://www.adzuna.in/land/ad/5886096552?se=7KEJHTO78RGGQ9u1mQKVdw&utm_medium=api&utm_source=7a21a92b&v=F5C353AD4FCD7565CF0925133B74A7EEAA1984C2,,5886096552,Adzuna::API::Response::Company,Recro,Adzuna::API::Response::Location,India,['India'],Adzuna::API::Response::Category,it-jobs,IT Jobs,,,,,,2026-09-28
Adzuna::API::Response::Job,2026-09-11T17:11:34Z,"KPI Partners is seeking a skilled Azure Data Engineer with expertise in data engineering, cloud solutions, and experience with data pipeline development using Azure services. You will play a key role in designing and implementing scalable data solutions that drive insights and business decisions for our clients. Position-Azure Data Engineer Experience: 7 years Location: Hybrid- Hyderabad/ Bangalore/Pune Mandatory Skills: ADF, SQL, Pyspark, Python, Databricks Key Responsibilities Design, develop…",0,eyJhbGciOiJIUzI1NiJ9.eyJzIjoiN0tFSkhUTzc4UkdHUTl1MW1RS1ZkdyIsImkiOiI1ODc5NjU4NDM0In0.uSmjJ5oy7vvO8Q6bbhBr5nAld6hfCvKA-_2_KTvVAVA,Azure Data Engineer,https://www.adzuna.in/land/ad/5879658434?se=7KEJHTO78RGGQ9u1mQKVdw&utm_medium=api&utm_source=7a21a92b&v=33A7B39D491DD12E54B73177D290BEBE4205F25E,,5879658434,Adzuna::API::Response::Company,KPI Partners,Adzuna::API::Response::Location,"Bangalore, Karnataka","['India', 'Karnataka', 'Bangalore']",Adzuna::API::Response::Category,it-jobs,IT Jobs,,,,,,2026-09-28
Adzuna::API::Response::Job,2026-09-12T01:05:05Z,"Role Profile: Business Analyst- Energy Location: Bangalore/ Pune Reports to: Head Energy About Spiro SPIRO is a Time 100 Influential Company 2024. Our mission is to accelerate the access of affordable, clean energy technology in the mobility sector through excellent customer service and continued agility. Currently building manufacturing and assembling facilities, SPIRO will be the first company to manufacture e-bikes and batteries in Africa, helping to solve import-export imbalances, unlocking…",0,eyJhbGciOiJIUzI1NiJ9.eyJzIjoiN0tFSkhUTzc4UkdHUTl1MW1RS1ZkdyIsImkiOiI1ODgwMDY0NDY3In0.kysrsNM2wH0VOxCfNM31SpZvqBgYG1pXIZz1-5a5YH8,Strategy Analyst,https://www.adzuna.in/land/ad/5880064467?se=7KEJHTO78RGGQ9u1mQKVdw&utm_medium=api&utm_source=7a21a92b&v=1E2E35CDC2BFB8218D9C3627CAE1ECA21A74FF56,,5880064467,Adzuna::API::Response::Company,SPIRO,Adzuna::API::Response::Location,India,['India'],Adzuna::API::Response::Category,energy-oil-gas-jobs,"Energy, Oil & Gas Jobs",,,,,,2026-09-28
Adzuna::API::Response::Job,2026-08-21T07:38:39Z,"Objectives and Responsibilities Lead discussions with partner teams to elicit, define, and understand objectives, goals, and desired insights Provide subject matter expertise on the data needs for project deliveries, scope, acceptance, installation and deployment. Interpret data, analyze results using statistical techniques and provide ongoing reports Develop and implement databases, data collection systems, data analytics and other strategies that optimize statistical efficiency and quality Ac…",0,eyJhbGciOiJIUzI1NiJ9.eyJzIjoiN0tFSkhUTzc4UkdHUTl1MW1RS1ZkdyIsImkiOiI1ODUwMzc1Mzc4In0.T8Mt3G47HePOcKYPBGBSP2pfZMf3LLlj4a4H2KxHAHA,Data Analyst Lead,https://www.adzuna.in/details/5850375378?utm_medium=api&utm_source=7a21a92b,,5850375378,Adzuna::API::Response::Company,TechnoGen,Adzuna::API::Response::Location,"Hyderabad, Telangana","['India', 'Telangana', 'Hyderabad']",Adzuna::API::Response::Category,it-jobs,IT Jobs,17.40275,78.50806,,,,2026-09-28
Adzuna::API::Response::Job,2026-06-13T02:35:26Z,"Job Description: Data Analyst Lead India is looking for dynamic data analysts who has passion for data and a relentless focus on execution and delivery. The candidate is expected to come up with insightful data presentation to make informed decisions. As a data analyst your roles and responsibilities will be as follows: Experience: 0-1 years Technical Skills: Strong Work experience on Azure (App Insights, Stream analytics, Data Factory, Data warehouse, Azure Storage accounts, Blobs) Strong anal…",0,eyJhbGciOiJIUzI1NiJ9.eyJpIjoiNTc2MTc5MTEwNyIsInMiOiI3S0VKSFRPNzhSR0dROXUxbVFLVmR3In0.aomDXwGjOsveDcyvi6FHi0c8tLO2opzG1uaLYh_3aYA,Data Analyst Trainee,https://www.adzuna.in/details/5761791107?utm_medium=api&utm_source=7a21a92b,full_time,5761791107,Adzuna::API::Response::Company,Lead India,Adzuna::API::Response::Location,"Bangalore, Karnataka","['India', 'Karnataka', 'Bangalore']",Adzuna::API::Response::Category,it-jobs,IT Jobs,,,,,,2026-09-28
Adzuna::API::Response::Job,2025-11-20T00:58:19Z,"Job Title: Data Analyst Intern Company: Optimspace.in Location: Remote Duration: 3 months Opportunity: Full-time based on performance, with a Certificate of Internship Optimspace.in Optimspace.in offers practical experience for students and graduates in data analysis to enhance career prospects and provide hands-on learning opportunities in a real-world environment. Responsibilities Collect, clean, and analyze datasets. Develop reports and data visualizations. Identify trends and patterns in da…",0,eyJhbGciOiJIUzI1NiJ9.eyJzIjoiN0tFSkhUTzc4UkdHUTl1MW1RS1ZkdyIsImkiOiI1NTAzODM3NjQ0In0.FejKkp49WXgBONURsK2Q_tI-4fyYo0xnwr4H6fTy7_A,Data Analyst Intern,https://www.adzuna.in/details/5503837644?utm_medium=api&utm_source=7a21a92b,full_time,5503837644,Adzuna::API::Response::Company,Optimspace,Adzuna::API::Response::Location,"Pune, Maharashtra","['India', 'Maharashtra', 'Pune']",Adzuna::API::Response::Category,it-jobs,IT Jobs,18.5062,73.84735,contract,,,2026-09-28
Adzuna::API::Response::Job,2022-01-30T04:34:29Z,"Managing and designing the reporting environment, including data sources, security, and metadata. Preparing reports for executive leadership that effectively communicate trends, patterns, and predictions using relevant data Establish KPIs to measure the effectiveness of business decisions. Work with management to prioritize business and information needs. Provide data solutions, tools, and capabilities to enable self-service frameworks for data consumers Provide expertise and translate the busi…",0,eyJhbGciOiJIUzI1NiJ9.eyJzIjoiN0tFSkhUTzc4UkdHUTl1MW1RS1ZkdyIsImkiOiIyODUzOTI4MTYyIn0.19USyEUxmTD165GigKhri3yw9KJiXDTP6WT_FAk6uwU,Sr. Data Analyst,https://www.adzuna.in/details/2853928162?utm_medium=api&utm_source=7a21a92b,full_time,2853928162,Adzuna::API::Response::Company,Multi Recruit,Adzuna::API::Response::Location,"Bangalore, Karnataka","['India', 'Karnataka', 'Bangalore']",Adzuna::API::Response::Category,it-jobs,IT Jobs,,,,600000.0,1500000.0,2026-09-28
Adzuna::API::Response::Job,2026-09-24T16:16:45Z,"The GSS Data Analyst is responsible for delivering safe, efficient, and reliable PSD to customers. The GSS Data Analyst identifies opportunities to improve service delivery, implements standard work, and manages risk during service delivery. This person monitors the well to provide timely and factual information to our customers; maintains sensors, equipment, and data acquisition equipment; and delivers high quality data to the customer at the wellsite. Ensure job deliverables are accurate and …",0,eyJhbGciOiJIUzI1NiJ9.eyJpIjoiNTg5NjY1ODA1OCIsInMiOiI3S0VKSFRPNzhSR0dROXUxbVFLVmR3In0.HoCe7lCvPM9XENsxvnRDdpayP5h2gGbFJsNaJw598gU,GSS Data Analyst,https://www.adzuna.in/details/5896658058?utm_medium=api&utm_source=7a21a92b,full_time,5896658058,Adzuna::API::Response::Company,SLB,Adzuna::API::Response::Location,"Navi Mumbai, Maharashtra","['India', 'Maharashtra', 'Navi Mumbai']",Adzuna::API::Response::Category,it-jobs,IT Jobs,19.02,73.02,,,,2026-09-28
Adzuna::API::Response::Job,2025-06-19T05:22:26Z,"About the Role: We are looking for a skilled and detail-oriented Data Analyst to join our team. The ideal candidate will be responsible for collecting, analyzing, and interpreting large datasets to support data-driven decision-making across the organization. Proficiency in MongoDB and SQL is essential for this role. Key Responsibilities: Collect, process, and clean structured and unstructured data from various sources. Analyze data using SQL queries and MongoDB aggregations to extract insights.…",0,eyJhbGciOiJIUzI1NiJ9.eyJzIjoiN0tFSkhUTzc4UkdHUTl1MW1RS1ZkdyIsImkiOiI1MjU3Mjg3NTg0In0.ovjOQHW3WwuoyF71bUeXLQoB5MikV4buRpNptf0eSMQ,Sr Data Analyst,https://www.adzuna.in/details/5257287584?utm_medium=api&utm_source=7a21a92b,full_time,5257287584,Adzuna::API::Response::Company,Jobizo,Adzuna::API::Response::Location,India,['India'],Adzuna::API::Response::Category,it-jobs,IT Jobs,,,,700000.0,1000000.0,2026-09-28
Adzuna::API::Response::Job,2026-09-13T16:12:49Z,"Data Analyst – Strategic Finance Looking to work on high-impact data problems that influence business and financial decisions? This role sits at the intersection of data analytics, financial insights, and operational strategy, helping teams make faster and better decisions using data.",0,eyJhbGciOiJIUzI1NiJ9.eyJzIjoiN0tFSkhUTzc4UkdHUTl1MW1RS1ZkdyIsImkiOiI1ODgyNDk5NjgyIn0.IR9j1v7gYsbsugnc8BqnPiF7eAEvWiTEUlfqeIPkfIQ,Data Analyst Fintech,https://www.adzuna.in/details/5882499682?utm_medium=api&utm_source=7a21a92b,full_time,5882499682,Adzuna::API::Response::Company,EXL,Adzuna::API::Response::Location,"Bangalore, Karnataka","['India', 'Karnataka', 'Bangalore']",Adzuna::API::Response::Category,it-jobs,IT Jobs,,,,,,2026-09-28
Adzuna::API::Response::Job,2026-09-09T21:30:25Z,"Job Title: Data Analyst (Python Pyspark) About Us “Capco, a Wipro company, is a global technology and management consulting firm. Awarded with Consultancy of the year in the British Bank Award and has been ranked Top 100 Best Companies for Women in India 2022 by Avtar & Seramount . With our presence across 32 cities across globe, we support 100 clients across banking, financial and Energy sectors. We are recognized for our deep transformation execution and delivery. WHY JOIN CAPCO? You will wor…",0,eyJhbGciOiJIUzI1NiJ9.eyJzIjoiN0tFSkhUTzc4UkdHUTl1MW1RS1ZkdyIsImkiOiI1ODc3MjgzODQ5In0.P-_J6IIE4I9eRcwf0DcbUl9ACadP5Abjv8lacpkx2zU,Senior Data Analyst,https://www.adzuna.in/details/5877283849?utm_medium=api&utm_source=7a21a92b,,5877283849,Adzuna::API::Response::Company,Capco,Adzuna::API::Response::Location,India,['India'],Adzuna::API::Response::Category,it-jobs,IT Jobs,,,,,,2026-09-28
Adzuna::API::Response::Job,2026-09-11T16:11:16Z,"Who we are About Stripe Stripe is a financial infrastructure platform for businesses. Millions of companies—from the world’s largest enterprises to the most ambitious startups—use Stripe to accept payments, grow their revenue, and accelerate new business opportunities. Our mission is to increase the GDP of the internet, and we have a staggering amount of work ahead. That means you have an unprecedented opportunity to put the global economy within everyone’s reach while doing the most important …",0,eyJhbGciOiJIUzI1NiJ9.eyJpIjoiNTg3OTU0MTg4NCIsInMiOiJxRHdNSGpPNzhSR1Fxb182OGpVcXpnIn0.PE-Map2xe4TyqDv-66v97gZcSwImsvV7Pme9XxpItzM,"Data Analyst, NYC",https://www.adzuna.in/details/5879541884?utm_medium=api&utm_source=7a21a92b,full_time,5879541884,Adzuna::API::Response::Company,Stripe,Adzuna::API::Response::Location,India,['India'],Adzuna::API::Response::Category,it-jobs,IT Jobs,,,permanent,,,2026-09-28
Adzuna::API::Response::Job,2026-08-09T20:48:38Z,"Portcast is a venture-backed, Singapore-based logistics technology startup building a real-time transportation visibility platform for global supply chains. We help shippers, manufacturers, and logistics service providers turn data into decisions and decisions into measurable business impact. Our platform goes beyond visibility. Portcast enables action at scale by surfacing the right risks early, helping teams prevent detention and demurrage, accelerate exception management, and close invoices …",0,eyJhbGciOiJIUzI1NiJ9.eyJzIjoicUR3TUhqTzc4UkdRcW9fNjhqVXF6ZyIsImkiOiI1ODM0NzUzMzMyIn0.95AtT5Qt275SS-ZoewVxYeG12yLBdWFaRFPcs2mhh4I,Data Analyst Intern,https://www.adzuna.in/details/5834753332?utm_medium=api&utm_source=7a21a92b,full_time,5834753332,Adzuna::API::Response::Company,Portcast,Adzuna::API::Response::Location,India,['India'],Adzuna::API::Response::Category,engineering-jobs,Engineering Jobs,,,contract,,,2026-09-28
Adzuna::API::Response::Job,2026-09-24T10:02:35Z,"Senior Data Analyst Design Your Future at PVHSenior Data Analyst POSITION TITLE: Senior Data Analyst (Business Analytics) – PVH Supply Data & Analytics DEPT. /DIVISION: Corporate Supply Data & Analytics POSITION REPORTS TO: Senior Manager, Data & Analytics LOCATION: Bangalore, India POSITION SUMMARY: The Supply Chain Data & Analytics (SDA) team sits within the corporate Supply Chain function at PVH and is passionate about powering a world-class, data-driven Supply Chain by delivering exceptiona…",0,eyJhbGciOiJIUzI1NiJ9.eyJpIjoiNTg5NjI2MjE0OSIsInMiOiJxRHdNSGpPNzhSR1Fxb182OGpVcXpnIn0.faoVHuBJ2GemFh92vf7T7soBjzOVyCnQACdDciL8GV4,Senior Data Analyst,https://www.adzuna.in/details/5896262149?utm_medium=api&utm_source=7a21a92b,,5896262149,Adzuna::API::Response::Company,PVH,Adzuna::API::Response::Location,"Bangalore, Karnataka","['India', 'Karnataka', 'Bangalore']",Adzuna::API::Response::Category,it-jobs,IT Jobs,,,,,,2026-09-28
Adzuna::API::Response::Job,2026-08-07T07:31:54Z,"We are looking for data analyst expertized on Oracle SQL/PLSQL having 5-8 years of experience. Successful candidates will work as a part of a team and help us in building SQL Automations. As we help our clients target, measure and improve mission-critical business metrics and generate demonstrable return on investment, our SQL data analysts enjoy a high level of responsibility and immediate client interactions. In addition to technical excellence, you are expected to be excellent communicators …",0,eyJhbGciOiJIUzI1NiJ9.eyJpIjoiNTgzMTQwMTU4NyIsInMiOiJxRHdNSGpPNzhSR1Fxb182OGpVcXpnIn0.dItxY_G0eT2AGvm4ZvkJDMoXIBjdvYUajOEnyvQN_wE,Senior Data Analyst,https://www.adzuna.in/details/5831401587?utm_medium=api&utm_source=7a21a92b,,5831401587,Adzuna::API::Response::Company,Flipkart,Adzuna::API::Response::Location,"Bangalore, Karnataka","['India', 'Karnataka', 'Bangalore']",Adzuna::API::Response::Category,it-jobs,IT Jobs,,,,,,2026-09-28
Adzuna::API::Response::Job,2026-09-23T07:13:32Z,"Description Innovexis is seeking a Data Analyst Intern to join our team in Bengaluru, working remotely on a full internship basis. This is an excellent opportunity for aspiring data professionals to gain hands-on experience in the Information Technology industry while contributing to real-world data projects. As a Data Analyst Intern at Innovexis, you will work closely with our analytics and engineering teams to collect, clean, and interpret data that supports informed business decisions. You w…",0,eyJhbGciOiJIUzI1NiJ9.eyJzIjoicUR3TUhqTzc4UkdRcW9fNjhqVXF6ZyIsImkiOiI1ODk0NjIwODk2In0.2wLu0ki2QDXFodH2uS6YzU0d17Fg6uKf8-h3a54IBR4,Data Analyst Intern,https://www.adzuna.in/details/5894620896?utm_medium=api&utm_source=7a21a92b,,5894620896,Adzuna::API::Response::Company,Innovexis,Adzuna::API::Response::Location,"Bangalore, Karnataka","['India', 'Karnataka', 'Bangalore']",Adzuna::API::Response::Category,it-jobs,IT Jobs,,,contract,,,2026-09-28
Adzuna::API::Response::Job,2025-12-16T02:52:13Z,"Description R3 Consultant is looking for a Senior Data Analyst to join our team in Pune. This full-time, on-site position offers an exciting opportunity to delve into data analytics within the staffing and recruiting industry, where your insights will drive strategic decision-making. As a Senior Data Analyst, you will play a pivotal role in analyzing complex datasets to identify trends, patterns, and insights that will enhance our recruitment strategies and improve client outcomes. You will col…",0,eyJhbGciOiJIUzI1NiJ9.eyJpIjoiNTU0MzUwODc5MSIsInMiOiJxRHdNSGpPNzhSR1Fxb182OGpVcXpnIn0.eawnUFWUyIv22Lye-c3NSxS47RgFAm9NIYfwA0Xytyg,Senior Data Analyst,https://www.adzuna.in/details/5543508791?utm_medium=api&utm_source=7a21a92b,full_time,5543508791,Adzuna::API::Response::Company,r3 Consultant,Adzuna::API::Response::Location,"Pune, Maharashtra","['India', 'Maharashtra', 'Pune']",Adzuna::API::Response::Category,it-jobs,IT Jobs,18.5062,73.84735,,,,2026-09-28
Adzuna::API::Response::Job,2025-06-18T05:21:07Z,"Position : Senior Data Analyst Experience Required : 5 to 8 Years Location : Hyderabad or Bangalore (Work Mode: Hybrid – 3 Days WFO) Shift Timing : 11:00 AM – 8:00 PM IST Notice Period : Immediate Joiners Only Job Summary : We are seeking a highly analytical and experienced Senior Data Analyst to lead complex data-driven initiatives that influence key business decisions. The ideal candidate will have a strong foundation in data analytics, cloud platforms, and BI tools, along with the ability to…",0,eyJhbGciOiJIUzI1NiJ9.eyJpIjoiNTI1NTUwNjk3OCIsInMiOiJxRHdNSGpPNzhSR1Fxb182OGpVcXpnIn0.Ajc9FEApI_GMjmwCDMkNjBUZS4AuSpGWMc_Wt1kTMm0,Senior Data Analyst,https://www.adzuna.in/details/5255506978?utm_medium=api&utm_source=7a21a92b,full_time,5255506978,Adzuna::API::Response::Company,NeoGenCode Technologies Pvt Ltd,Adzuna::API::Response::Location,"Bangalore, Karnataka","['India', 'Karnataka', 'Bangalore']",Adzuna::API::Response::Category,it-jobs,IT Jobs,,,,1000000.0,1800000.0,2026-09-28
Adzuna::API::Response::Job,2026-09-02T16:15:26Z,"We’re reinventing the market research industry. Let’s reinvent it together. At Numerator, we believe tomorrow’s success starts with today’s market intelligence. We empower the world’s leading brands and retailers with unmatched insights into consumer behavior and the influencers that drive it. Data Analyst (Bi-lingual French) As a Data Analyst (Bi-lingual French), you will help Numerator improve its ever-growing database of products by using our custom-designed platform to match real-world prod…",0,eyJhbGciOiJIUzI1NiJ9.eyJpIjoiNTg2NjkyMjg0MCIsInMiOiJxRHdNSGpPNzhSR1Fxb182OGpVcXpnIn0.DnJcfXWCEzvGbvny8qC4McS7er8CVcEf46mrJFTwuSg,Data Analyst - Bilingual,https://www.adzuna.in/details/5866922840?utm_medium=api&utm_source=7a21a92b,full_time,5866922840,Adzuna::API::Response::Company,Numerator,Adzuna::API::Response::Location,"Vadodara, Gujarat","['India', 'Gujarat', 'Vadodara']",Adzuna::API::Response::Category,it-jobs,IT Jobs,22.2891,73.1924,,,,2026-09-28
Adzuna::API::Response::Job,2026-09-26T21:03:51Z,"Job Title: HR Data Analyst Location: Bangalore High Level JD: Collect, compile, and analyze HR Data for trends with regard to recruitment practices, retention/turnover and apply this data to make recommendatios Excellent knowledge of Microsoft Office Suite, and Excel and the ability to createcharts,spreadsheets and presentations Compiling reports of data results and presenting these to senior managers. A minimum of 2 years experience in similar role. Ability to work with cross-functional teams",0,eyJhbGciOiJIUzI1NiJ9.eyJzIjoicUR3TUhqTzc4UkdRcW9fNjhqVXF6ZyIsImkiOiI1ODk5ODM0MTM5In0.udelVkAaY1N1SwH046bqAG-uPx0CZYcYpT6yX8IrgBA,HR Data Analyst,https://www.adzuna.in/details/5899834139?utm_medium=api&utm_source=7a21a92b,full_time,5899834139,Adzuna::API::Response::Company,Opalforce,Adzuna::API::Response::Location,"Naduvathi, Bangalore","['India', 'Karnataka', 'Bangalore', 'Naduvathi']",Adzuna::API::Response::Category,hr-jobs,HR & Recruitment Jobs,12.9832,77.7296,,,,2026-09-28
Adzuna::API::Response::Job,2026-08-13T02:55:55Z,"We are seeking a highly motivated and detail-oriented Junior Data Analyst to join our team. As a Junior Data Analyst, you will play a key role in supporting the Data Science, Risk, and Business teams by developing analytical datasets, dashboards, and actionable insights that enable data-driven lending decisions, portfolio monitoring, and operational excellence. You will work closely with cross-functional teams to identify business needs and develop data-driven solutions. Your primary responsibi…",0,eyJhbGciOiJIUzI1NiJ9.eyJpIjoiNTgzODc1MDI5NSIsInMiOiJxRHdNSGpPNzhSR1Fxb182OGpVcXpnIn0.8E34UYbWJDuNIoDY-Hr1mFccvyzqendd8n7TQUOMPOI,Junior Data Analyst,https://www.adzuna.in/details/5838750295?utm_medium=api&utm_source=7a21a92b,full_time,5838750295,Adzuna::API::Response::Company,Happiest Resume,Adzuna::API::Response::Location,"Delhi, India","['India', 'Delhi']",Adzuna::API::Response::Category,it-jobs,IT Jobs,28.62523,77.224601,,100000.0,700000.0,2026-09-28
Adzuna::API::Response::Job,2026-08-13T02:55:55Z,"We are seeking a highly motivated and detail-oriented Junior Data Analyst to join our team. As a Junior Data Analyst, you will play a key role in supporting the Data Science, Risk, and Business teams by developing analytical datasets, dashboards, and actionable insights that enable data-driven lending decisions, portfolio monitoring, and operational excellence. You will work closely with cross-functional teams to drive business growth and improve operational efficiency. Your primary responsibil…",0,eyJhbGciOiJIUzI1NiJ9.eyJzIjoicUR3TUhqTzc4UkdRcW9fNjhqVXF6ZyIsImkiOiI1ODM4NzUwMjkzIn0.lYzdEqlcZlLW-JvC3xRjXM1QyMOU_10N2uRQlqOrVDw,Junior Data Analyst,https://www.adzuna.in/details/5838750293?utm_medium=api&utm_source=7a21a92b,full_time,5838750293,Adzuna::API::Response::Company,Happiest Resume,Adzuna::API::Response::Location,"New Delhi, Delhi","['India', 'Delhi', 'New Delhi']",Adzuna::API::Response::Category,it-jobs,IT Jobs,28.62623,77.21808,,100000.0,700000.0,2026-09-28
Adzuna::API::Response::Job,2026-09-18T21:43:39Z,"Company Overview MedTourEasy, a global healthcare company, provides you the informational resources needed to evaluate your global options. MedTourEasy provides analytical solutions to our partner healthcare providers globally. Job Title Big Data Analyst Job Location Bengaluru, India Gurgaon, India New Delhi, India Noida, India International Years of Experience 0-5 years Job Description As a Big Data Analyst at Medtoureasy, you will play a crucial role in analyzing and interpreting complex data…",0,eyJhbGciOiJIUzI1NiJ9.eyJzIjoicUR3TUhqTzc4UkdRcW9fNjhqVXF6ZyIsImkiOiI1ODg5NTM0Mzk2In0.DmPlQSXyEb1kBxusMgPNNmg21nMBObO4msbM6lpT0KI,Big Data Analyst,https://www.adzuna.in/details/5889534396?utm_medium=api&utm_source=7a21a92b,full_time,5889534396,Adzuna::API::Response::Company,MedTourEasy,Adzuna::API::Response::Location,India,['India'],Adzuna::API::Response::Category,it-jobs,IT Jobs,,,,600000.0,600000.0,2026-09-28
Adzuna::API::Response::Job,2026-09-09T16:12:53Z,"We are looking for an experienced Data Analyst with experience in data analytics, data management, and business intelligence. The ideal candidate should have strong hands-on experience with SAP BW or SAP ECC, along with Databricks, SQL, and reporting/visualization tools. The candidate will be responsible for understanding and analyzing data flows from SAP systems, extracting and transforming data using SQL and Databricks, and developing reports and dashboards to provide actionable business insi…",0,eyJhbGciOiJIUzI1NiJ9.eyJpIjoiNTg3Njk0OTM1MiIsInMiOiJxRHdNSGpPNzhSR1Fxb182OGpVcXpnIn0.Dqs4e6avgeRSppyGMl4tzFz58HhqHdMfVivdlEu2dgs,Senior Data Analyst,https://www.adzuna.in/details/5876949352?utm_medium=api&utm_source=7a21a92b,full_time,5876949352,Adzuna::API::Response::Company,Unison Group,Adzuna::API::Response::Location,"Bangalore, Karnataka","['India', 'Karnataka', 'Bangalore']",Adzuna::API::Response::Category,it-jobs,IT Jobs,,,,,,2026-09-28
Adzuna::API::Response::Job,2024-07-31T03:21:15Z,"Description Analytics Team Lead Location: Bangalore Division: Ipsos Healthcare Ipsos is one of the world's largest research companies and currently the only one primarily managed by researchers, ranking as a 1 full-service research organization for four consecutive years. With over 75 different data-driven solutions, and presence in 90 markets, Ipsos brings together research, implementation, methodological, and subject-matter experts from around the world, combining thematic and technical exper…",0,eyJhbGciOiJIUzI1NiJ9.eyJpIjoiNDgwMTY1MTkzOCIsInMiOiJxRHdNSGpPNzhSR1Fxb182OGpVcXpnIn0.S8uspF-iFlnWbinUVGOOnlAZkKoXmIdAuU_naHlTwAk,Lead Data Analyst,https://www.adzuna.in/details/4801651938?utm_medium=api&utm_source=7a21a92b,,4801651938,Adzuna::API::Response::Company,Ipsos,Adzuna::API::Response::Location,"Bangalore, Karnataka","['India', 'Karnataka', 'Bangalore']",Adzuna::API::Response::Category,it-jobs,IT Jobs,,,,,,2026-09-28
Adzuna::API::Response::Job,2024-08-19T03:31:25Z,"Design Your Future at PVH Senior Data Analyst POSITION TITLE: Senior Data Analyst (Business Analytics) – PVH Supply Data & Analytics DEPT. /DIVISION: Corporate Supply Data & Analytics POSITION REPORTS TO: Senior Manager, Data & Analytics LOCATION: Bangalore, India POSITION SUMMARY: The Supply Chain Data & Analytics (SDA) team sits within the corporate Supply Chain function at PVH and is passionate about powering a world-class, data-driven Supply Chain by delivering exceptional data & analytics,…",0,eyJhbGciOiJIUzI1NiJ9.eyJzIjoicUR3TUhqTzc4UkdRcW9fNjhqVXF6ZyIsImkiOiI0ODMwODExOTk3In0.EqM3h3ARr947aCrNQcg_6t1dLZI0c_mRMZ3DwazHe1I,Senior Data Analyst,https://www.adzuna.in/details/4830811997?utm_medium=api&utm_source=7a21a92b,full_time,4830811997,Adzuna::API::Response::Company,PVH,Adzuna::API::Response::Location,India,['India'],Adzuna::API::Response::Category,it-jobs,IT Jobs,,,,,,2026-09-28
Adzuna::API::Response::Job,2026-08-07T20:57:12Z,"Job Title: Master Data Analyst Accountability: SPX FLOW is a global multi-industry manufacturing leader with approximately $2.1 billion in annual revenue, operations in more than 35 countries and close to 7,000 employees. The company's highly-specialized, engineered products and innovative technologies are helping to meet rising global demand for electricity and processed foods and beverages, particularly in emerging markets. The Global Data Analytics and Data Governance Team is responsible for…",0,eyJhbGciOiJIUzI1NiJ9.eyJpIjoiNTgzMjA5MjYwNiIsInMiOiJxRHdNSGpPNzhSR1Fxb182OGpVcXpnIn0.rnmmJV7tVqZTHjPMJ4uv_S0EE3Edb1rLBxSPrqVUEVI,Master Data Analyst,https://www.adzuna.in/details/5832092606?utm_medium=api&utm_source=7a21a92b,,5832092606,Adzuna::API::Response::Company,SPX FLOW,Adzuna::API::Response::Location,"Bangalore, Karnataka","['India', 'Karnataka', 'Bangalore']",Adzuna::API::Response::Category,accounting-finance-jobs,Accounting & Finance Jobs,12.95703,77.59837,,,,2026-09-28
Adzuna::API::Response::Job,2026-08-30T07:38:33Z,I 9 Executions of all Collabera consultants Verifying I9 supporting documents prior to executing it E-Verify: Audit I9s and file I9/everify to be compliant with DHS/USCIS Assisting immigration team Verify I-9 form and support docs for all Collabera hires very precisely Learn new I-9 processes and e-verify processes through USCIS webinars and educate internal teams with new updates. Communicate I-9 and e-verify issues with manager and resolve them using USCIS resources and I-9 central help. Reso…,0,eyJhbGciOiJIUzI1NiJ9.eyJzIjoicUR3TUhqTzc4UkdRcW9fNjhqVXF6ZyIsImkiOiI1ODYxNzkyNDU5In0.qji2Dx3hsKTzbyuH4hzaFR_MD6kXQjGnNvo6EVaOGUw,Executive Data Analyst,https://www.adzuna.in/details/5861792459?utm_medium=api&utm_source=7a21a92b,,5861792459,Adzuna::API::Response::Company,Ascendion Digital Solutions Private Limited,Adzuna::API::Response::Location,"Bangalore, Karnataka","['India', 'Karnataka', 'Bangalore']",Adzuna::API::Response::Category,it-jobs,IT Jobs,,,,,,2026-09-28
Adzuna::API::Response::Job,2023-10-22T13:49:04Z,"About us :- Merito is a curated talent platform where we identify, assess, and connect candidates for matching job opportunities. We are working with the mission to change the way hiring is done. The company is founded by a team of alumni from IIM Ahmedabad, McKinsey with more than 2 decades of experience in recruitment, training, and coaching. About our Client :- Our client is an InsureTech platform backed by a major retail giant that offers contextual insurance in a blink. We are a team of co…",0,eyJhbGciOiJIUzI1NiJ9.eyJzIjoicUR3TUhqTzc4UkdRcW9fNjhqVXF6ZyIsImkiOiI0Mzg2NTYzNzMwIn0.DgZ4sQ-YMqeOqhTxfCoQjOI-Kw37MrJ5O8iRxTp-_9Q,Data Analyst (SQL),https://www.adzuna.in/details/4386563730?utm_medium=api&utm_source=7a21a92b,full_time,4386563730,Adzuna::API::Response::Company,Merito,Adzuna::API::Response::Location,"Mumbai, Maharashtra","['India', 'Maharashtra', 'Mumbai']",Adzuna::API::Response::Category,it-jobs,IT Jobs,19.00821,72.84415,,600000.0,800000.0,2026-09-28
Adzuna::API::Response::Job,2026-07-17T03:19:40Z,"Position: Data Analyst (MDM) Job Description: The Data Analyst is responsible for supporting and delivering value to the business through Data & Analytics initiatives. This position will work closely with subject matter experts, data stewards, and analytics teams to understand challenges and opportunities in core business data. It will support accuracy and consistency of data through analysis and maintenance activities. What You’ll Be Doing Work with key stakeholders to document and understand …",0,eyJhbGciOiJIUzI1NiJ9.eyJzIjoicUR3TUhqTzc4UkdRcW9fNjhqVXF6ZyIsImkiOiI1ODAzODA1Nzg1In0.Dmzxc0MV2M2o7m0AiG9rGTqCdWelt8kZyWuaUcA2ZYE,Data Analyst (MDM),https://www.adzuna.in/details/5803805785?utm_medium=api&utm_source=7a21a92b,full_time,5803805785,Adzuna::API::Response::Company,Arrow,Adzuna::API::Response::Location,India,['India'],Adzuna::API::Response::Category,it-jobs,IT Jobs,,,,,,2026-09-28
Adzuna::API::Response::Job,2026-09-11T07:42:19Z,"Summary: As a Data Analyst supporting the Customer Success Group, you will be pivotal in providing essential data analytics, reporting, and business intelligence to drive actionable insights. Reporting to a Manager, you will be responsible for fulfilling data requests, performing detailed analysis, and delivering results that directly support key business decisions within the Customer Success organization. Your role will begin with foundational reporting and data requests, with responsibilities…",0,eyJhbGciOiJIUzI1NiJ9.eyJpIjoiNTg3OTE0ODgyNyIsInMiOiJxRHdNSGpPNzhSR1Fxb182OGpVcXpnIn0.jbxnu7YYhttOWwF6SbbeXfg6Q_LVaUiasPWtMqmej5w,Data Analyst IV,https://www.adzuna.in/details/5879148827?utm_medium=api&utm_source=7a21a92b,,5879148827,Adzuna::API::Response::Company,Aditi Tech Consulting Private Limited,Adzuna::API::Response::Location,"Hyderabad, Telangana","['India', 'Telangana', 'Hyderabad']",Adzuna::API::Response::Category,it-jobs,IT Jobs,17.40275,78.50806,,,,2026-09-28
Adzuna::API::Response::Job,2026-09-17T11:11:15Z,"Design Your Future at PVH Senior Data Analyst POSITION TITLE: Senior Data Analyst (Business Analytics) - PVH Supply Data & Analytics DEPT. /DIVISION: Corporate Supply Data & Analytics POSITION REPORTS TO: Senior Manager, Data & Analytics LOCATION: Bangalore, India POSITION SUMMARY: The Supply Chain Data & Analytics (SDA) team sits within the corporate Supply Chain function at PVH and is passionate about powering a world-class, data-driven Supply Chain by delivering exceptional data & analytics,…",0,eyJhbGciOiJIUzI1NiJ9.eyJpIjoiNTg4NzIyNTkxMCIsInMiOiJxRHdNSGpPNzhSR1Fxb182OGpVcXpnIn0.E2NMxv9zg1icrbAQgWBQXrK8uwfA-L_SJH_psw2IH4E,Senior Data Analyst,https://www.adzuna.in/details/5887225910?utm_medium=api&utm_source=7a21a92b,,5887225910,Adzuna::API::Response::Company,PVH Corp.,Adzuna::API::Response::Location,"Bangalore, Karnataka","['India', 'Karnataka', 'Bangalore']",Adzuna::API::Response::Category,it-jobs,IT Jobs,12.95703,77.59837,,,,2026-09-28
Adzuna::API::Response::Job,2026-08-27T07:41:45Z,"ABOUT UNILEVER: Every individual here can bring their purpose to life through their work. Join us and you ll be surrounded by inspiring leaders and supportive peers. Among them, you ll channel your purpose, bring fresh ideas to the table, and simply be you. As you work to make a real impact on the business and the world, we ll work to help you become a better you. Role Overview: We are undertaking enterprise transformation program focused on simplifying and modernizing its core systems and data…",0,eyJhbGciOiJIUzI1NiJ9.eyJzIjoicUR3TUhqTzc4UkdRcW9fNjhqVXF6ZyIsImkiOiI1ODU3NzUwOTkxIn0.DmtSLatFmPk-KZzcBMHpcgvdeatpLzEmiNfE6uKKVlE,Mirai- Data Analyst,https://www.adzuna.in/details/5857750991?utm_medium=api&utm_source=7a21a92b,,5857750991,Adzuna::API::Response::Company,Hindustan Unilever Hul,Adzuna::API::Response::Location,"Bangalore, Karnataka","['India', 'Karnataka', 'Bangalore']",Adzuna::API::Response::Category,it-jobs,IT Jobs,,,,,,2026-09-28
Adzuna::API::Response::Job,2026-06-11T02:35:35Z,"Description Title : Senior Data Analyst Location : Bangalore Write and optimize complex SQL queries for data extraction, transformation, and analysis Design and develop interactive dashboards and reports using Power BI / Tableau Perform data analysis to identify trends, patterns, and actionable insights Work with stakeholders to gather requirements and translate them into analytical solutions Ensure data accuracy, consistency, and performance optimization Automate reporting processes and improv…",0,eyJhbGciOiJIUzI1NiJ9.eyJzIjoicUR3TUhqTzc4UkdRcW9fNjhqVXF6ZyIsImkiOiI1NzU5MDQzNTE4In0.4c1_mnvgGN0--70QdX0kP1W0FvaRLiBH_woziV7crvw,Senior Data Analyst,https://www.adzuna.in/details/5759043518?utm_medium=api&utm_source=7a21a92b,full_time,5759043518,Adzuna::API::Response::Company,EXL,Adzuna::API::Response::Location,"Bangalore, Karnataka","['India', 'Karnataka', 'Bangalore']",Adzuna::API::Response::Category,it-jobs,IT Jobs,,,,,,2026-09-28
Adzuna::API::Response::Job,2026-08-29T20:48:34Z,"Position Overview: We are seeking a Senior Data Analyst to support our Data team projects, with a primary focus on business intelligence development, analytical asset creation, and data-driven insights. The role will contribute directly to the delivery of the first phase of the project and will be responsible for developing scalable, high-quality analytical solutions. The ideal candidate is highly experienced with Power BI and Looker, has strong Python and SQL skills, and brings strong analytic…",0,eyJhbGciOiJIUzI1NiJ9.eyJpIjoiNTg2MTIyMTcyOSIsInMiOiJxRHdNSGpPNzhSR1Fxb182OGpVcXpnIn0.pvd-HMPHEVSVCakPVLxEF8RY2LejHvbte9yflbvWl68,Senior Data Analyst,https://www.adzuna.in/details/5861221729?utm_medium=api&utm_source=7a21a92b,full_time,5861221729,Adzuna::API::Response::Company,ShyftLabs,Adzuna::API::Response::Location,"Noida, Ghaziabad","['India', 'Uttar Pradesh', 'Ghaziabad', 'Noida']",Adzuna::API::Response::Category,it-jobs,IT Jobs,28.56579,77.3225,,,,2026-09-28
Adzuna::API::Response::Job,2024-11-06T12:42:06Z,"Senior Data Analyst Experience: 8 Years Work Mode: Remote Full Time Responsibilities: • Analyze large datasets to uncover trends, patterns, and insights to support business goals. • Design, develop, and manage interactive dashboards and reports using Power BI. • Utilize DAX and SQL for advanced data querying and data modeling. • Create and manage complex SQL queries for data extraction, transformation, and loading processes. • Collaborate with cross-functional teams to understand data requireme…",0,eyJhbGciOiJIUzI1NiJ9.eyJzIjoicUR3TUhqTzc4UkdRcW9fNjhqVXF6ZyIsImkiOiI0OTI4MDYwMzIyIn0.My5uYV_rPsgeZ0voDPfuKZbhHk8k5wJ8aKWNnU6bxZw,Sr. Data Analyst,https://www.adzuna.in/details/4928060322?utm_medium=api&utm_source=7a21a92b,full_time,4928060322,Adzuna::API::Response::Company,OnActive,Adzuna::API::Response::Location,India,['India'],Adzuna::API::Response::Category,it-jobs,IT Jobs,,,,2000000.0,2500000.0,2026-09-28
Adzuna::API::Response::Job,2026-05-13T02:19:05Z,"Job Description: Job Title: Data Analyst Location: Surat Salary: upto 25k CTC Key Responsibilities:  Collect, validate, and follow up on data related to client-side and operations activities.  Review and verify client invoices to ensure accuracy and completeness.  Prepare and maintain riders’ payout and summary reports on a regular basis.  Present accurate data insights and reports to management as required.  Collaborate with cross-functional teams to ensure data accuracy and timely submis…",0,eyJhbGciOiJIUzI1NiJ9.eyJpIjoiNTcyNzI4MTM0OCIsInMiOiJxRHdNSGpPNzhSR1Fxb182OGpVcXpnIn0.DjiUxG6FMF7woLODE2z6_11lKhiFp4fh-n5MZhIVCOA,Data Analyst - Surat,https://www.adzuna.in/details/5727281348?utm_medium=api&utm_source=7a21a92b,full_time,5727281348,Adzuna::API::Response::Company,Mspire Ventures,Adzuna::API::Response::Location,"Vadodara, Gujarat","['India', 'Gujarat', 'Vadodara']",Adzuna::API::Response::Category,it-jobs,IT Jobs,,,,1200000.0,3600000.0,2026-09-28
Adzuna::API::Response::Job,2026-08-28T07:37:32Z,We are looking for a skilled and proactive Senior Data Analyst to take ownership of multiple designated client accounts. The role involves applying analytics and visualization techniques to drive better business decision-making while independently managing client interactions and expectations. Responsibilities: Understand client brief and translate into tasks and analysis steps. Deliver insights and results back to the client independently. Design solutions to integrate with various downstream …,0,eyJhbGciOiJIUzI1NiJ9.eyJpIjoiNTg1OTEyMjU5NiIsInMiOiJxRHdNSGpPNzhSR1Fxb182OGpVcXpnIn0.DbM9FcpZolBUJpSS-rn28v2roVDCto0SZhC2grR9njU,Senior Data Analyst,https://www.adzuna.in/details/5859122596?utm_medium=api&utm_source=7a21a92b,,5859122596,Adzuna::API::Response::Company,Robosoft Technologies,Adzuna::API::Response::Location,"Navi Mumbai, Maharashtra","['India', 'Maharashtra', 'Navi Mumbai']",Adzuna::API::Response::Category,it-jobs,IT Jobs,19.02,73.02,,,,2026-09-28
Adzuna::API::Response::Job,2026-08-28T07:37:33Z,We are looking for a skilled and proactive Senior Data Analyst to take ownership of multiple designated client accounts. The role involves applying analytics and visualization techniques to drive better business decision-making while independently managing client interactions and expectations. Responsibilities: Understand client brief and translate into tasks and analysis steps. Deliver insights and results back to the client independently. Design solutions to integrate with various downstream …,0,eyJhbGciOiJIUzI1NiJ9.eyJzIjoicUR3TUhqTzc4UkdRcW9fNjhqVXF6ZyIsImkiOiI1ODU5MTIyNjMzIn0.T3q2DXqNzHnZfrJYEYS-q9KVeWYpBhATsDeJ7clB4hw,Senior Data Analyst,https://www.adzuna.in/details/5859122633?utm_medium=api&utm_source=7a21a92b,,5859122633,Adzuna::API::Response::Company,Robosoft Technologies,Adzuna::API::Response::Location,"Bangalore, Karnataka","['India', 'Karnataka', 'Bangalore']",Adzuna::API::Response::Category,it-jobs,IT Jobs,,,,,,2026-09-28
Adzuna::API::Response::Job,2026-07-17T10:43:22Z,"Position: Data Analyst (MDM) Job Description: The Data Analyst is responsible for supporting and delivering value to the business through Data & Analytics initiatives. This position will work closely with subject matter experts, data stewards, and analytics teams to understand challenges and opportunities in core business data. It will support accuracy and consistency of data through analysis and maintenance activities. What You'll Be Doing  Work with key stakeholders to document and understand…",0,eyJhbGciOiJIUzI1NiJ9.eyJzIjoicUR3TUhqTzc4UkdRcW9fNjhqVXF6ZyIsImkiOiI1ODA0NDQ1MTQ4In0.RGfalLsSeMk0fGM6dX_XMBbQpR6lweNvjssPnP8DVNY,Data Analyst (MDM),https://www.adzuna.in/details/5804445148?utm_medium=api&utm_source=7a21a92b,,5804445148,Adzuna::API::Response::Company,Arrow Electronics,Adzuna::API::Response::Location,"Bangalore, Karnataka","['India', 'Karnataka', 'Bangalore']",Adzuna::API::Response::Category,it-jobs,IT Jobs,,,,,,2026-09-28
Adzuna::API::Response::Job,2026-06-25T02:41:56Z,"Description Title : Senior Data Analyst Location: Bangalore Analyze large and complex datasets using SQL to extract actionable insights Develop and maintain interactive dashboards using Power BI/Tableau for business reporting Translate business requirements into data-driven solutions and recommendations Apply strong problem-solving skills to identify trends, gaps, and opportunities Work closely with stakeholders to support strategic decision-making Ensure data accuracy, quality, and consistency…",0,eyJhbGciOiJIUzI1NiJ9.eyJpIjoiNTc3NTM5OTEwNSIsInMiOiJxRHdNSGpPNzhSR1Fxb182OGpVcXpnIn0.Fcw7p4D1sEvFDpvYGKPg3Vm85-3wFzjKzwGSdmGFBVA,Senior Data Analyst,https://www.adzuna.in/details/5775399105?utm_medium=api&utm_source=7a21a92b,full_time,5775399105,Adzuna::API::Response::Company,EXL,Adzuna::API::Response::Location,"Bangalore, Karnataka","['India', 'Karnataka', 'Bangalore']",Adzuna::API::Response::Category,it-jobs,IT Jobs,,,,,,2026-09-28
Adzuna::API::Response::Job,2026-08-22T11:20:29Z,"Our Purpose _Mastercard powers economies and empowers people in 200 countries and territories worldwide. Together with our customers, we're helping build a sustainable economy where everyone can prosper. We support a wide range of digital payments choices, making transactions secure, simple, smart and accessible. Our technology and innovation, partnerships and networks combine to deliver a unique set of products and services that help people, businesses and governments realize their greatest po…",0,eyJhbGciOiJIUzI1NiJ9.eyJpIjoiNTg1MjE0MzUzNCIsInMiOiJxRHdNSGpPNzhSR1Fxb182OGpVcXpnIn0.2PC3plFWxHo2tM4W1272dwazUUYSrxhKbyuXY9Y2veE,Senior Data Analyst,https://www.adzuna.in/details/5852143534?utm_medium=api&utm_source=7a21a92b,,5852143534,Adzuna::API::Response::Company,Mastercard,Adzuna::API::Response::Location,India,['India'],Adzuna::API::Response::Category,it-jobs,IT Jobs,,,,,,2026-09-28
Adzuna::API::Response::Job,2026-08-26T20:58:59Z,"At F5, we strive to bring a better digital world to life. Our teams empower organizations across the globe to create, secure, and run applications that enhance how we experience our evolving digital world. We are passionate about cybersecurity, from protecting consumers from fraud to enabling companies to focus on innovation. Everything we do centers around people. That means we obsess over how to make the lives of our customers, and their customers, better. And it means we prioritize a diverse…",0,eyJhbGciOiJIUzI1NiJ9.eyJpIjoiNTg1Njk3NTM5OCIsInMiOiJxRHdNSGpPNzhSR1Fxb182OGpVcXpnIn0.RWCc6JWF6PfVyMoCua9GV0uAG8mAHL6_7je52g56hug,Data Analyst III,https://www.adzuna.in/details/5856975398?utm_medium=api&utm_source=7a21a92b,full_time,5856975398,Adzuna::API::Response::Company,F5 Networks,Adzuna::API::Response::Location,India,['India'],Adzuna::API::Response::Category,it-jobs,IT Jobs,,,,,,2026-09-28
Adzuna::API::Response::Job,2026-08-22T07:33:28Z,"Key Responsibilities: Perform detailed readouts and analysis of FDR and CVR data to support aircraft health monitoring and return-to-service processes. Construct and manage dataframes for organizing and analyzing large datasets from flight recorders. Collaborate with cross-functional teams, including engineers and data scientists, to interpret and present findings. Develop and maintain documentation and reports related to FDR/CVR readouts and data analysis. Ensure compliance with industry stand…",0,eyJhbGciOiJIUzI1NiJ9.eyJpIjoiNTg1MTg2MDMyMSIsInMiOiJxRHdNSGpPNzhSR1Fxb182OGpVcXpnIn0.gqGXysx2VOk7ZxxMdvlnDCO2E3E0dLA8nXycBuuQZFM,Flight Data Analyst,https://www.adzuna.in/details/5851860321?utm_medium=api&utm_source=7a21a92b,,5851860321,Adzuna::API::Response::Company,Ametek Instruments India,Adzuna::API::Response::Location,"Bangalore, Karnataka","['India', 'Karnataka', 'Bangalore']",Adzuna::API::Response::Category,it-jobs,IT Jobs,,,,,,2026-09-28
Adzuna::API::Response::Job,2026-08-26T20:42:47Z,"At F5, we strive to bring a better digital world to life. Our teams empower organizations across the globe to create, secure, and run applications that enhance how we experience our evolving digital world. We are passionate about cybersecurity, from protecting consumers from fraud to enabling companies to focus on innovation. Everything we do centers around people. That means we obsess over how to make the lives of our customers, and their customers, better. And it means we prioritize a diverse…",0,eyJhbGciOiJIUzI1NiJ9.eyJpIjoiNTg1Njk0MTEyMCIsInMiOiJxRHdNSGpPNzhSR1Fxb182OGpVcXpnIn0.VNOQmwGnHONSfr_MFGfOWF1etLrAp4gkRdcYLk1A1bA,Senior Data Analyst,https://www.adzuna.in/details/5856941120?utm_medium=api&utm_source=7a21a92b,full_time,5856941120,Adzuna::API::Response::Company,F5 Networks,Adzuna::API::Response::Location,India,['India'],Adzuna::API::Response::Category,it-jobs,IT Jobs,,,,,,2026-09-28
Adzuna::API::Response::Job,2026-08-06T20:57:42Z,"About the Role We are looking for a highly analytical and detail-oriented Data Analyst to join our Customer Experience & Collections (CUX) team. This role plays a critical part in supporting business decisions through data-driven insights, operational reporting, and performance analysis across Customer Operations and Collections. The ideal candidate has strong analytical capabilities, excellent Power BI and Excel skills, and experience working with large datasets to build dashboards, identify t…",0,eyJhbGciOiJIUzI1NiJ9.eyJpIjoiNTgzMDY0MTI3NCIsInMiOiJxRHdNSGpPNzhSR1Fxb182OGpVcXpnIn0.qSKIMSmvQ9VU4EIqgqXyw-R1YglBqL5XUCZ8IaDoE6E,CX Data Analyst,https://www.adzuna.in/details/5830641274?utm_medium=api&utm_source=7a21a92b,full_time,5830641274,Adzuna::API::Response::Company,Multitude,Adzuna::API::Response::Location,"Gurgaon, Haryana","['India', 'Haryana', 'Gurgaon']",Adzuna::API::Response::Category,it-jobs,IT Jobs,28.323996,76.983738,,,,2026-09-28
Adzuna::API::Response::Job,2025-03-28T06:23:51Z,"We are seeking a highly motivated and experienced Senior Data Analyst to join our dynamic team. The ideal candidate will be responsible for extracting, analyzing, and interpreting complex datasets to provide actionable insights that drive business strategy and improve operational efficiency. You will play a crucial role in transforming raw data into meaningful information, enabling stakeholders to make informed decisions. Responsibilities: Data Extraction and Manipulation: Extract data from var…",0,eyJhbGciOiJIUzI1NiJ9.eyJzIjoicUR3TUhqTzc4UkdRcW9fNjhqVXF6ZyIsImkiOiI1MTE0Njk5MTgyIn0.mOMBDk68ZphfnEu7a1t3oivuuTTtoIKXddWDUU9jbb8,Senior Data Analyst,https://www.adzuna.in/details/5114699182?utm_medium=api&utm_source=7a21a92b,full_time,5114699182,Adzuna::API::Response::Company,Vector Labs Tech,Adzuna::API::Response::Location,India,['India'],Adzuna::API::Response::Category,it-jobs,IT Jobs,,,,700000.0,2000000.0,2026-09-28
Adzuna::API::Response::Job,2022-09-28T06:58:21Z,"Job Title: HR Data Analyst Reports To: HR Business Partner Duties Collect and compile HR metrics and data from the global HR team using internal SharePoint site as well as Excel files from local HRIS systems Analyze data on a monthly, quarterly, and annual basis regarding recruitment and attrition Prepare data reports using Excel and Power Point Ensure data integrity by identifying issues and fixing errors either in SharePoint or local HRIS system Track recruitment costs on a regional and globa…",0,eyJhbGciOiJIUzI1NiJ9.eyJpIjoiMzUyOTQ0NzkxNyIsInMiOiJxRHdNSGpPNzhSR1Fxb182OGpVcXpnIn0.Kk3SqJvyQ_GqQ2Q0J-okuom6KmE_BiLGGMCLNVahUs8,HR Data Analyst,https://www.adzuna.in/details/3529447917?utm_medium=api&utm_source=7a21a92b,full_time,3529447917,Adzuna::API::Response::Company,Hiringhut Solutions Pvt Ltd,Adzuna::API::Response::Location,India,['India'],Adzuna::API::Response::Category,it-jobs,IT Jobs,,,,800000.0,1500000.0,2026-09-28
Adzuna::API::Response::Job,2026-08-28T07:37:33Z,"Front face customer to understand data requirements and analyse data Build solutions and systems to manage data and analytics workload Improve reliability, quality, and time-to-market of our suite of software solutions. Responsibilities: Using SQL/Python to extract data from primary and secondary sources Performing analysis to assess quality and meaning of data Working with programmers, engineers, and management heads to identify process improvement. Opportunities, propose system modifications,…",0,eyJhbGciOiJIUzI1NiJ9.eyJpIjoiNTg1OTEyMjYxOSIsInMiOiJxRHdNSGpPNzhSR1Fxb182OGpVcXpnIn0.kn2D1w9YxtbuaBA7-LcXsfKwv1zaIuywUCjBH2niKjo,Senior Data Analyst,https://www.adzuna.in/details/5859122619?utm_medium=api&utm_source=7a21a92b,,5859122619,Adzuna::API::Response::Company,Robosoft Technologies,Adzuna::API::Response::Location,"Bangalore, Karnataka","['India', 'Karnataka', 'Bangalore']",Adzuna::API::Response::Category,it-jobs,IT Jobs,,,,,,2026-09-28
Adzuna::API::Response::Job,2026-08-28T07:36:56Z,"Job description About the Company : Headquartered in California, U.S.A., GSPANN provides consulting and IT services to global clients. We help clients transform how they deliver business value by helping them optimize their IT capabilities, practices, and operations with our experience in retail, high-technology, and manufacturing. With five global delivery centers and 1900 employees, we provide the intimacy of a boutique consultancy with the capabilities of a large IT services firm. Role: Seni…",0,eyJhbGciOiJIUzI1NiJ9.eyJzIjoicUR3TUhqTzc4UkdRcW9fNjhqVXF6ZyIsImkiOiI1ODU5MTIwMjEwIn0.JNJyUkPipuDSgS0Mv7rW43gOJD2ZbU-tgHVcoLjGpT4,Senior Data Analyst,https://www.adzuna.in/details/5859120210?utm_medium=api&utm_source=7a21a92b,,5859120210,Adzuna::API::Response::Company,GSPANN,Adzuna::API::Response::Location,"Pune, Maharashtra","['India', 'Maharashtra', 'Pune']",Adzuna::API::Response::Category,it-jobs,IT Jobs,18.5062,73.84735,,,,2026-09-28
Adzuna::API::Response::Job,2026-08-28T07:36:57Z,"Job description About the Company : Headquartered in California, U.S.A., GSPANN provides consulting and IT services to global clients. We help clients transform how they deliver business value by helping them optimize their IT capabilities, practices, and operations with our experience in retail, high-technology, and manufacturing. With five global delivery centers and 1900 employees, we provide the intimacy of a boutique consultancy with the capabilities of a large IT services firm. Role: Seni…",0,eyJhbGciOiJIUzI1NiJ9.eyJzIjoicUR3TUhqTzc4UkdRcW9fNjhqVXF6ZyIsImkiOiI1ODU5MTIwMjMxIn0.aFlfjOmBW3Rir4UtCEvyDfz2pg7ho8zprcyV5jPcb68,Senior Data Analyst,https://www.adzuna.in/details/5859120231?utm_medium=api&utm_source=7a21a92b,,5859120231,Adzuna::API::Response::Company,GSPANN,Adzuna::API::Response::Location,"Hyderabad, Telangana","['India', 'Telangana', 'Hyderabad']",Adzuna::API::Response::Category,it-jobs,IT Jobs,17.40275,78.50806,,,,2026-09-28
Adzuna::API::Response::Job,2026-08-28T07:37:32Z,"Front face customer to understand data requirements and analyse data Build solutions and systems to manage data and analytics workload Improve reliability, quality, and time-to-market of our suite of software solutions. Responsibilities: Using SQL/Python to extract data from primary and secondary sources Performing analysis to assess quality and meaning of data Working with programmers, engineers, and management heads to identify process improvement. Opportunities, propose system modifications,…",0,eyJhbGciOiJIUzI1NiJ9.eyJpIjoiNTg1OTEyMjYwNiIsInMiOiJxRHdNSGpPNzhSR1Fxb182OGpVcXpnIn0.nPqwVGx7Li_lYPzbmD9NuOzfPABf-RGKRVAAnNj1ehc,Senior Data Analyst,https://www.adzuna.in/details/5859122606?utm_medium=api&utm_source=7a21a92b,,5859122606,Adzuna::API::Response::Company,Robosoft Technologies,Adzuna::API::Response::Location,"Navi Mumbai, Maharashtra","['India', 'Maharashtra', 'Navi Mumbai']",Adzuna::API::Response::Category,it-jobs,IT Jobs,19.02,73.02,,,,2026-09-28
Adzuna::API::Response::Job,2026-08-28T07:36:56Z,"Job description About the Company : Headquartered in California, U.S.A., GSPANN provides consulting and IT services to global clients. We help clients transform how they deliver business value by helping them optimize their IT capabilities, practices, and operations with our experience in retail, high-technology, and manufacturing. With five global delivery centers and 1900 employees, we provide the intimacy of a boutique consultancy with the capabilities of a large IT services firm. Role: Seni…",0,eyJhbGciOiJIUzI1NiJ9.eyJpIjoiNTg1OTEyMDE4NyIsInMiOiJxRHdNSGpPNzhSR1Fxb182OGpVcXpnIn0.4zPClg8SKnOAwjRendq6iTSMGDzWjG8HbJ7Bjl7bOcg,Senior Data Analyst,https://www.adzuna.in/details/5859120187?utm_medium=api&utm_source=7a21a92b,,5859120187,Adzuna::API::Response::Company,GSPANN,Adzuna::API::Response::Location,"Delhi, India","['India', 'Delhi']",Adzuna::API::Response::Category,it-jobs,IT Jobs,28.62523,77.224601,,,,2026-09-28
Adzuna::API::Response::Job,2026-04-16T01:58:39Z,"Description Data Analyst – Strategic Finance Looking to work on high-impact data problems that influence business and financial decisions? This role sits at the intersection of data analytics, financial insights, and operational strategy, helping teams make faster and better decisions using data. Responsibilities What you’ll do: • Analyze large financial and operational datasets to generate actionable insights • Build and maintain dashboards and reporting frameworks for business stakeholders • …",0,eyJhbGciOiJIUzI1NiJ9.eyJpIjoiNTcwMDQ5NzE2OSIsInMiOiJxRHdNSGpPNzhSR1Fxb182OGpVcXpnIn0.7aGWTJrykqsRaC1R48xd0H2AieJjbXh0699zae9YrNA,Data Analyst Fintech,https://www.adzuna.in/details/5700497169?utm_medium=api&utm_source=7a21a92b,full_time,5700497169,Adzuna::API::Response::Company,EXL,Adzuna::API::Response::Location,"Bangalore, Karnataka","['India', 'Karnataka', 'Bangalore']",Adzuna::API::Response::Category,it-jobs,IT Jobs,,,,,,2026-09-28
Adzuna::API::Response::Job,2026-06-11T02:41:59Z,"Secure Every Identity, from AI to Human Identity is the key to unlocking the potential of AI. Okta secures AI by building the trusted, neutral infrastructure that enables organizations to safely embrace this new era. This work requires a relentless drive to solve complex challenges with real-world stakes. We are looking for builders and owners who operate with speed and urgency and execute with excellence. This is an opportunity to do career-defining work. We're all in on this mission. If you a…",0,eyJhbGciOiJIUzI1NiJ9.eyJpIjoiNTc1OTA4MjIyNCIsInMiOiJxRHdNSGpPNzhSR1Fxb182OGpVcXpnIn0._zC5UFyCYfCxYpyGfP5paoz-G8vMsHoBK0yM1leEGe4,Senior Data Analyst,https://www.adzuna.in/details/5759082224?utm_medium=api&utm_source=7a21a92b,,5759082224,Adzuna::API::Response::Company,Okta,Adzuna::API::Response::Location,"Bangalore, Karnataka","['India', 'Karnataka', 'Bangalore']",Adzuna::API::Response::Category,it-jobs,IT Jobs,,,,,,2026-09-28
Adzuna::API::Response::Job,2026-09-24T21:19:23Z,"Rockwell Automation is a global technology leader focused on helping the world’s manufacturers be more productive, sustainable, and agile. With more than 28,000 employees who make the world better every day, we know we have something special. Behind our customers - amazing companies that help feed the world, provide life-saving medicine on a global scale, and focus on clean water and green mobility - our people are energized problem solvers that take pride in how the work we do changes the worl…",0,eyJhbGciOiJIUzI1NiJ9.eyJzIjoicUR3TUhqTzc4UkdRcW9fNjhqVXF6ZyIsImkiOiI1ODk3MDU3MTkwIn0.XXvIBYiFder0glWdmkIIHpDp4Qi570RQL9gHX9BRHdI,Master Data Analyst,https://www.adzuna.in/details/5897057190?utm_medium=api&utm_source=7a21a92b,full_time,5897057190,Adzuna::API::Response::Company,Rockwell Automation,Adzuna::API::Response::Location,India,['India'],Adzuna::API::Response::Category,it-jobs,IT Jobs,,,,,,2026-09-28
Adzuna::API::Response::Job,2024-07-31T03:06:28Z,"Description We are looking for a data analyst to join our team and help us transform data into insights and actions. You will be responsible for collecting, cleaning, analyzing, and reporting on various data sources and business processes. You will also collaborate with other teams and stakeholders to provide data-driven solutions and recommendations. Responsibilities Collect and integrate data from various sources, such as databases, APIs, files, and web services Perform data quality checks an…",0,eyJhbGciOiJIUzI1NiJ9.eyJpIjoiNDgwMTQ0OTg4MSIsInMiOiJxRHdNSGpPNzhSR1Fxb182OGpVcXpnIn0.6NZQI9E6YemkJJTwhsoztO4ruDk7XJ3B5Y9J7lAcDTY,Data Analyst_Offshore,https://www.adzuna.in/details/4801449881?utm_medium=api&utm_source=7a21a92b,full_time,4801449881,Adzuna::API::Response::Company,Photon Group,Adzuna::API::Response::Location,India,['India'],Adzuna::API::Response::Category,it-jobs,IT Jobs,,,,,,2026-09-28
Adzuna::API::Response::Job,2026-09-02T16:16:39Z,"Define and obtain source data required to deliver insights and use cases. ● Determine data mapping and join multiple data sets across various sources. ● Develop methods to highlight and report data inconsistencies for user review. ● Propose and assist with suitable data migration sets for stakeholders. ● Support teams in processing data migration sets and coordinating migration activities. ● Plan, track, and coordinate the data migration team and migration run-book. ● Collaborate with stakehold…",0,eyJhbGciOiJIUzI1NiJ9.eyJzIjoicUR3TUhqTzc4UkdRcW9fNjhqVXF6ZyIsImkiOiI1ODY2OTI3Mzg1In0.XSEvBp5Fvw2N5T6gxd86HodAvC1da3ObglSriaqqaUg,Sr. Data Analyst,https://www.adzuna.in/details/5866927385?utm_medium=api&utm_source=7a21a92b,full_time,5866927385,Adzuna::API::Response::Company,Straatix Partners,Adzuna::API::Response::Location,"Bangalore, Karnataka","['India', 'Karnataka', 'Bangalore']",Adzuna::API::Response::Category,it-jobs,IT Jobs,,,,2000000.0,4000000.0,2026-09-28
Adzuna::API::Response::Job,2026-07-22T10:44:10Z,"Senior Data Analyst About Advanced Energy Advanced Energy Industries, Inc. (NASDAQ: AEIS), enables design breakthroughs and drives growth for leading semiconductors and industrial customers. Our precision power and control technologies, along with our applications know-how, inspire close partnerships and innovation in thin-film and industrial manufacturing. We are proud of our rich heritage, award-winning technologies, and we value the talents and contributions of all Advanced Energy's employee…",0,eyJhbGciOiJIUzI1NiJ9.eyJzIjoicUR3TUhqTzc4UkdRcW9fNjhqVXF6ZyIsImkiOiI1ODEwNDE4NTA5In0.84_ES3pUQ9LWTQA0ozQ16W3JRfIZL54C-rGbXqcLCck,Senior Data Analyst,https://www.adzuna.in/details/5810418509?utm_medium=api&utm_source=7a21a92b,,5810418509,Adzuna::API::Response::Company,Advanced Energy,Adzuna::API::Response::Location,"Pune, Maharashtra","['India', 'Maharashtra', 'Pune']",Adzuna::API::Response::Category,it-jobs,IT Jobs,18.5062,73.84735,,,,2026-09-28
Adzuna::API::Response::Job,2026-01-22T00:53:03Z,"Description Role : Business Data Analyst Location – Gurugram Exp : 3-6 Must-Have: 3-6 years of work experience in large-scale Data applications doing Data Analysis, Data Mapping, and Data Transformations. - Experience in Snowflake, Any relational DB , requirements gathering - Very good Verbal & Written communication & tracking skills - SQL - Should have exposure to data consolidation, transformation, and standardization - Experience with Insurance (Property and Casualty Insurance - P&C) Domain …",0,eyJhbGciOiJIUzI1NiJ9.eyJpIjoiNTU5NDQ1MTk3OSIsInMiOiJxRHdNSGpPNzhSR1Fxb182OGpVcXpnIn0.CLzFl7OHhgTjaY3GrGyWMZW1ZVNCNc8Zi4-s89LanlQ,Westfield Data Analyst,https://www.adzuna.in/details/5594451979?utm_medium=api&utm_source=7a21a92b,full_time,5594451979,Adzuna::API::Response::Company,EXL,Adzuna::API::Response::Location,India,['India'],Adzuna::API::Response::Category,it-jobs,IT Jobs,,,,,,2026-09-28
Adzuna::API::Response::Job,2026-09-18T21:48:29Z,"Sagility combines industry-leading technology and transformation-driven BPM services with decades of healthcare domain expertise to help clients draw closer to their members. The company optimizes the entire member/patient experience through service offerings for clinical, case management, member engagement, provider solutions, payment integrity, claims cost containment, and analytics. Sagility has more than 25,000 employees across 5 countries. Experience with large-scale data analysis projects…",0,eyJhbGciOiJIUzI1NiJ9.eyJzIjoicUR3TUhqTzc4UkdRcW9fNjhqVXF6ZyIsImkiOiI1ODg5NTUyMDYxIn0.YjPxFu7T4DuxJDzYCO80AujfCsySj5--lpa_lccXWZ0,Senior Data Analyst,https://www.adzuna.in/details/5889552061?utm_medium=api&utm_source=7a21a92b,full_time,5889552061,Adzuna::API::Response::Company,Sagility,Adzuna::API::Response::Location,India,['India'],Adzuna::API::Response::Category,it-jobs,IT Jobs,,,,,,2026-09-28
Adzuna::API::Response::Job,2026-05-20T12:46:00Z,"Job Title: Senior Data Analyst Location: Sharnam Metrolinks, Amraiwadi, Ahmedabad Working Days: 6 Days a Week Department: MDO Reporting To: COO Employment Type: Full-Time Job Summary We are seeking a highly analytical and detail-oriented Senior Data Analyst to lead data management, reporting, automation, and system development initiatives across the organization. The role focuses on transforming raw data into meaningful insights, designing and implementing automated systems, strengthening data …",0,eyJhbGciOiJIUzI1NiJ9.eyJzIjoiWnZfekhqTzc4UkdDdzZrdVREckpsZyIsImkiOiI1NzM0OTEzMTI2In0.pERS4pfulbx-NsewFCll4UZDSHQOfz56l8I6JCtWhD0,Sr Data Analyst,https://www.adzuna.in/details/5734913126?utm_medium=api&utm_source=7a21a92b,full_time,5734913126,Adzuna::API::Response::Company,Hunarstreet Technologies Pvt Ltd,Adzuna::API::Response::Location,"Gujarat, India","['India', 'Gujarat']",Adzuna::API::Response::Category,it-jobs,IT Jobs,22.385318,72.365866,,500000.0,600000.0,2026-09-28
Adzuna::API::Response::Job,2026-09-20T21:47:29Z,"Data Analyst Ready to turn bold ideas into real-world impact? At Genpact, we don’t just adapt to change, we lead it. AI and digital innovation are transforming the way businesses work, and we’re at the forefront of it. Genpact’s AI Gigafactory , our industry-first accelerator, exemplifies how we scale advanced technology solutions to help global enterprises work smarter, grow faster, and transform at scale. Whether tackling complex challenges through large-scale models or agentic AI , our break…",0,eyJhbGciOiJIUzI1NiJ9.eyJpIjoiNTg5MTg5NzA4MSIsInMiOiJadl96SGpPNzhSR0N3Nmt1VERySmxnIn0.9tcjxzFeM0iEpC0RWu60tesox350md-lwSxaf9Do9y8,Data Analyst 5B,https://www.adzuna.in/details/5891897081?utm_medium=api&utm_source=7a21a92b,full_time,5891897081,Adzuna::API::Response::Company,Genpact,Adzuna::API::Response::Location,India,['India'],Adzuna::API::Response::Category,it-jobs,IT Jobs,,,,,,2026-09-28
Adzuna::API::Response::Job,2026-09-12T21:39:49Z,"About the Opportunity Job Type: Permanent Application Deadline: 20 September 2026 Job Description Title Manager Data Analyst Department AMP Platform, Research & Sustainability Location Bengaluru, India Reports To Data Product Owner, Business Analyst Level 5 We are proud to have been helping our clients build better financial futures, for over 50 years. How have we achieved this? By working together - and supporting each other - all over the world. So, join our Asset Management Platform (AMP) De…",0,eyJhbGciOiJIUzI1NiJ9.eyJzIjoiWnZfekhqTzc4UkdDdzZrdVREckpsZyIsImkiOiI1ODgxMTYzNDc5In0.gUdeEncd3c4T-X_nWRyfnpd_csuMf6dxfTSVAJjy5Eo,Manager Data Analyst,https://www.adzuna.in/details/5881163479?utm_medium=api&utm_source=7a21a92b,full_time,5881163479,Adzuna::API::Response::Company,Fidelity International,Adzuna::API::Response::Location,India,['India'],Adzuna::API::Response::Category,it-jobs,IT Jobs,,,permanent,,,2026-09-28
Adzuna::API::Response::Job,2026-07-11T03:39:30Z,"Description Role : Business Data Analyst Location – Gurugram Exp : 3-6 Years Must-Have: 3-6 years of work experience in large-scale Data applications doing Data Analysis, Data Mapping, and Data Transformations. - Experience in Snowflake, Any relational DB , BRD creation, requirements gathering - Very good Verbal & Written communication & tracking skills - SQL, business requirement gatherings, Source-to-target mappings (STTM) writing - Should have exposure to data consolidation, transformation, …",0,eyJhbGciOiJIUzI1NiJ9.eyJzIjoiWnZfekhqTzc4UkdDdzZrdVREckpsZyIsImkiOiI1Nzk2MjA5NjkxIn0.JJRhYrXMIpP7WMDaVdHhfYrolp0ul9gBZzGml7FoESM,Business Data Analyst,https://www.adzuna.in/details/5796209691?utm_medium=api&utm_source=7a21a92b,full_time,5796209691,Adzuna::API::Response::Company,EXL,Adzuna::API::Response::Location,India,['India'],Adzuna::API::Response::Category,it-jobs,IT Jobs,,,,,,2026-09-28
Adzuna::API::Response::Job,2026-08-25T07:40:54Z,"Description We are seeking a highly skilled Lead Data Analyst with extensive experience in the banking domain. The ideal candidate will possess a strong technical background in data analysis, particularly with tools like PySpark, Hadoop, and SQL. You will play a crucial role in leading data projects, managing stakeholder expectations, and driving data-driven decision-making within the organization. If you are a results-oriented professional with a passion for data and team leadership, we invite…",0,eyJhbGciOiJIUzI1NiJ9.eyJzIjoiWnZfekhqTzc4UkdDdzZrdVREckpsZyIsImkiOiI1ODU0ODc3NjM0In0.1Q8F-KaSAGm6rI0GgyQE557FKY5PkUvjAFpIi7-ufNI,Lead Data Analyst,https://www.adzuna.in/details/5854877634?utm_medium=api&utm_source=7a21a92b,,5854877634,Adzuna::API::Response::Company,Purview India Consulting And Services Llp,Adzuna::API::Response::Location,"Pune, Maharashtra","['India', 'Maharashtra', 'Pune']",Adzuna::API::Response::Category,it-jobs,IT Jobs,18.5062,73.84735,,,,2026-09-28
Adzuna::API::Response::Job,2026-08-27T07:40:32Z,"Senior Data Analyst Location: Chennai Shift: 3PM-12AM (Both ways cab) Mode of Work: Hybrid Job Summary: This role provides an opportunity to work in a dynamic environment, delivering quality solutions to global customers. The candidate should have strong data analytics expertise, including Power BI, ServiceNow, Python, SQL, and PostgreSQL. Responsibilities include developing and managing BI solutions, creating reports and dashboards, and ensuring effective communication of data-driven strategie…",0,eyJhbGciOiJIUzI1NiJ9.eyJzIjoiWnZfekhqTzc4UkdDdzZrdVREckpsZyIsImkiOiI1ODU3NzQ1NjIwIn0.YIEZpDqz3hsH49d8i2l_w7wtCMQhVzBQJAgbOvrYEgs,Senior Data Analyst,https://www.adzuna.in/details/5857745620?utm_medium=api&utm_source=7a21a92b,,5857745620,Adzuna::API::Response::Company,Thryve Digital,Adzuna::API::Response::Location,"Chennai, Tamil Nadu","['India', 'Tamil Nadu', 'Chennai']",Adzuna::API::Response::Category,it-jobs,IT Jobs,13.06041,80.24963,,,,2026-09-28
Adzuna::API::Response::Job,2026-09-02T21:41:02Z,"Description Role : Business Data Analyst Location – Gurugram Exp : 3-6 Years Must-Have: 3-6 years of work experience in large-scale Data applications doing Data Analysis, Data Mapping, and Data Transformations. - Experience in Snowflake, Any relational DB , BRD creation, requirements gathering - Very good Verbal & Written communication & tracking skills - SQL, business requirement gatherings, Source-to-target mappings (STTM) writing - Should have exposure to data consolidation, transformation, …",0,eyJhbGciOiJIUzI1NiJ9.eyJpIjoiNTg2NzI0OTkyOCIsInMiOiJadl96SGpPNzhSR0N3Nmt1VERySmxnIn0.YoFC-xsYDDBIeQ-cnDqsKZePGhLI-tFoM18zvM8i-wE,Business Data Analyst,https://www.adzuna.in/details/5867249928?utm_medium=api&utm_source=7a21a92b,full_time,5867249928,Adzuna::API::Response::Company,EXL,Adzuna::API::Response::Location,"Noida, Ghaziabad","['India', 'Uttar Pradesh', 'Ghaziabad', 'Noida']",Adzuna::API::Response::Category,it-jobs,IT Jobs,28.56579,77.3225,,,,2026-09-28
Adzuna::API::Response::Job,2026-03-14T08:44:52Z,"You are curious, analytical, and a strong team player? Great, you’re exactly the kind of person we’d love to meet! The Gateway team is looking for a Data Analyst to create data enablement tools that support InnovMetric’s Digital Thread. In this role, y ou will design dashboards, build data integrations, and create API based solutions that make dimensional data accessible to internal teams, partners, and customers. You will collaborate closely with stakeholders across the organization and with i…",0,eyJhbGciOiJIUzI1NiJ9.eyJpIjoiNTY2NDcxMzY4MyIsInMiOiJadl96SGpPNzhSR0N3Nmt1VERySmxnIn0.mT23Ai_HJdx4bnwQtI8LEO3xilogJRtGZheWabDzP2o,Data Analyst - India,https://www.adzuna.in/details/5664713683?utm_medium=api&utm_source=7a21a92b,full_time,5664713683,Adzuna::API::Response::Company,InnovMetric Logiciels|Software,Adzuna::API::Response::Location,India,['India'],Adzuna::API::Response::Category,it-jobs,IT Jobs,,,,,,2026-09-28
Adzuna::API::Response::Job,2026-09-24T21:16:13Z,"About Our Company Ameriprise India LLP has been providing client based financial solutions to help clients plan and achieve their financial objectives for 20 years. We are part of Ameriprise Financial Inc., a US financial planning company headquartered in Minneapolis with a global presence and diversified financial services leader with more than $1.5 trillion in assets under management, administration and advisement as of year-end 2024. The firm’s focus areas include Asset Management and Advice…",0,eyJhbGciOiJIUzI1NiJ9.eyJpIjoiNTg5NzA0OTgxNiIsInMiOiJadl96SGpPNzhSR0N3Nmt1VERySmxnIn0.gEXNNz6ReVDxIfBJ5VPtxi-EmL8gP_tRDuOXg8vVGq8,Lead Data Analyst,https://www.adzuna.in/details/5897049816?utm_medium=api&utm_source=7a21a92b,full_time,5897049816,Adzuna::API::Response::Company,Ameriprise,Adzuna::API::Response::Location,India,['India'],Adzuna::API::Response::Category,it-jobs,IT Jobs,,,,,,2026-09-28
Adzuna::API::Response::Job,2026-09-25T11:14:36Z,"India T&M Special Bonus: Req ID: 391134 NTT DATA strives to hire exceptional, innovative and passionate individuals who want to grow with us. If you want to be part of an inclusive, adaptable, and forward-thinking organization, apply now. We are currently seeking a Business and Data analyst to join our team in Remote, Karnataka (IN-KA), India (IN). Role Summary We are currently seeking an experienced Business and Data analyst to join our team in Remote, Karnataka (IN-KA), India (IN) to support …",0,eyJhbGciOiJIUzI1NiJ9.eyJzIjoiWnZfekhqTzc4UkdDdzZrdVREckpsZyIsImkiOiI1ODk3OTUyOTU0In0.qKgMXV7aJVT2A51TWAoUaI3P9AEG_OYMfY3eSiMeMiE,Business and Data analyst,https://www.adzuna.in/details/5897952954?utm_medium=api&utm_source=7a21a92b,,5897952954,Adzuna::API::Response::Company,"NTT America, Inc.",Adzuna::API::Response::Location,India,['India'],Adzuna::API::Response::Category,it-jobs,IT Jobs,,,,,,2026-09-28
Adzuna::API::Response::Job,2025-12-19T23:54:35Z,"We are seeking dynamic Portfolio Data Analysts to join our team and collaborate closely with our founders, financial analysts, product managers, and engineers. In this role, you'll play a pivotal part in supporting our client onboarding and success team. You'll need a strong ability to analyze financial data, translate insights into actionable strategies, and effectively guide clients through our platform's features to drive their success. Responsibilities: Analyze and onboard portfolio data fr…",0,eyJhbGciOiJIUzI1NiJ9.eyJpIjoiNTU0ODY1NTkwOSIsInMiOiJadl96SGpPNzhSR0N3Nmt1VERySmxnIn0.W8XZFQYQunADuw84HbWTqcUQB-XLqTsfqDUuNBipOew,Portfolio Data Analyst,https://www.adzuna.in/details/5548655909?utm_medium=api&utm_source=7a21a92b,,5548655909,Adzuna::API::Response::Company,Arcana Analytics,Adzuna::API::Response::Location,"Coimbatore, Tamil Nadu","['India', 'Tamil Nadu', 'Coimbatore']",Adzuna::API::Response::Category,it-jobs,IT Jobs,11.017171,77.100203,,,,2026-09-28
Adzuna::API::Response::Job,2026-08-19T20:50:47Z,"Opportunity Overview: We are seeking a Technical, Hands-on Manager to lead a team responsible for building and maintaining high-quality healthcare market datasets and analytics that power internal insights, benchmarking, and external thought leadership . In this role, you will lead a team of data analysts responsible for the development, quality assurance, and ongoing refresh of market data assets. You will combine strong people leadership with technical expertise in analytics and data science …",0,eyJhbGciOiJIUzI1NiJ9.eyJpIjoiNTg0ODM2OTc1OSIsInMiOiJadl96SGpPNzhSR0N3Nmt1VERySmxnIn0.6IsC6QN3WQ0nQUgIkGuMY1Lr8pPP0i1CA1JD2HqWIG8,Lead Data Analyst,https://www.adzuna.in/details/5848369759?utm_medium=api&utm_source=7a21a92b,,5848369759,Adzuna::API::Response::Company,Cohere Health,Adzuna::API::Response::Location,"Hyderabad, Telangana","['India', 'Telangana', 'Hyderabad']",Adzuna::API::Response::Category,it-jobs,IT Jobs,17.40275,78.50806,,,,2026-09-28
Adzuna::API::Response::Job,2023-11-19T14:53:13Z,"Marketing Operations is a critical team under the Marketing Communication BPO Operations umbrella that prioritizes the lead lifecycle, manages day-to-day marketing initiatives, and the organization’s MarTech stack. A Marketing and Communication Support company providing customer care & support, technical support services, and back-end support to accounts engaged in interactive online sports gaming activities. In this role, you can expect to: ● Work in a Business Process Outsourcing (BPO) Module…",0,eyJhbGciOiJIUzI1NiJ9.eyJpIjoiNDQ0MTU2MDAyNyIsInMiOiJadl96SGpPNzhSR0N3Nmt1VERySmxnIn0.Y4IyzAdYBEv3ke4nMf-rPvoh-YFhaTNfwEhNKdTuE9w,Marketing Data Analyst,https://www.adzuna.in/details/4441560027?utm_medium=api&utm_source=7a21a92b,full_time,4441560027,Adzuna::API::Response::Company,LNW TECHNOLOGY CO LTD,Adzuna::API::Response::Location,India,['India'],Adzuna::API::Response::Category,pr-advertising-marketing-jobs,"PR, Advertising & Marketing Jobs",,,,100000.0,700000.0,2026-09-28
Adzuna::API::Response::Job,2026-09-24T10:02:35Z,"Senior Data Analyst About Us: We are brand builders who focus our passion and creativity to build Calvin Klein and TOMMY HILFIGER into the most desirable lifestyle brands in the world and at the same time position PVH as one of the best-performing brand groups in our sector. Guided by our values and enabled by our scale and global reach, we are driving fashion forward for good, as one team with one vision and one plan. That’s the Power of Us, that’s the Power of PVH. One of PVH’s greatest stren…",0,eyJhbGciOiJIUzI1NiJ9.eyJpIjoiNTg5NjI2MjE1MiIsInMiOiJadl96SGpPNzhSR0N3Nmt1VERySmxnIn0.zpwzWTleqmN6ykrUgbxyuh5--76nIoGzQJNo71N0nGw,Senior Data Analyst,https://www.adzuna.in/details/5896262152?utm_medium=api&utm_source=7a21a92b,,5896262152,Adzuna::API::Response::Company,PVH,Adzuna::API::Response::Location,"Bangalore, Karnataka","['India', 'Karnataka', 'Bangalore']",Adzuna::API::Response::Category,accounting-finance-jobs,Accounting & Finance Jobs,,,,,,2026-09-28
Adzuna::API::Response::Job,2026-09-26T21:30:16Z,"Description Support Markets Trading by converting complex derivatives agreements into accurate, system-ready parameters that strengthen controls and execution. Partner across Legal, Credit, Business, Operations, and Technology to deliver quality outcomes and support regulatory initiatives like Pushout. As a Reference Data Analyst within Documentation Management (Document Management Operations – Markets Trading Group) , you lead review of legal agreements and extract legal and financial paramete…",0,eyJhbGciOiJIUzI1NiJ9.eyJpIjoiNTg5OTg2ODkxNCIsInMiOiJadl96SGpPNzhSR0N3Nmt1VERySmxnIn0.QjLHX4celKTEyhcCIS8fxdiSPXtZJc0KaJSLGnTe6g0,Reference Data Analyst,https://www.adzuna.in/details/5899868914?utm_medium=api&utm_source=7a21a92b,full_time,5899868914,Adzuna::API::Response::Company,JPMorganChase,Adzuna::API::Response::Location,"Bangalore, Karnataka","['India', 'Karnataka', 'Bangalore']",Adzuna::API::Response::Category,legal-jobs,Legal Jobs,,,,,,2026-09-28
Adzuna::API::Response::Job,2026-05-15T02:13:52Z,"Job Description: We’re seeking a seasoned Data Analyst to manage the accuracy, structure, and integrity of the Management Library dataset. You’ll oversee data consistency across companies, executives, and industries. The role requires both strategic thinking and hands-on data management— perfect for someone who enjoys ensuring structured precision in complex, high-volume datasets. You’ll collaborate across engineering, and operation teams to ensure every profile, transcript, and company in our …",0,eyJhbGciOiJIUzI1NiJ9.eyJpIjoiNTcyOTY3NzQ1MiIsInMiOiJadl96SGpPNzhSR0N3Nmt1VERySmxnIn0.IC0h9So1k9wJDrPuuIT-_9vbnh4kVxa21mXdmEAfyL4,Hiring for Data Analyst,https://www.adzuna.in/details/5729677452?utm_medium=api&utm_source=7a21a92b,full_time,5729677452,Adzuna::API::Response::Company,RECEX,Adzuna::API::Response::Location,"Pune, Maharashtra","['India', 'Maharashtra', 'Pune']",Adzuna::API::Response::Category,it-jobs,IT Jobs,18.5062,73.84735,,100000.0,600000.0,2026-09-28
Adzuna::API::Response::Job,2026-02-18T11:46:13Z,"About the Role: We are looking for a detail-oriented and analytical Senior Data Analyst to join our Chennai team. The ideal candidate will have strong skills in T-SQL/PL-SQL, data platform management, and reporting tools, along with experience in database administration and performance tuning. You will play a key role in transforming raw data into meaningful insights that drive business decisions. Key Responsibilities: Write complex queries using T-SQL / PL-SQL to extract, manipulate, and analy…",0,eyJhbGciOiJIUzI1NiJ9.eyJpIjoiNTYzNDE3NDcxMSIsInMiOiJadl96SGpPNzhSR0N3Nmt1VERySmxnIn0.WT4P-xCSJXIiTj4EgZ492hXbX77P4aOwOamR_l9joNY,Senior Data Analyst,https://www.adzuna.in/details/5634174711?utm_medium=api&utm_source=7a21a92b,full_time,5634174711,Adzuna::API::Response::Company,TekClan,Adzuna::API::Response::Location,"Chennai, Tamil Nadu","['India', 'Tamil Nadu', 'Chennai']",Adzuna::API::Response::Category,it-jobs,IT Jobs,13.06041,80.24963,,800000.0,1200000.0,2026-09-28
Adzuna::API::Response::Job,2021-08-21T21:23:15Z,"Want to join the trailblazing Fintech company which is leveraging software and technology to change the face of short-term financing in India Our client is an innovative Fintech company that is revolutionizing the business of short term finance. The company is an online lending startup that is driven by an app-enabled technology platform to solve the funding challenges of SMEs by offering quick-turnaround, paperless business loans without collateral. It counts over 2 million small businesses ac…",0,eyJhbGciOiJIUzI1NiJ9.eyJzIjoiWnZfekhqTzc4UkdDdzZrdVREckpsZyIsImkiOiIyMzk4NDcyMTEzIn0._LXskOQ7y7r8KWJmq1D8eIFKBvGcMBVQRzvYg7y7BYw,Data Analyst - SQL,https://www.adzuna.in/details/2398472113?utm_medium=api&utm_source=7a21a92b,full_time,2398472113,Adzuna::API::Response::Company,Unnati,Adzuna::API::Response::Location,"Mumbai, Maharashtra","['India', 'Maharashtra', 'Mumbai']",Adzuna::API::Response::Category,it-jobs,IT Jobs,19.00821,72.84415,,700000.0,1000000.0,2026-09-28
Adzuna::API::Response::Job,2026-08-28T07:37:34Z,"We are looking for a meticulous and analytical Data Analyst with strong SQL skills and cloud experience to join our team. The ideal candidate will have a solid background in data analysis, statistical techniques, with specific expertise in using SQL to manage and analyze large datasets in cloud environments. You will be responsible for interpreting data, analyzing results, and providing actionable insights to drive business decisions. Responsibilities: Gather data from various sources, ensuring…",0,eyJhbGciOiJIUzI1NiJ9.eyJpIjoiNTg1OTEyMjY5MSIsInMiOiJadl96SGpPNzhSR0N3Nmt1VERySmxnIn0.EbjvMdB9BqWq0O1_pVQu-dFAtLxo_F3yvYu6ttF7asE,Lead Data Analyst,https://www.adzuna.in/details/5859122691?utm_medium=api&utm_source=7a21a92b,,5859122691,Adzuna::API::Response::Company,Robosoft Technologies,Adzuna::API::Response::Location,"Bangalore, Karnataka","['India', 'Karnataka', 'Bangalore']",Adzuna::API::Response::Category,it-jobs,IT Jobs,,,,,,2026-09-28
Adzuna::API::Response::Job,2026-08-28T07:37:33Z,"We are looking for a meticulous and analytical Data Analyst with strong SQL skills and cloud experience to join our team. The ideal candidate will have a solid background in data analysis, statistical techniques, with specific expertise in using SQL to manage and analyze large datasets in cloud environments. You will be responsible for interpreting data, analyzing results, and providing actionable insights to drive business decisions. Responsibilities: Gather data from various sources, ensuring…",0,eyJhbGciOiJIUzI1NiJ9.eyJzIjoiWnZfekhqTzc4UkdDdzZrdVREckpsZyIsImkiOiI1ODU5MTIyNjMyIn0.mWWUlRE3WikzgM0SzDuRJ0Y_XDnh6g-A3JeMU9G2g0U,Lead Data Analyst,https://www.adzuna.in/details/5859122632?utm_medium=api&utm_source=7a21a92b,,5859122632,Adzuna::API::Response::Company,Robosoft Technologies,Adzuna::API::Response::Location,"Navi Mumbai, Maharashtra","['India', 'Maharashtra', 'Navi Mumbai']",Adzuna::API::Response::Category,it-jobs,IT Jobs,19.02,73.02,,,,2026-09-28
Adzuna::API::Response::Job,2026-09-05T07:37:49Z,About the job: We are seeking a highly motivated Quantitative Data Analyst to join our dynamic team. He/she will play a critical role in conducting quantitative analysis and supporting valuation processes. This position offers an exciting opportunity to work with innovative technology and contribute to strategic decision-making in the US banking sector. Key Responsibilities: Perform detailed analysis and modeling of US Banking products using advanced quantitative techniques and industry-standar…,0,eyJhbGciOiJIUzI1NiJ9.eyJpIjoiNTg3MTI3NjY1NCIsInMiOiJadl96SGpPNzhSR0N3Nmt1VERySmxnIn0.X9LMcK_AYVFXABHrg4lmVMg5E85nPUpm-Xb9oCNRdwE,Quantitative Data Analyst,https://www.adzuna.in/details/5871276654?utm_medium=api&utm_source=7a21a92b,,5871276654,Adzuna::API::Response::Company,Zivanta Analytics,Adzuna::API::Response::Location,"Kolkata, West Bengal","['India', 'West Bengal', 'Kolkata']",Adzuna::API::Response::Category,accounting-finance-jobs,Accounting & Finance Jobs,22.57285,88.34373,,,,2026-09-28
Adzuna::API::Response::Job,2026-09-11T21:16:40Z,"Level Up Your Career with Zynga! At Zynga, we bring people together through the power of play. As a global leader in interactive entertainment and a proud label of Take-Two Interactive, our games have been downloaded over 6 billion times—connecting players in 175 countries through fun, strategy, and a little friendly competition. From thrilling casino spins to epic strategy battles, mind-bending puzzles, and social word challenges, our diverse game portfolio has something for everyone. Fan-favo…",0,eyJhbGciOiJIUzI1NiJ9.eyJpIjoiNTg3OTg4NTAwMiIsInMiOiJadl96SGpPNzhSR0N3Nmt1VERySmxnIn0.KfhUa_CBavdJRmm-jNVLlYI0LXv1IiOpLloOWK2TfLI,Principal Data Analyst,https://www.adzuna.in/details/5879885002?utm_medium=api&utm_source=7a21a92b,,5879885002,Adzuna::API::Response::Company,Zynga,Adzuna::API::Response::Location,"Bangalore, Karnataka","['India', 'Karnataka', 'Bangalore']",Adzuna::API::Response::Category,it-jobs,IT Jobs,,,,,,2026-09-28
Adzuna::API::Response::Job,2026-07-23T06:47:39Z,About the role Were hiring a Product Data Analyst to be the analytical backbone of how we build ship and improve our grant management platform Youll partner directly with PMs designers and engineers to turn product usage data into decisions what to build what to kill what to double down on This is a highleverage role your dashboards experiments and analyses will shape roadmap priorities and how thousands of foundations nonprofits and grantmakers experience our product Youll own the full analyti…,0,eyJhbGciOiJIUzI1NiJ9.eyJzIjoiWnZfekhqTzc4UkdDdzZrdVREckpsZyIsImkiOiI1ODExNjY4MDYxIn0.T8DYirLLtpiYZCjCjJGYodLEABdsqxVCZB8lQidd9sA,Product Data Analyst,https://www.adzuna.in/details/5811668061?utm_medium=api&utm_source=7a21a92b,,5811668061,Adzuna::API::Response::Company,Wroots Global Private Limited,Adzuna::API::Response::Location,"Indore, Madhya Pradesh","['India', 'Madhya Pradesh', 'Indore']",Adzuna::API::Response::Category,it-jobs,IT Jobs,22.66215,75.9035,,,,2026-09-28
Adzuna::API::Response::Job,2026-08-08T20:46:00Z,"Description Kroll is seeking a detail-oriented and analytical Data Analyst - Operations, to support their service line Operations teams in driving operational excellence across a global consulting practice. This role is ideal for an early-career professional who enjoys working with data, improving processes, supporting business operations, and collaborating with stakeholders across multiple functions. The Operations Analyst will help ensure the accuracy of operational data, support business rep…",0,eyJhbGciOiJIUzI1NiJ9.eyJzIjoiWnZfekhqTzc4UkdDdzZrdVREckpsZyIsImkiOiI1ODMzNTg1NTg4In0.2TcgwWtljtmClSdn3WpU1jOyDse9o0CsCz4dZkou-LI,Data Analyst - Operations,https://www.adzuna.in/details/5833585588?utm_medium=api&utm_source=7a21a92b,full_time,5833585588,Adzuna::API::Response::Company,Kroll,Adzuna::API::Response::Location,"Bangalore, Karnataka","['India', 'Karnataka', 'Bangalore']",Adzuna::API::Response::Category,it-jobs,IT Jobs,12.95703,77.59837,,,,2026-09-28
Adzuna::API::Response::Job,2026-09-18T22:02:54Z,"What can you expect as a FedEx team member? Career Mobility and Development : When you join FedEx, you’re joining a team with possibilities that literally span the world—from opportunities for advancement and location transfer, to training and leadership programs. Total Compensation and Benefits Package : We want to keep our employees for a long time, so we offer competitive benefits, opportunities for flexible work arrangements, and programs to support well-being. Equal Opportunities Our great…",0,eyJhbGciOiJIUzI1NiJ9.eyJzIjoiWnZfekhqTzc4UkdDdzZrdVREckpsZyIsImkiOiI1ODg5NTk4NzQyIn0.RVWMsx8x_5hoXvRl7K95RS0ge7ROusz_77-uVCTBDn0,Data Analyst - Senior,https://www.adzuna.in/details/5889598742?utm_medium=api&utm_source=7a21a92b,full_time,5889598742,Adzuna::API::Response::Company,FedEx,Adzuna::API::Response::Location,India,['India'],Adzuna::API::Response::Category,engineering-jobs,Engineering Jobs,,,,,,2026-09-28
Adzuna::API::Response::Job,2026-08-16T21:03:09Z,"Company Description Guardant Health is a leading precision oncology company focused on guarding wellness and giving every person more time free from cancer. Founded in 2012, Guardant® is transforming patient care and accelerating new cancer therapies by providing critical insights into what drives disease through its advanced blood and tissue tests, real-world data and AI analytics. Guardant tests help improve outcomes across all stages of care, including screening to find cancer early, monitor…",0,eyJhbGciOiJIUzI1NiJ9.eyJpIjoiNTg0NDMxNzg2MSIsInMiOiJadl96SGpPNzhSR0N3Nmt1VERySmxnIn0.geHWWvfir7u0_YQj_di_In7ThbBzoJEz6M70qWRWSBg,Senior Data Analyst,https://www.adzuna.in/details/5844317861?utm_medium=api&utm_source=7a21a92b,full_time,5844317861,Adzuna::API::Response::Company,Guardant Health,Adzuna::API::Response::Location,India,['India'],Adzuna::API::Response::Category,it-jobs,IT Jobs,,,,,,2026-09-28
Adzuna::API::Response::Job,2021-10-23T04:34:53Z,"Are you looking for a team that is built on comradeship, lets you embrace your individuality and also pays you a handsome compensation? Then read on. Our client is one of the largest shopping and cashback website, that enables all its members to find products from various e-commerce sites like Amazon, Flipkart, Myntra, CliQ etc while allowing to comparing prices for similar products across these sites and also earning handsome cashback or discount coupons for every purchase. Their app and websi…",0,eyJhbGciOiJIUzI1NiJ9.eyJpIjoiMjU3MDA2OTk0OCIsInMiOiJadl96SGpPNzhSR0N3Nmt1VERySmxnIn0.7MrhuK4uBVnCfcWuVNs8mZb4JRCq1GzWqM5nOJBbwAQ,Data Analyst- Marketing,https://www.adzuna.in/details/2570069948?utm_medium=api&utm_source=7a21a92b,full_time,2570069948,Adzuna::API::Response::Company,Unnati,Adzuna::API::Response::Location,"Delhi, India","['India', 'Delhi']",Adzuna::API::Response::Category,pr-advertising-marketing-jobs,"PR, Advertising & Marketing Jobs",28.62523,77.224601,,0.0,1500000.0,2026-09-28
Adzuna::API::Response::Job,2026-04-26T02:01:30Z,"About Hevo: Hevo ( www.hevodata.com ) is a simple, intuitive, and powerful No-code Data Pipeline platform that enables companies to consolidate data from multiple software for faster analytics. Hevo powers data analytics for 2000 data-driven companies across multiple industry verticals, including Cult.fit, Postman, ThoughtSpot, Jawa Motorcycles. By automating complex data integration tasks, Hevo allows data teams to focus on deriving groundbreaking insights and driving their businesses forward.…",0,eyJhbGciOiJIUzI1NiJ9.eyJpIjoiNTcxMDQ5NzQ1NiIsInMiOiJadl96SGpPNzhSR0N3Nmt1VERySmxnIn0.wGZDYgHK82MmE0wuA2KX8S0tmM0A8MHz4q8LPa-fCDk,Senior Data Analyst,https://www.adzuna.in/details/5710497456?utm_medium=api&utm_source=7a21a92b,full_time,5710497456,Adzuna::API::Response::Company,Hevo Data,Adzuna::API::Response::Location,"Bangalore, Karnataka","['India', 'Karnataka', 'Bangalore']",Adzuna::API::Response::Category,it-jobs,IT Jobs,,,,,,2026-09-28
Adzuna::API::Response::Job,2026-09-06T21:24:43Z,"About Tekion: Positively disrupting an industry that has not seen any innovation in over 50 years, Tekion has challenged the paradigm with the first and fastest cloud-native automotive platform that includes the revolutionary Automotive Retail Cloud (ARC) for retailers, Automotive Enterprise Cloud (AEC) for manufacturers and other large automotive enterprises and Automotive Partner Cloud (APC) for technology and industry partners. Tekion connects the entire spectrum of the automotive retail eco…",0,eyJhbGciOiJIUzI1NiJ9.eyJzIjoiWnZfekhqTzc4UkdDdzZrdVREckpsZyIsImkiOiI1ODczMjA0MTcxIn0.V4GTVr7QGcPikXr02sG9yO1B0C4363yyJ6f96JrCx-o,CDP - Data Analyst,https://www.adzuna.in/details/5873204171?utm_medium=api&utm_source=7a21a92b,full_time,5873204171,Adzuna::API::Response::Company,Tekion,Adzuna::API::Response::Location,India,['India'],Adzuna::API::Response::Category,it-jobs,IT Jobs,,,,,,2026-09-28
Adzuna::API::Response::Job,2026-05-13T02:14:33Z,"Job Description: The Business and Data Analyst is required to work closely with business stakeholders, project managers and users converting business requirements into technology solutions, overseeing their documentation and deployment, create intelligent designs for reports and dashboard based on analysis of data. The responsibilities include: • Elicits, analyses, specifies, and validates the business needs of stakeholders, (Customers and/or end users). • Collaborates with project sponsors to …",0,eyJhbGciOiJIUzI1NiJ9.eyJzIjoiWnZfekhqTzc4UkdDdzZrdVREckpsZyIsImkiOiI1NzI3MjUyMjMzIn0.G4mna2b2hsVfVqCK4pI8wZoLh1g6taVaqum3vcmpFoQ,Business and Data Analyst,https://www.adzuna.in/details/5727252233?utm_medium=api&utm_source=7a21a92b,full_time,5727252233,Adzuna::API::Response::Company,Acura Solution,Adzuna::API::Response::Location,"Kanpur, Kanpur Dehat","['India', 'Uttar Pradesh', 'Kanpur Dehat', 'Kanpur']",Adzuna::API::Response::Category,it-jobs,IT Jobs,26.4645,80.32165,,,,2026-09-28
Adzuna::API::Response::Job,2026-09-26T16:20:50Z,"Role Overview We are seeking a skilled Senior Data Analyst with substantial hands-on experience in Source System Analysis, data mapping, data modeling, SQL analysis, and integration testing. The ideal candidate will support seamless data flow across business applications, ensure data accuracy, and contribute to system improvements. Key Responsibilities Conduct detailed data mapping between source and target systems, ensuring consistency and accuracy. Build and maintain data models to support bu…",0,eyJhbGciOiJIUzI1NiJ9.eyJzIjoiWnZfekhqTzc4UkdDdzZrdVREckpsZyIsImkiOiI1ODk5NTU1Njg4In0.fb1EunlcWzZjOHMTlyz9D6vslQ2Q4tlzw-SYw68krZg,Senior Data Analyst,https://www.adzuna.in/details/5899555688?utm_medium=api&utm_source=7a21a92b,full_time,5899555688,Adzuna::API::Response::Company,QuaXigma IT solutions Private Limited,Adzuna::API::Response::Location,"Andhra Pradesh, India","['India', 'Andhra Pradesh']",Adzuna::API::Response::Category,it-jobs,IT Jobs,,,,700000.0,2500000.0,2026-09-28
Adzuna::API::Response::Job,2021-02-04T03:40:40Z,"Job Title - Senior Financial Data Analyst. Experience Required - 2 - 4 years. Job Location - Gurugram (Haryana). Salary Offered - As per industry standard. Selection process - Aptitude test followed by F2F interview and Final HR interview Qualification - MBA Finance Shift - Night Shift About Nirvana Nirvana Solutions is a financial technology & services provider that delivers integrated and modular front, middle and back office solutions to a wide array of financial firms, including hedge funds…",0,eyJhbGciOiJIUzI1NiJ9.eyJzIjoiWnZfekhqTzc4UkdDdzZrdVREckpsZyIsImkiOjE5NzAyNzM1NzZ9.9EdSC-Z-yLk2WPx2ccjuos6f2ukgnirdcsGWvkHx_f0,Financial Data Analyst,https://www.adzuna.in/details/1970273576?utm_medium=api&utm_source=7a21a92b,full_time,1970273576,Adzuna::API::Response::Company,Nirvana Solutions,Adzuna::API::Response::Location,India,['India'],Adzuna::API::Response::Category,accounting-finance-jobs,Accounting & Finance Jobs,,,,0.0,300000.0,2026-09-28
Adzuna::API::Response::Job,2026-07-12T03:21:23Z,"We are building a team of trailblazers, who embody growth, impact, and excellence. Job Description As a Reliability Data Analyst, you will execute intermediate to advance level task work for engineering projects across multiple areas of reliability data gathering, organizing, analyzing, and strategizing. Job Duties Solve complex reliability problems using professional judgment to ensure tasks include the appropriate level of assessment, analysis, and evaluation while following best practices an…",0,eyJhbGciOiJIUzI1NiJ9.eyJpIjoiNTc5NzM2MzYxMCIsInMiOiJadl96SGpPNzhSR0N3Nmt1VERySmxnIn0.PIUE2qS7f6MBUzVoaqBshoFLDey-VjCEbNwbfgzgM9A,Reliability Data Analyst,https://www.adzuna.in/details/5797363610?utm_medium=api&utm_source=7a21a92b,full_time,5797363610,Adzuna::API::Response::Company,Pinnacle Reliability India,Adzuna::API::Response::Location,India,['India'],Adzuna::API::Response::Category,engineering-jobs,Engineering Jobs,,,,,,2026-09-28
Adzuna::API::Response::Job,2026-09-09T16:12:39Z,"Data Analyst (Acquisition) Affiliate, CRM, Web, Marketing About Tangem Tangem is a high-tech company in the blockchain sector, founded in 2017, headquartered in Zug, Switzerland, with branches in North America, Eastern Europe, and APAC. We bring digital assets to the masses through a smartcard-based hardware wallet and mobile apps: secure, simple UX in 220 countries, setup in under a minute, and multi-support for thousands of tokens in one wallet. SBI Crypto Investment Ltd. (wholly owned by SBI…",0,eyJhbGciOiJIUzI1NiJ9.eyJzIjoiWnZfekhqTzc4UkdDdzZrdVREckpsZyIsImkiOiI1ODc2OTQ3ODkzIn0.2-S8vRMbAFT3YiaFVorLA1DTRWI_x_WQTrZYGPpmmd8,Data Analyst Acquisition,https://www.adzuna.in/details/5876947893?utm_medium=api&utm_source=7a21a92b,full_time,5876947893,Adzuna::API::Response::Company,Tangem,Adzuna::API::Response::Location,India,['India'],Adzuna::API::Response::Category,pr-advertising-marketing-jobs,"PR, Advertising & Marketing Jobs",,,permanent,,,2026-09-28
Adzuna::API::Response::Job,2026-09-11T11:12:21Z,"Company Description Tradeweb is a global leader in electronic trading across asset classes. As financial markets become increasingly interconnected, our technology enables efficient, multi-asset trading on a global scale. We serve more than 3,000 clients in more than 85 countries, including many of the world's largest banks, asset managers, hedge funds, insurers, corporations, and wealth managers. Creative collaboration and sharp client focus have helped fuel our organic growth. We facilitated …",0,eyJhbGciOiJIUzI1NiJ9.eyJzIjoiWnZfekhqTzc4UkdDdzZrdVREckpsZyIsImkiOiI1ODc5MzY4ODE3In0.mEjvNmmv7EDRwDwRoaFygy0Vu2G3NnfqJdARzb4kZgA,Environmental Data Analyst,https://www.adzuna.in/details/5879368817?utm_medium=api&utm_source=7a21a92b,,5879368817,Adzuna::API::Response::Company,Tradeweb,Adzuna::API::Response::Location,"Bangalore, Karnataka","['India', 'Karnataka', 'Bangalore']",Adzuna::API::Response::Category,accounting-finance-jobs,Accounting & Finance Jobs,12.95703,77.59837,,,,2026-09-28
Adzuna::API::Response::Job,2026-09-11T21:11:34Z,"Description Company Description Tradeweb is a global leader in electronic trading across asset classes. As financial markets become increasingly interconnected, our technology enables efficient, multi-asset trading on a global scale. We serve more than 3,000 clients in more than 85 countries, including many of the world’s largest banks, asset managers, hedge funds, insurers, corporations, and wealth managers. Creative collaboration and sharp client focus have helped fuel our organic growth. We …",0,eyJhbGciOiJIUzI1NiJ9.eyJzIjoiWnZfekhqTzc4UkdDdzZrdVREckpsZyIsImkiOiI1ODc5ODc0MjEyIn0.kzRM-y1wf9N1oHGLoUuJ7ROU3xAbaNNczOGXyv16zKk,Environmental Data Analyst,https://www.adzuna.in/details/5879874212?utm_medium=api&utm_source=7a21a92b,,5879874212,Adzuna::API::Response::Company,Tradeweb Markets,Adzuna::API::Response::Location,"Bangalore, Karnataka","['India', 'Karnataka', 'Bangalore']",Adzuna::API::Response::Category,accounting-finance-jobs,Accounting & Finance Jobs,12.95703,77.59837,,,,2026-09-28
Adzuna::API::Response::Job,2026-07-28T20:48:18Z,"About the Company: Netomi is the leading agentic AI platform for enterprise customer experience. We work with the largest global brands like Delta Airlines, MetLife, United, and others to enable agentic automation at scale across the entire customer journey. Our no-code platform delivers the fastest time to market, lowest total cost of ownership, and simple, scalable management of AI agents for any CX use case. Backed by WndrCo, Y Combinator, and Index Ventures, we help enterprises drive effici…",0,eyJhbGciOiJIUzI1NiJ9.eyJzIjoiWnZfekhqTzc4UkdDdzZrdVREckpsZyIsImkiOiI1ODE4NDE4NTgyIn0.X9bXRgN3mru6HP1sJ4Y4UyLRsFklcEcr1sDp1nwRWZY,Senior Data Analyst,https://www.adzuna.in/details/5818418582?utm_medium=api&utm_source=7a21a92b,full_time,5818418582,Adzuna::API::Response::Company,Netomi,Adzuna::API::Response::Location,India,['India'],Adzuna::API::Response::Category,it-jobs,IT Jobs,,,,,,2026-09-28
Adzuna::API::Response::Job,2026-09-12T21:24:56Z,"Description The Data Analyst will focus on advanced analytics, predictive modeling, and scalable BI development to support Sales leadership with forward-looking insights. This role is responsible for building and maintaining predictive, repeatable reporting frameworks across forecasting, top-of-funnel performance, and core sales KPIs. Advanced Analytics & Predictive Modeling Design and maintain predictive models to support revenue forecasting, pipeline movement, deal progression, and funnel con…",0,eyJhbGciOiJIUzI1NiJ9.eyJpIjoiNTg4MTE0MTM0MCIsInMiOiJadl96SGpPNzhSR0N3Nmt1VERySmxnIn0.RyHHtBISyURtc4o59lpMWjdHjIVVKmYT3PBmsegxwMM,Senior Data Analyst,https://www.adzuna.in/details/5881141340?utm_medium=api&utm_source=7a21a92b,full_time,5881141340,Adzuna::API::Response::Company,Fortive,Adzuna::API::Response::Location,India,['India'],Adzuna::API::Response::Category,it-jobs,IT Jobs,,,,,,2026-09-28
Adzuna::API::Response::Job,2026-09-25T21:26:20Z,"JLL empowers you to shape a brighter way . Our people at JLL are shaping the future of real estate for a better world by combining world class services, advisory and technology for our clients. We are committed to hiring the best, most talented people and empowering them to thrive, grow meaningful careers and to find a place where they belong. Whether you’ve got deep experience in commercial real estate, skilled trades or technology, or you’re looking to apply your relevant experience to a new …",0,eyJhbGciOiJIUzI1NiJ9.eyJzIjoiWnZfekhqTzc4UkdDdzZrdVREckpsZyIsImkiOiI1ODk4NDk4ODA5In0.YmfRjTeMLDJII7ClIh0_4iEwnwBsxgUQXUVXl2lCfmo,Senior Data Analyst,https://www.adzuna.in/details/5898498809?utm_medium=api&utm_source=7a21a92b,full_time,5898498809,Adzuna::API::Response::Company,JLL,Adzuna::API::Response::Location,India,['India'],Adzuna::API::Response::Category,it-jobs,IT Jobs,,,,,,2026-09-28
Adzuna::API::Response::Job,2026-09-24T16:14:48Z,"DRW is a diversified trading firm with over 3 decades of experience bringing sophisticated technology and exceptional people together to operate in markets around the world. We value autonomy and the ability to quickly pivot to capture opportunities, so we operate using our own capital and trading at our own risk. Headquartered in Chicago with offices throughout the U.S., Canada, Europe, and Asia, we trade a variety of asset classes including Fixed Income, ETFs, Equities, FX, Commodities and En…",0,eyJhbGciOiJIUzI1NiJ9.eyJzIjoiWnZfekhqTzc4UkdDdzZrdVREckpsZyIsImkiOiI1ODk2NjQ2NTY4In0.pXL3WLS3MOBtr-lPHOjuy9NdCofiHQucLBqVeSSpA10,"Data Analyst, Exploration",https://www.adzuna.in/details/5896646568?utm_medium=api&utm_source=7a21a92b,full_time,5896646568,Adzuna::API::Response::Company,DRW,Adzuna::API::Response::Location,India,['India'],Adzuna::API::Response::Category,it-jobs,IT Jobs,,,permanent,,,2026-09-28
Adzuna::API::Response::Job,2022-01-30T04:34:32Z,"We are looking for a Senior Data Analyst who will support our product, sales, leadership, and marketing teams with data collection and organization of data in order to draw conclusions, make predictions, and drive informed decision making. The ideal candidate is adept at using large data sets to find opportunities for product and marketing optimization and using data models to test the effectiveness of different courses of action. Not just that, you also understand how to clean and organize dat…",0,eyJhbGciOiJIUzI1NiJ9.eyJpIjoiMjg1MzkyODI4MyIsInMiOiJadl96SGpPNzhSR0N3Nmt1VERySmxnIn0.NDwQCAxqMVL8NQYpv5OghDCzHynKy_OnBvdSRBZ__eg,Sr. Data Analyst,https://www.adzuna.in/details/2853928283?utm_medium=api&utm_source=7a21a92b,full_time,2853928283,Adzuna::API::Response::Company,Multi Recruit,Adzuna::API::Response::Location,"Bangalore, Karnataka","['India', 'Karnataka', 'Bangalore']",Adzuna::API::Response::Category,it-jobs,IT Jobs,,,,2500000.0,3000000.0,2026-09-28
Adzuna::API::Response::Job,2026-01-25T01:31:13Z,"About the Role: Parker’s mission is simple but ambitious: to increase the number of financially independent people. We believe the best way to achieve this is by equipping independent business owners with the financial tools they need to scale profitably. Our core product combines a virtual corporate card with profitability-focused financial software , empowering eCommerce merchants to grow faster while maintaining control of their margins. We’ve raised over $180M in equity and debt from world-…",0,eyJhbGciOiJIUzI1NiJ9.eyJzIjoiWnZfekhqTzc4UkdDdzZrdVREckpsZyIsImkiOiI1NTk5MjQ5OTMyIn0.9mgHeN64tkq48UAK0RWN8b19ot_z_dP0wFH63a9s6fY,Data Analyst I,https://www.adzuna.in/details/5599249932?utm_medium=api&utm_source=7a21a92b,full_time,5599249932,Adzuna::API::Response::Company,Parker Group,Adzuna::API::Response::Location,India,['India'],Adzuna::API::Response::Category,it-jobs,IT Jobs,,,,22000.0,36000.0,2026-09-28
Adzuna::API::Response::Job,2026-08-19T21:10:33Z,"Description Company Description Tradeweb is a global leader in electronic trading across asset classes. As financial markets become increasingly interconnected, our technology enables efficient, multi-asset trading on a global scale. We serve more than 3,000 clients in more than 85 countries, including many of the world’s largest banks, asset managers, hedge funds, insurers, corporations, and wealth managers. Creative collaboration and sharp client focus have helped fuel our organic growth. We …",0,eyJhbGciOiJIUzI1NiJ9.eyJzIjoiWnZfekhqTzc4UkdDdzZrdVREckpsZyIsImkiOiI1ODQ4NDM2ODgyIn0.EuEUg1FTweNVmly8mvD2bfx222ofI6ENs_llFAu0C2w,RegTech Data Analyst,https://www.adzuna.in/details/5848436882?utm_medium=api&utm_source=7a21a92b,full_time,5848436882,Adzuna::API::Response::Company,Tradeweb Markets,Adzuna::API::Response::Location,"Bangalore, Karnataka","['India', 'Karnataka', 'Bangalore']",Adzuna::API::Response::Category,it-jobs,IT Jobs,12.95703,77.59837,,,,2026-09-28
Adzuna::API::Response::Job,2026-08-19T11:12:35Z,"Company Description Tradeweb is a global leader in electronic trading across asset classes. As financial markets become increasingly interconnected, our technology enables efficient, multi-asset trading on a global scale. We serve more than 3,000 clients in more than 85 countries, including many of the world's largest banks, asset managers, hedge funds, insurers, corporations, and wealth managers. Creative collaboration and sharp client focus have helped fuel our organic growth. We facilitated …",0,eyJhbGciOiJIUzI1NiJ9.eyJzIjoiWnZfekhqTzc4UkdDdzZrdVREckpsZyIsImkiOiI1ODQ3ODU0MTgwIn0.Z40PzpMVfeQAZJdHZ6e0CyudJTNn47x8Xp3-PlMgWPo,RegTech Data Analyst,https://www.adzuna.in/details/5847854180?utm_medium=api&utm_source=7a21a92b,,5847854180,Adzuna::API::Response::Company,Tradeweb,Adzuna::API::Response::Location,"Bangalore, Karnataka","['India', 'Karnataka', 'Bangalore']",Adzuna::API::Response::Category,it-jobs,IT Jobs,12.95703,77.59837,,,,2026-09-28
Adzuna::API::Response::Job,2026-09-17T21:50:05Z,"Description KLDiscovery, a leading global provider of electronic discovery, information governance and data recovery services, is currently seeking a Hosting Data Analyst/Litigation Support Analyst. The candidate will have experience using E-Discovery tools, Microsoft Office, specifically Microsoft Excel. This position does not require any license or certification in order to be considered Remote, work from home opportunity. Responsibilities Work as part of a team, candidate will be required to…",0,eyJhbGciOiJIUzI1NiJ9.eyJzIjoiWnZfekhqTzc4UkdDdzZrdVREckpsZyIsImkiOiI1ODg3OTUxNjA0In0.tNF_ceeWsLUNDRFQNdeK9H23SDsvo9Mhl27wh2FyYlw,Litigation Data Analyst,https://www.adzuna.in/details/5887951604?utm_medium=api&utm_source=7a21a92b,full_time,5887951604,Adzuna::API::Response::Company,KLDiscovery,Adzuna::API::Response::Location,India,['India'],Adzuna::API::Response::Category,it-jobs,IT Jobs,,,,,,2026-09-28
Adzuna::API::Response::Job,2026-05-11T02:23:40Z,"Greif is a global leader in performance packaging located in 40 countries. The company delivers trusted, innovative, and tailored solutions that support some of the world's most in demand and fastest-growing industries. With a commitment to legendary customer service, operational excellence, and global sustainability, Greif packages life's essentials - and creates lasting value for its colleagues, customers, and other stakeholders. Learn more about the company's Customized Polymer , Sustainable…",0,eyJhbGciOiJIUzI1NiJ9.eyJzIjoiWnZfekhqTzc4UkdDdzZrdVREckpsZyIsImkiOiI1NzI1MzcxNzQ1In0.TdlFPKufn6fkgepFlmZueMf7uBL4vD4i__Wka_bbaGY,ERP Data Analyst,https://www.adzuna.in/details/5725371745?utm_medium=api&utm_source=7a21a92b,full_time,5725371745,Adzuna::API::Response::Company,Greif,Adzuna::API::Response::Location,India,['India'],Adzuna::API::Response::Category,it-jobs,IT Jobs,,,,,,2026-09-28
Adzuna::API::Response::Job,2026-08-31T20:57:07Z,"About Ethos Ethos is a leading life insurance technology company on a mission to protect families by democratizing access to life insurance and empowering agents at scale. With its robust three-sided technology platform, Ethos is transforming the life insurance experience for consumers, agents, and carriers alike. Ethos offers instant, accessible products and a seamless online process that requires no medical exams and just a few health questions; it eliminates traditional barriers, making it e…",0,eyJhbGciOiJIUzI1NiJ9.eyJpIjoiNTg2Mjk4ODkxMiIsInMiOiJadl96SGpPNzhSR0N3Nmt1VERySmxnIn0.40wp5P4NSvXjhV6cmRuGVJhQcLnYH8noZ3K4dbp6gQQ,Principal Data Analyst,https://www.adzuna.in/details/5862988912?utm_medium=api&utm_source=7a21a92b,,5862988912,Adzuna::API::Response::Company,Ethos Life,Adzuna::API::Response::Location,"Bangalore, Karnataka","['India', 'Karnataka', 'Bangalore']",Adzuna::API::Response::Category,it-jobs,IT Jobs,12.95703,77.59837,,,,2026-09-28
Adzuna::API::Response::Job,2026-09-23T21:52:40Z,"Senior Data Analysts at Thoughtworks collect, process and analyze large datasets to provide valuable insights and support informed decision-making for our clients. They are responsible for the strategy, implementation, productionization and articulation of business impact. They collaborate with cross-functional teams and communicate findings to both technical and non-technical stakeholders. They stay up-to-date with industry advancements, ensure data quality and security, and actively mentor ot…",0,eyJhbGciOiJIUzI1NiJ9.eyJpIjoiNTg5NTM5NjY0MiIsInMiOiJadl96SGpPNzhSR0N3Nmt1VERySmxnIn0.Ft5I2rlILI4JVvG_AXxbHU3OUFRuGJXL4i_-N7afFPg,Senior Data Analyst,https://www.adzuna.in/details/5895396642?utm_medium=api&utm_source=7a21a92b,,5895396642,Adzuna::API::Response::Company,Thoughtworks,Adzuna::API::Response::Location,"Bangalore, Karnataka","['India', 'Karnataka', 'Bangalore']",Adzuna::API::Response::Category,it-jobs,IT Jobs,12.95703,77.59837,,,,2026-09-28
Adzuna::API::Response::Job,2026-09-27T11:17:00Z,"Requisition number: 2390103 Job category: Business & Data Analytics Optum is a global organization that delivers care, aided by technology to help millions of people live healthier lives. The work you do with our team will directly improve health outcomes by connecting people with the care, pharmacy benefits, data and resources they need to feel their best. Here, you will find a culture guided by inclusion, talented peers, comprehensive benefits and career development opportunities. Come make a…",0,eyJhbGciOiJIUzI1NiJ9.eyJzIjoiWnZfekhqTzc4UkdDdzZrdVREckpsZyIsImkiOiI1OTAwMzU3MDExIn0.yWy5gANj-unwZpuQ7uds2wnCDE9FWH0IOjt5YWfv508,Senior Data Analyst,https://www.adzuna.in/details/5900357011?utm_medium=api&utm_source=7a21a92b,,5900357011,Adzuna::API::Response::Company,UnitedHealth Group,Adzuna::API::Response::Location,"Hyderabad, Telangana","['India', 'Telangana', 'Hyderabad']",Adzuna::API::Response::Category,healthcare-nursing-jobs,Healthcare & Nursing Jobs,17.40275,78.50806,,,,2026-09-28
Adzuna::API::Response::Job,2026-08-22T20:41:03Z,"Company Introduction We exist to wow our customers. We know we’re doing the right thing when we hear our customers say, “How did we ever live without Coupang?” Born out of an obsession to make shopping, eating, and living easier than ever, we’re collectively disrupting the multi-billion-dollar e-commerce industry from the ground up. We are one of the fastest-growing e-commerce companies that established an unparalleled reputation for being a dominant and reliable force in South Korean commerce.…",0,eyJhbGciOiJIUzI1NiJ9.eyJzIjoiWnZfekhqTzc4UkdDdzZrdVREckpsZyIsImkiOiI1ODUyNTY1MjQ4In0.cJDRXUssfS_bErM58B0X8RVosnp37Gb8O9q7OwR6Tyg,Staff Data Analyst,https://www.adzuna.in/details/5852565248?utm_medium=api&utm_source=7a21a92b,full_time,5852565248,Adzuna::API::Response::Company,Coupang,Adzuna::API::Response::Location,"Bangalore, Karnataka","['India', 'Karnataka', 'Bangalore']",Adzuna::API::Response::Category,it-jobs,IT Jobs,,,,,,2026-09-28
