date_collected,title,company,location,salary_min,salary_max,created,skills_found_str,num_skills,description
2026-09-26,Data Analyst,Taxplan Advisor,India,,,2026-09-25T15:21:43Z,,0,"We’re Hiring: Data Analyst Taxplan Advisor is looking for a skilled Data Analyst to analyze business, financial, customer, and taxation-related data and help drive data-backed decisions. Work Mode: Remote / Freelance/On-site Compensation: ₹90,000 – ₹1,00,000 CTC/month What You’ll Handle: • Analyze business, customer, financial & taxation data • Build dashboards and reports for business performance • Track KPIs, revenue, leads, conversions & customer trends • Analyze tax-related datasets and ide…"
2026-09-26,Data Analyst,Edwagon,"Bangalore, Karnataka",,,2026-09-02T16:44:13Z,,0,"Company Description Edwagon is a growing organization focused on using data-driven insights to improve decision-making and business performance. The company values analytical thinking, collaboration, and continuous learning, and encourages team members to explore innovative approaches to solving complex problems. Edwagon offers opportunities to work with diverse datasets, modern tools, and cross-functional teams. Professionals joining Edwagon can expect a supportive environment that recognizes …"
2026-09-26,Data Analyst,Ignisov Consulting Services,"Bangalore, Karnataka",,,2026-09-09T14:44:26Z,"SQL, Python, Power BI, Tableau, R, Azure, ETL, Looker",8,"Role: Data Analyst Job Type: Full-time (Hybrid) Job Location: Bangalore Experience: 6 years Notice Period: Immediate to 30 Days Job Description: Must have strong experience in the Manufacturing domain. Experience working with SAP and Non-SAP data. Strong knowledge of SQL and Python/R. Experience with Azure Data Factory (ADF) and Databricks. Strong understanding of Data Modelling, ETL, Data Mapping, and Data Quality. Experience with Power BI, Tableau, or Looker. Analyze large and complex dataset…"
2026-09-26,Data Analyst,KRFS,"Karnataka, India",,,2026-09-07T18:37:51Z,,0,"We are looking for a Data Analyst who can collect, analyze, interpret, and visualize business and financial data to support strategic decision-making. The ideal candidate should have strong analytical skills, attention to detail, and the ability to convert complex data into meaningful business insights. Key Responsibilities Collect, clean, validate, and analyze data from multiple sources. Prepare regular and ad-hoc business performance reports. Develop dashboards and data visualizations for man…"
2026-09-26,Data Analyst,Futurlytic Private Limited,"Bangalore, Karnataka",,,2026-09-25T01:51:59Z,,0,"Responsibilities for Data analyst • The candidate must be very good in English, both in verbal and written • She must be from technical background with passion to work as data analyst. • The candidate would be good in researching a technological topic /theme The candidate would be good in building query writing using Boolean operators • The candidate would be good in data validation using social media data sources • Leverage customer verbatim comments to pull in relevant support stories for the…"
2026-09-26,Data Analyst,Pharmanovia,"Mumbai, Maharashtra",,,2026-09-02T16:42:43Z,,0,"Data Analyst - India - Mumbai or Vadodara - Hybrid - 3 days work from office-2 days working from home. About the Company Pharmanovia is a global speciality pharmaceutical company focused on innovative speciality medicines and trusted, established brands. Pharmanovia combines scientific, medical, regulatory, market access, supply chain and commercial expertise to bring medicines to patients. Together, they reflect a business built to meet patient needs today while helping shape better outcomes f…"
2026-09-26,Data Analyst,Nians,India,,,2026-09-01T16:23:20Z,,0,"About the Role We are looking for a detail-oriented and analytical Data Analyst to join our remote team. The ideal candidate will collect, analyze, and interpret data to uncover actionable insights that support business decisions, improve marketing performance, and optimize operational efficiency. You will work closely with cross-functional teams to transform complex data into meaningful reports and recommendations. The Data Analyst will be responsible for collecting, cleaning, and analyzing da…"
2026-09-26,Data Analyst,Indofast Energy,India,,,2026-09-03T16:50:23Z,,0,"About the Role : We are looking for a highly analytical and detail-oriented Data Analyst to join our Business Development Team. The ideal candidate should have strong skills in data handling, statistical analysis, and visualization tools, along with the ability to translate data into meaningful insights. Key Responsibilities : Data Analysis : - Collect, clean, and validate large datasets from multiple sources - Analyze data to identify trends, patterns, and actionable insights - Develop and mai…"
2026-09-26,Data Analyst,Cornerstone OnDemand,"Pune, Maharashtra",,,2026-09-09T10:19:37Z,,0,"This job is with Cornerstone OnDemand, an inclusive employer and a member of myGwork – the largest global platform for the LGBTQ business community. Please do not contact the recruiter directly. Data Analyst - Enterprise Data Management Location: Hyderabad, India About the Role: We are seeking an experienced Data Analyst to join our Enterprise Data Management team , with a core focus on Data Quality, Data Governance, and Master Data Management (MDM). In this role, you will be responsible for an…"
2026-09-26,Data Analyst,JEWELSTAR GROUP,"Mumbai, Maharashtra",,,2026-09-25T15:24:07Z,,0,"Data Analyst & Planner – Job Summary Company: JEWEL STAR GROUP Location: Mumbai (In-Office) Working Hours : US Eastern Time Zone (New York) About the Role: We are looking for an experienced Data Analyst & Planner to analyze business, sales, inventory, customer, marketing, and ecommerce data to support strategic decision-making and business growth. The role involves working closely with cross-functional teams to improve reporting, forecasting, operational efficiency, and overall business perform…"
2026-09-26,Data Analyst,HT Digital Streams,India,,,2026-09-18T17:31:52Z,,0,"Job Description : Data Analyst – Fintech About Mint Money Mint Money (by HT Media Group) is a mobile-first personal finance marketplace. We empower millions of users to track credit health, discover personalized loans, and access credit cards seamlessly through partnerships with leading RBI-registered NBFCs and banks. Role Overview As a Data Analyst , you will optimize user acquisition, credit matching, and disbursal funnels. Operating at the intersection of product, marketing, and risk, your i…"
2026-09-26,Data Analyst,Navneet Education Limited,"Mumbai, Maharashtra",,,2026-09-25T15:21:02Z,,0,"The Data Analyst will be responsible for translating the Group’s data - spanning customer/stakeholder data (Teachers, Schools, Retailers, Distributors, Vendors, Partners) and factory operations data (production, dispatch, inventory, material movement) - into actionable business insights. The role owns dashboard and report development across CRM and ERP systems, surfacing coverage metrics, campaign engagement, operational efficiency, data health scores, and compliance status for SBU heads, plant…"
2026-09-26,Data Analyst,Daice Labs,India,,,2026-09-02T16:42:41Z,Machine Learning,1,"Job Title: Data Analyst Location: India (Remote) Employment Type: Full-time About Daice Labs Daice Labs is an AI research and product company founded by MIT CSAIL scientists, headquartered in Brookline, MA. The company develops hybrid AI systems that integrate neurosymbolic methods with machine learning to build auditable, adaptive, and governable AI. Daice Labs operates two integrated divisions: a research lab focused on hybrid AI architectures, and Cofabric, a governed AI execution platform f…"
2026-09-26,Data Analyst,Tata Consultancy Services,India,,,2026-09-25T15:24:02Z,"SQL, Oracle",2,"We are hiring for a DATA ANALYST with the skillsets of Oracle pl/sql, unix. JD: Analyze large volumes of data and generate meaningful business insights. Develop, optimize, and maintain complex Oracle SQL/PLSQL queries, procedures, packages, and functions. Perform data extraction, validation, reconciliation, and quality analysis. Utilize Unix/Linux commands and shell scripting for data processing and automation. Investigate data issues, perform root cause analysis, and provide resolutions. Creat…"
2026-09-26,Data Analyst,Drave Digitals Recruitment Services,India,,,2026-09-21T17:39:06Z,,0,"We are hiring Data Analyst Freshers on behalf of our client companies. The selected candidates will work with business and operations teams to collect, organize, analyze, and interpret data to support business decision-making. This is an excellent opportunity for freshers looking to start their career in Data Analytics, Business Intelligence, and Data-driven Operations. Key Responsibilities Collect, clean, validate, and organize data from different sources. Analyze datasets to identify trends, …"
2026-09-26,Data Analyst,HTC Global Services,"Hyderabad, Telangana",,,2026-09-14T17:17:47Z,SQL,1,"We are seeking a highly skilled and detail-oriented Senior Data Analyst / Data Governance Specialist with 7 years of experience to drive data-driven decision-making and ensure robust data governance practices. The ideal candidate will have strong expertise in data analysis, SQL, data modeling, and governance frameworks , along with the ability to translate business requirements into actionable insights. Key Responsibilities Data Analysis & Insights Analyze large volumes of structured and unstru…"
2026-09-26,Data Analyst,QWR,India,,,2026-09-25T15:21:03Z,,0,"Job title: Data Analyst Location: Pune, Maharashtra, India · On-site · Full-time · Mid-Senior level QWR Interactive Solutions designs and manufactures head-worn computing devices. We have shipped over 50,000 devices across 17 countries. We also build HUMBL, a voice-native AI app. About the role We are looking for a data analyst with 2 to 4 years of experience turning operational data into decisions, ideally in a hardware, manufacturing, consumer product or technology environment. Our data sits …"
2026-09-26,Data Analyst,Credit Saison India,"Bangalore, Karnataka",,,2026-09-18T23:23:08Z,,0,"Data Analyst About Credit Saison India Established in 2019, Credit Saison India (CS India) is one of the country’s fastest-growing Non-Bank Financial Company (NBFC) lenders, with verticals in wholesale, direct lending and tech-enabled partnerships with Non-Bank Financial Companies (NBFCs) and fintech's with a vision to unlock India’s financial potential. Combining our tech-enabled model with underwriting capability has allowed us to lending at scale to meet India’s huge gap for credit, especial…"
2026-09-26,Data Analyst,EaseMyTrip.com,India,,,2026-09-03T16:48:56Z,,0,"About the Role As a Data Analyst at EaseMyTrip.com, you will be crucial in analyzing travel data to drive business insights and decisions. Your role involves harnessing large sets of data to identify trends, forecast demand, and optimize our services to enhance customer satisfaction. You will collaborate closely with various departments, including marketing, sales, and customer service, to support our mission of delivering exceptional travel experiences. This position is key to driving data-dri…"
2026-09-26,Data Analyst,Celestica,India,,,2026-09-18T17:29:26Z,,0,"Summary The AI Data Analyst will design, develop, document, and maintain data pipelines and architectures, workingclosely with IT, Data Engineering, and Data Science teams to deliver artificial intelligence and machine learningsolutions. Provide technical support on selected AI systems (for example, Generative AI applications, agenticworkflows, and internal data integration tools) and participate in enterprise IT and AI projects. Detailed Description Performs tasks such as, but not limited to, …"
2026-09-26,Data Analyst,Navi,India,,,2026-09-09T14:45:05Z,,0,"About the Team The Analytics team at Navi plays a pivotal role in driving data-informed decision-making across the organization. We work closely with all business functions to generate insights, build visibility, and validate hypotheses that shape strategy and execution. Our work spans five key verticals: Business and Product Analytics, Credit & Credit Risk Analytics, Collections & Biz-fin Analytics, Self-Serve and Automation. About the Role Data analyst is a key role within the Navi central an…"
2026-09-26,Data Analyst,CirrusLabs,"Bangalore, Karnataka",,,2026-09-25T15:23:18Z,,0,"Job Summary With the extreme growth rate of our company, teams, and customer base, we are looking for a Data Analyst to help our Business Intelligence team keep up with the needs of the business by providing data and reports to our various functional areas in a timely manner. As part of this team, you’ll work with your team members, our Data Architect, as well as stakeholders throughout the company to build and maintain new reports and dashboards in PowerBI and Salesforce , providing better acc…"
2026-09-26,Data Analyst,Straive,India,,,2026-09-01T16:20:52Z,,0,"Job Description: This is an individual-contributor role within the Content Strategy team in Norstella Content Operations, reporting to the Director, Analytics & Insights (Clinical RWD/RWE Solutions). It is a hands-on technical role that turns approved clinical specifications and business rules into robust, scalable, production-grade RWD pipelines and analytical outputs. Clinical qualification is not required; deep technical fluency in real-world data engineering and analytics is. The role is UK…"
2026-09-26,Data Analyst,Mobily Infotech,India,,,2026-09-22T17:39:57Z,,0,Role tasks & responsibilities: Assist in monthly Sales target distribution reports Produce Sales Channel Profitability and Shops P&L Reports Analyze large Data sets to identify growth potentiality of the Sales channel Produce monthly Sales Opex performance and Budget Control report Support in Forecasting Gross Adds and Sales Cost report Skillset & Competences needed for the role: Analytical thinking Problem solving skills Communication and Relationship-building Project Management Main Technical…
2026-09-26,Data Analyst,Mobily Infotech,India,,,2026-09-02T16:42:44Z,,0,"Job Purpose To support the design, calculation, validation, control, and payment of sales incentives, commissions, and performance-based rewards across Consumer Sales channels. The role is responsible for KPI monitoring, commission accuracy, scheme compliance, reporting, financial controls, and coordination with stakeholders to ensure timely and accurate incentive processing. Experience 2-5 years of experience in sales operations, incentive management, commission administration, finance, or per…"
2026-09-26,Data Analyst,Lonza,"Hyderabad, Telangana",,,2026-09-11T17:16:32Z,,0,"This is going to be a contractual role for 1 year  1 year (Extendable) Preferred: Immediate joiners or currently serving notice with less than 20 days Location: Hyderabad (located in Hyderabad only) About the Role Are you a data professional who bridges the gap between complex coding and real-world business strategy? Do you know how to extract messy corporate data, build predictive algorithms, and turn those models into beautiful, executive-ready dashboards? Lonza is seeking a Manager, Supply C…"
2026-09-26,Data Analyst,airtel,India,,,2026-09-16T17:24:14Z,,0,"Key Responsibilities 1. Business Problem Solving & Analytics Partner closely with cross-functional teams across Business, Product, Technology, Operations, Risk, and other functions to identify and define high-impact business problems. Translate ambiguous business requirements into structured analytical problem statements and actionable hypotheses. Independently identify relevant data sources, define analytical logic, and build robust solutions. Generate actionable insights that influence busine…"
2026-09-26,Data analyst,Live Connections,"Chennai, Tamil Nadu",,,2026-09-18T17:30:22Z,"SQL, Python, Power BI, Tableau, R",5,3 to 8 years of relevant experience in Data Analytics BI Data Engineering or Data Science Advanced SQL including complex joins CTEs window functions and query performance optimization Hands on proficiency in at least one BI or visualization tool such as Power BI Tableau or Qlik Strong stakeholder management skills and proven ability to work with business teams to shape analytical solutions Python or equivalent scripting such as R or PySpark for data manipulation automation or analysis Good to H…
2026-09-26,Data Analyst,Innodata Inc.,"Noida, Ghaziabad",,,2026-09-15T17:26:47Z,"SQL, Python, Power BI, Tableau, Data Visualization",5,"Required Skills: Strong proficiency in Python for data analysis. Strong knowledge of SQL , including joins, subqueries, CTEs, window functions, and aggregations. Hands-on experience with Tableau or Power BI for dashboard development and data visualization. Good understanding of data cleaning, transformation, and exploratory data analysis. Strong analytical and problem-solving skills. Ability to work with large datasets and derive meaningful insights. Good understanding of data visualization pri…"
2026-09-26,Data Analyst,Midtown Software,"Chandigarh, India",,,2026-09-01T16:22:33Z,,0,"The ideal candidate will use their passion for big data and analytics to provide insights to the business covering a range of topics. The main field of Analysis will be the data on NatGasHub.com and the Energy Industry of the US and Canada. Timings-9:00 am to 6:00 pm Direct exposure to working with U.S. and Canadian clients. Responsibilities Understand the day-to-day issues that our business faces, which can be better understood with data Coordinate with the team to complete tasks Making sure t…"
2026-09-26,Data Analyst - Data Governance,HDFC Bank,"Mumbai, Maharashtra",,,2026-09-08T18:41:09Z,,0,"Job Purpose Experience: 5 to 11 years of experience. The purpose of the role is to ensure that the discipline of Data Governance is driven throughout the Bank. The person will be responsible for developing data artifacts, monitoring and reporting on the Bank’s data related policies, standards, practices, processes and ensure adherence to the same. JR Monitoring of Data Management/Governance Policies, Procedures, Processes, Standards and Control Providing inputs and recommendation on Data practi…"
2026-09-26,Data Analyst Trainer,Techchampp technologies,"Vijayawada, Krishna",,,2026-09-03T16:48:18Z,"SQL, Excel, Power BI, Tableau",4," WE’RE HIRING | DATA ANALYST TRAINER  We are looking for an experienced and passionate Data Analyst Trainer to join our team in Vijayawada .  Experience: More than 5 years  Position: Data Analyst Trainer  Location: Vijayawada  Joining: Immediate  What We’re Looking For: ✅ 5 years of experience in Data Analytics ✅ Strong expertise in Excel, SQL, Power BI/Tableau ✅ Knowledge of Data Cleaning, Transformation & Statistical Analysis ✅ Excellent communication and presentation skills ✅ Strong training…"
2026-09-26,Sr. Data Analyst,Prudent Insurance Brokers Pvt Ltd.,India,,,2026-09-04T16:58:16Z,,0,"Recognized as: Great Place to Work – 2024 and 2025 - This achievement reflects our unwavering commitment to a workplace where innovation, collaboration, and success go hand in hand; thanks to each Prudent family member for being the driving force behind our success. One of ’       ! This honour reflects our unwavering commitment to fostering a culture where every woman can thrive and shine, and every voice is heard. Together, we’re building a future of , , and  for all team members Job title Da…"
2026-09-26,Senior Data Analyst,"Aspire, Jordan",India,,,2026-09-09T01:02:37Z,SQL,1,"Data Analyst About the Role We are looking for a Data Analyst with strong SQL, dashboarding, and business analysis skills to transform business questions into clear, actionable analytical outputs. The ideal candidate will be comfortable working across business and technical teams, translating requirements into structured analysis, building dashboards and reports, and maintaining clear documentation around business metrics, definitions, and data logic. Key Responsibilities Analyze data using SQL…"
2026-09-26,Snowflake Data Analyst,Tata Consultancy Services,"Bangalore, Karnataka",,,2026-09-20T17:36:20Z,"SQL, Snowflake",2,"Snowflake Data Analyst  Location: Bangalore / Chennai  Experience: 6-10 Years We are looking for an experienced Snowflake Data Analyst with strong expertise in data analysis, data warehousing, and cloud-based data platforms. The ideal candidate should have hands-on experience working with Snowflake, SQL, BI tools, and data modeling to deliver actionable business insights. Key Responsibilities: Analyze large datasets to identify trends, patterns, and business insights. Design, develop, and optim…"
2026-09-26,Data Analyst III,Ruder Finn India,India,,,2026-09-18T17:30:32Z,,0,"About the Company: Ruder Finn is seeking a Senior Data Analyst (Data Analyst III) to join its award-winning Emerging Technology & Analytics team. The chosen candidate will support the agency’s new business efforts by spearheading the research activities such as but not limited to earned media analysis, social listening, influencer identification, data modeling and predictive analytics. This individual will collaborate with several account teams within the agency providing counsel as needed on t…"
2026-09-26,Senior Data Analyst,Capco,India,,,2026-08-12T01:59:43Z,Python,1,"This job is with Capco, an inclusive employer and a member of myGwork – the largest global platform for the LGBTQ business community. Please do not contact the recruiter directly. Job Title: Data Analyst (Python Pyspark) About Us “Capco, a Wipro company, is a global technology and management consulting firm. Awarded with Consultancy of the year in the British Bank Award and has been ranked Top 100 Best Companies for Women in India 2022 by Avtar & Seramount . With our presence across 32 cities a…"
2026-09-26,Lead Data Analyst,Nexus Corporation,India,,,2026-09-02T16:43:29Z,,0,"To begin with this role will be a 1 year contract. We are looking for an experienced Data Analyst Lead to drive data analysis initiatives, generate actionable insights, and support business decision-making. The ideal candidate should have strong analytical skills, experience working with large datasets, and the ability to lead a team of analysts. The role involves data modeling, reporting, dashboard development, stakeholder management, and ensuring data quality across projects. Key Responsibili…"
2026-09-26,Senior Data Analyst,Kamakhya Analytics Private Limited,"Bangalore, Karnataka",,,2026-09-14T01:11:06Z,,0,"JOB DESCRIPTION - SENIOR DATA ANALYST Location: Bangalore-Hybrid Department : Analytics Team : Survey Insights and Reporting About the Company: Kamakhya Analytics is a technology-driven research and consulting organisation helping leaders, parties, and institutions decode India’s political and policy landscape. We bring together survey science, data analytics, and strategic insight to answer complex questions about public opinion, governance, and performance. From ground-level fieldwork to adva…"
2026-09-26,Senior Data Analyst,Epsilon,"Bangalore, Karnataka",,,2026-09-01T16:20:46Z,,0,"Senior Data Analyst Data Analytics Overview About Business Unit: Powerful predictors of the future - our Analytics team seamlessly blends data science and business intelligence to provide unparalleled foresight for our platform offerings. They turn insights into actionable results for our clients by collaborating with senior team members and staying ahead of market trends, powered by our data assets. By using new-age analytic tools and emerging technologies, the team cultivates a dynamic learni…"
2026-09-26,Lead Data Analyst,Omnicom Media,"Bangalore, Karnataka",,,2026-09-20T17:34:37Z,,0,"Lead Data Analyst Join us at OGS We are OGS—Omnicom's Integrated Solutions Engine that brings together a global talent community and connected capabilities in data, creative, media, commerce, and technology to build adaptive, future-ready solutions. We are redefining the global capability center - not as an offshoring hub, but as a true inside edge. OGS is the place where the future is tested, built, and scaled for the world’s most ambitious agencies and clients. With over 4300 talented profess…"
2026-09-26,Senior Data Analyst,System Soft Technologies,India,,,2026-09-25T22:00:59Z,Power BI,1,"Job Summary: We are seeking a skilled Data Analyst with expertise in Microsoft Dynamics 365, Power Platform, Dataverse, and Power BI to support enterprise reporting, analytics, and business intelligence initiatives. The ideal candidate will be responsible for gathering, analyzing, and visualizing data from Dynamics 365 and related systems to provide actionable insights that drive business decisions. The successful candidate will collaborate with business stakeholders, functional teams, and tech…"
2026-09-26,GCP Data Analyst,Persistent Systems,"Hyderabad, Telangana",,,2026-09-05T18:32:38Z,"SQL, GCP",2,"About Position: We are seeking a highly skilled Data Validation & Migration Analyst to support a critical wholesale banking data modernization initiative involving the migration of a large-scale data mart from Teradata (On-Premises) to Google Cloud Platform (GCP) BigQuery. The role requires deep expertise in data validation, SQL optimization, cloud migration testing, and data analytics to ensure the successful transition of business-critical data assets. Role: GCP Data Analyst Location: Hyderab…"
2026-09-26,Litigation Data Analyst,KLDiscovery,India,,,2026-09-11T17:12:56Z,Excel,1,"KLDiscovery, a leading global provider of electronic discovery, information governance and data recovery services, is currently seeking a Hosting Data Analyst/Litigation Support Analyst. The candidate will have some experience using E-Discovery tools, and Microsoft Office, specifically Microsoft Excel. This position does not require any license or certification in order to be considered. Remote, work from home opportunity. Responsibilities: Work as part of a team, candidate will be required to …"
2026-09-26,Senior Data Analyst,Tanla Platforms Limited,"Hyderabad, Telangana",,,2026-09-12T01:09:17Z,,0,"Role Overview We are looking for a Data Analyst to collect, process, and analyze data to help drive informed business decisions. The ideal candidate will have strong analytical skills, experience with data tools, and the ability to translate complex data into actionable insights Key Responsibilities: Collect, clean, and validate data from multiple sources Analyze large datasets to identify trends, patterns, and anomalies Develop dashboards, reports, and visualizations for stakeholders Write eff…"
2026-09-26,Data Analyst (Remote),Hire Feed,India,,,2026-09-13T17:18:26Z,,0,"Role: Data Analyst (Remote) Location: Remote (Work from Anywhere) Role Overview: We are hiring for one of our clients, seeking a Business Analyst (Russian Language) to work on a full-time basis. The ideal candidate must have strong analytical and comprehension skills, with the ability to read, summarize, and break down large content into smaller logical blocks. The role involves conducting online research, validating claims, and collaborating with large language models to solve analytical puzzl…"
2026-09-26,Growth & Data Analyst,Lascade,"Kochi, Ernakulam",,,2026-09-01T16:22:28Z,,0,"Lascade is looking for a highly analytical Growth & Data Analyst to help us make smarter business decisions through data. You’ll work across our software products, marketing campaigns, websites, and mobile applications to understand user behaviour, identify growth opportunities, improve conversions, and optimize business performance. If you enjoy solving problems using data and turning numbers into actionable insights, we’d love to hear from you. What You’ll Do • Analyze user behaviour across w…"
2026-09-26,Lead Data Analyst,Aceolution,"Hyderabad, Telangana",,,2026-09-18T17:30:21Z,,0,"Job description We are seeking an experienced and results-driven Data Analysis Team Lead to join our growing analytics team. The ideal candidate will possess strong analytical capabilities, excellent leadership skills, and a passion for transforming complex data into actionable business insights. This role involves working with large-scale datasets, developing impactful dashboards and reports, collaborating with cross-functional stakeholders, and mentoring a team of analysts to support data-dri…"
2026-09-26,Data Analyst / Engineer,Kyndryl,"Bangalore, Karnataka",,,2026-08-25T10:07:51Z,,0,"This job is with Kyndryl, an inclusive employer and a member of myGwork – the largest global platform for the LGBTQ business community. Please do not contact the recruiter directly. Who We Are At Kyndryl, we run and reimagine the mission-critical technology systems that drive advantage for the world's leading businesses. We are at the heart of progress; with proven expertise and a continuous flow of AI-powered insight, enabling smarter decisions, faster innovation, and a lasting competitive edg…"
2026-09-26,Data Analyst / Engineer,Kyndryl,"Bangalore, Karnataka",,,2026-09-06T12:17:19Z,,0,"This job is with Kyndryl, an inclusive employer and a member of myGwork – the largest global platform for the LGBTQ business community. Please do not contact the recruiter directly. Who We Are At Kyndryl, we run and reimagine the mission-critical technology systems that drive advantage for the world's leading businesses. We are at the heart of progress; with proven expertise and a continuous flow of AI-powered insight, enabling smarter decisions, faster innovation, and a lasting competitive edg…"
2026-09-26,Senior Data Analyst,Keka HR,"Hyderabad, Telangana",,,2026-09-07T00:53:19Z,,0,"Job description About Keka: Keka is India's 1 People Operations Platform, trusted by 8,500 businesses to manage their HR, payroll, attendance, and performance processes. We are on a mission to make HR delightful and we're looking for passionate people to help us scale that mission through world-class marketing. Role & responsibilities: Data Management: Collect, organize, and maintain large datasets from multiple sources. Ensure data accuracy, completeness, and consistency. Develop and implement…"
2026-09-26,Market Data Analyst,Talent Corner HR Services Pvt Ltd,"Bangalore, Karnataka",,,2026-09-22T23:35:52Z,,0,"Onboarding Analyst — Market Data Services Department Market Data Services — Managed Services Reports To Manager / Team Lead, Market Data Services Location Kadubeesanahalli, Bangalore Shift Timing 3:00 PM – 12:00 AM IST (cab facility door to ddor) Overall Experience 4 – 6 years Employment Type Full-Time Designation Operation Analyst Role Overview We are looking for a detail-oriented Onboarding Analyst to join our Market Data Services team. In this role, you will be responsible for onboarding cli…"
2026-09-26,Junior Data Analyst,indē wild,"Mumbai, Maharashtra",,,2026-09-17T01:15:11Z,,0,"About Us: Join our dynamic and innovative startup skincare brand that is committed to redefining beauty standards with clean, effective, and sustainable products. Founded by beauty influencer Diipa Büller-Khosla, the brand emphasizes authenticity, and transparency, offering vegan and cruelty-free products that cater to diverse skin types while celebrating cultural heritage. We believe in empowering our customers with science-backed skincare solutions, and we're looking for a data-driven problem…"
2026-09-26,Data Analyst - Fenergo,eClerx,"Mumbai, Maharashtra",,,2026-09-01T16:20:10Z,"SQL, Python",2,"Remediation Analysts: Required / Must-have: Ability to identify data quality issues, investigate root causes, and apply fixes in line with business rules Experience in data mapping and in executing data remediation and cleansing activities as part of a platform migration SQL (and Python if possible) skills for querying, analysing, and remediating data at scale Good working understanding of Fenergo (FenE) tool Ability to clearly document remediation outcomes for system implementation Good writte…"
2026-09-26,Business Data Analyst,VOLTO Consulting,"Bangalore, Karnataka",,,2026-09-11T17:13:33Z,Power BI,1,We’re looking for Data & Analytics professionals with strong hands-on experience in Microsoft Fabric. ⭐ MS FABRIC – MANDATORY  Location: Bangalore  Experience: 8–12 Years ⚡ Notice Period: Immediate Joiners Preferred Key Skills: • Microsoft Fabric ⭐ • Power BI • Qlik • Data Modelling & Analytics • Full Stack Development • Jira | GitHub | CI/CD  Interested? Share your updated CV: saraswathy.p@voltoconsulting.com Phone no- 9187225352
2026-09-26,Data Analyst - Data Remediation - Mumbai,Capco,"Mumbai, Maharashtra",,,2026-08-27T02:10:36Z,,0,"This job is with Capco, an inclusive employer and a member of myGwork – the largest global platform for the LGBTQ business community. Please do not contact the recruiter directly. About Us “Capco, a Wipro company, is a global technology and management consulting firm. Awarded with Consultancy of the year in the British Bank Award and has been ranked Top 100 Best Companies for Women in India 2022 by Avtar & Seramount . With our presence across 32 cities across globe, we support 100 clients acros…"
2026-09-26,Data Analyst - Data Analyst L3 (5.1-7 years),Capco,"Mumbai, Maharashtra",,,2026-09-16T02:30:38Z,,0,"This job is with Capco, an inclusive employer and a member of myGwork – the largest global platform for the LGBTQ business community. Please do not contact the recruiter directly. About Us “Capco, a Wipro company, is a global technology and management consulting firm. Awarded with Consultancy of the year in the British Bank Award and has been ranked Top 100 Best Companies for Women in India 2022 by Avtar & Seramount . With our presence across 32 cities across globe, we support 100 clients acros…"
2026-09-26,Liquidity Reporting- data analyst,Capco,India,,,2026-08-27T02:10:30Z,,0,"This job is with Capco, an inclusive employer and a member of myGwork – the largest global platform for the LGBTQ business community. Please do not contact the recruiter directly. Job title: Liquidity reporting Compliance Finance has mobilised a multi-year Integrity of Regulatory Reporting (IRR) programme to ensure that Regulatory Reporting across the Group is fit for purpose; accurate, timely and complete. The IRR programme is responsible for overseeing the design and implementation of a set o…"
2026-09-26,Senior Researcher & Data Analyst,Brainware University,"Barasat, North 24 Parganas",,,2026-09-01T16:22:25Z,R,1,"Senior Researcher and Data Analyst Location: Both Barasat and Salt-Lake campus (as per University's requirement) Can you read data, find patterns and drive better decisions? Brainware University is hiring Senior Researcher and Data Analyst. Brainware University is expanding it s AI Research & Development Cell and is looking for talented individuals who can analyze data deeply, identify meaningful patterns, generate actionable insights and support better Institutional decisions . This is not a r…"
2026-09-26,Sr. Data Analyst – SDM,Aceolution,"Hyderabad, Telangana",,,2026-09-11T17:11:16Z,SQL,1,"We are seeking a highly skilled and experienced Sr. Data Analyst – SDM to join our growing team. The ideal candidate will be a data-driven problem solver with strong expertise in data analytics, SQL, reporting, visualization, and stakeholder management. The role will involve working with large and complex datasets, developing meaningful dashboards and reports, translating data into actionable business insights, and effectively communicating findings to both technical and non-technical audiences…"
2026-09-26,Turkish Data Analyst (Remote),Hire Feed,India,,,2026-09-13T17:19:13Z,,0,"Role: Turkish Data Analyst (Remote) Location : Remote (Work from Anywhere) Role Overview: We are hiring for one of our clients, seeking a Business Analyst (Turkish Language) to work on a full-time basis. The role requires strong analytical and English comprehension skills, with the ability to read, summarize, and break down large content into smaller logical blocks. Candidates will conduct online research, validate claims made in the content, and work with large language models (LLMs) to solve …"
2026-09-26,Data Analyst - Team Lead,Aceolution,"Hyderabad, Telangana",,,2026-09-04T02:34:28Z,,0,"We are seeking an experienced and results-driven Data Analysis Team Lead to join our growing analytics team. The ideal candidate will possess strong analytical capabilities, excellent leadership skills, and a passion for transforming complex data into actionable business insights. This role involves working with large-scale datasets, developing impactful dashboards and reports, collaborating with cross-functional stakeholders, and mentoring a team of analysts to support data-driven decision-mak…"
2026-09-26,Data Analyst – Power Platform,Innover Digital,"Bangalore, Karnataka",,,2026-09-05T18:30:29Z,,0,"About Us: Innover is an award-winning AI-first engineering firm, transforming businesses through Experience Engineering, Digital Engineering, and Process Engineering. Our interconnected competencies seamlessly deliver comprehensive industry solutions—Experience Engineering shapes visionary strategies, Digital Engineering brings them to life, and Process Engineering ensures flawless execution. With deep technical expertise and business acumen, we’ve empowered over 65 Fortune 1000 companies to ac…"
2026-09-26,Senior Financial Data Analyst,Moody's,"Bangalore, Karnataka",,,2026-09-04T20:32:50Z,,0,"This job is with Moody's, an inclusive employer and a member of myGwork – the largest global platform for the LGBTQ business community. Please do not contact the recruiter directly. At Moody's, we unite the brightest minds to turn today’s risks into tomorrow’s opportunities. We do this by striving to create an inclusive environment where everyone feels welcome to be who they are—with the freedom to exchange ideas, think innovatively, and listen to each other and customers in meaningful ways. Mo…"
2026-09-26,Senior Financial Data Analyst,Moody's,"Bangalore, Karnataka",,,2026-09-19T20:33:30Z,,0,"This job is with Moody's, an inclusive employer and a member of myGwork – the largest global platform for the LGBTQ business community. Please do not contact the recruiter directly. At Moody's, we unite the brightest minds to turn today’s risks into tomorrow’s opportunities. We do this by striving to create an inclusive environment where everyone feels welcome to be who they are—with the freedom to exchange ideas, think innovatively, and listen to each other and customers in meaningful ways. Mo…"
2026-09-26,Online Data Analyst - Punjabi (IN),TELUS Digital Philippines,"Punjab, India",,,2026-09-20T23:28:57Z,,0,"ਕੰਮ ਦਾ ਵੇਰਵਾ: ਕੀ ਤੁਸੀਂ ਇੱਕ ਵੇਰਵੇ-ਅਧਾਰਿਤ ਵਿਅਕਤੀ ਹੋ, ਜਿਸਨੂੰ ਖੋਜ ਲਈ ਜਨੂੰਨ ਅਤੇ ਰਾਸ਼ਟਰੀ ਅਤੇ ਸਥਾਨਕ ਭੂਗੋਲ ਦੀ ਚੰਗੀ ਸਮਝ ਹੈ? ਇਹ ਫ੍ਰੀਲਾਂਸ ਮੌਕਾ ਤੁਹਾਨੂੰ ਆਪਣੇ ਰੁਝੇਵਿਆਂ ਅਤੇ ਤੁਹਾਨੂੰ ਤੁਹਾਡੇ ਘਰ ਤੋਂ ਆਰਾਮ ਨਾਲ ਕੰਮ ਕਰਨ ਦੀ ਆਗਿਆ ਦਿੰਦਾ ਹੈ। ਆਨਲਾਈਨ ਡੇਟਾ ਐਨਾਲਿਸਟ ਦੇ ਜੀਵਨ ਦਾ ਇੱਕ ਦਿਨ: ● ਇਸ ਭੂਮਿਕਾ ਵਿੱਚ, ਤੁਸੀਂ ਇੱਕ ਪ੍ਰੋਜੈਕਟ ਤੇ ਕੰਮ ਕਰੋਗੇ ਜਿਸਦਾ ਉਦੇਸ਼ ਡਿਜੀਟਲ ਨਕਸ਼ਿਆਂ ਦੀ ਸਮੱਗਰੀ ਅਤੇ ਗੁਣਵੱਤਾ ਨੂੰ ਬਿਹਤਰ ਬਣਾਉਣਾ ਹੈ, ਜਿਨਾਂ ਨੂੰ ਦੁਨੀਆ ਭਰ ਵਿੱਚ ਲੱਖਾਂ ਲੋਕ ਉਪਯੋਗ ਕਰਦੇ ਹਨ। ● ਇੱਕ ਵੈੱਬ-ਅਧਾਰਤ ਵਾਤਾਵਰਣ ਵਿੱਚ ਖੋਜ ਅਤੇ ਮੁਲਾਂਕਣ ਕਾਰਜਾਂ ਨੂੰ ਪੂਰਾ ਕਰਨਾ ਜਿਵੇਂ ਕਿ…"
2026-09-26,CDP-Tech Data Analyst,Americana Restaurants,India,,,2026-09-11T17:16:03Z,"SQL, Python, R",3,"What You Bring Bachelor's degree in computer science, Engineering, Data Science, or (master's degree ). . Strong analytical and problem-solving skills with keen attention to detail. Proficiency in data analysis tools and languages (e.g., SQL, Presto, Hive, Python, R, etc.). Solid understanding of data structures and adept query construction skills. Strong SQL , Presto, Hive experience. Deep understanding of a range of customer data sources. Excellent communication and collaboration skills. Abil…"
2026-09-26,Online Data Analyst - Odia (IN),TELUS Digital Philippines,"Orissa, India",,,2026-09-20T23:28:19Z,,0,"ଆପଣ କଣ ଗବେଷଣା ପ୍ରତି ଆଗ୍ରହୀ ଏବଂ ଜାତୀୟ ଓ ସ୍ଥାନୀୟ ଭୂଗୋଳ ବିଷୟରେ ଭଲ ଧାରଣା ରଖୁଥିବା ଜଣେ ସୂକ୍ଷ୍ମଦର୍ଶୀ ବ୍ୟକ୍ତି? ଏହି ଫ୍ରିଲାନ୍ସ ଅବସର ଆପଣଙ୍କୁ ନିଜ ଗତିରେ ଏବଂ ଘରରୁ କାମ କରିବା ସୁଯୋଗ ଦେଉଛି। ଏକ ଅନଲାଇନ୍ ଡାଟା ବିଶ୍ଳେଷକଙ୍କର ଜୀବନରେ ଏକ ଦିନ: · ଏହି ଭୂମିକାରେ ଆପଣ ଏକ ପ୍ରକଳ୍ପ ଉପରେ କାମ କରିବେ ଯାହା ବିଶ୍ୱବ୍ୟାପୀ ଲୋକମାନେ ବ୍ୟବହାର କରୁଥିବା ଡିଜିଟାଲ୍ ମାନଚିତ୍ରଗୁଡ଼ିକର ବିଷୟବସ୍ତୁ ଓ ଗୁଣଉନ୍ନତି ବୃଦ୍ଧି କରିବା ଉଦ୍ଦେଶ୍ୟରେ ଥିବ। · ୱେବ୍ ଆଧାରିତ ପରିବେଶରେ ଗବେଷଣା ଓ ମୂଲ୍ୟାୟନ କରିବା, ଯଥା ତଥ୍ୟ ସତ୍ୟାପନ, ତୁଳନା, ଏବଂ ତଥ୍ୟର ସଠିକତା ଓ ସମ୍ପ୍ରସଙ୍ଗିକତା ନିର୍ଣ୍ଣୟ କରିବା…"
2026-09-26,Senior Data Analyst- 18891,EXL,India,,,2026-09-02T21:45:19Z,,0,"Role Overview We are seeking an experienced Data Governance & Analytics professional with 7 years of experience in data governance, data quality, analytics, and enterprise data environments. The ideal candidate will have strong client-facing skills and the ability to collaborate effectively across business, analytics, and technology teams. Key Responsibilities Drive Data Governance initiatives, including Data Quality Management, Data Profiling, Data Integrity & Cleansing, Data Quality Monitorin…"
2026-09-26,Online Data Analyst - Urdu (IN),TELUS Digital AI Data Solutions,India,,,2026-09-20T23:28:51Z,,0,کیا آپ تحقیق کے شوقین اور باریک بینی سے کام لینے والے فرد ہیں؟ کیا آپ کو قومی اور مقامی جغرافیہ کی اچھی سمجھ ہے؟ یہ فری لانس موقع آپ کو اپنی رفتار سے کام کرنے اور اپنے گھر کے آرام دہ ماحول سے کام کرنے کی سہولت فراہم کرتا ہے. ایک آن لائن ڈیٹا اینالسٹ کی روزمرہ زندگی · اس کردار میں، آپ ایک ایسے پراجیکٹ پر کام کریں گے جس کا مقصد دنیا بھر میں لاکھوں افراد کے استعمال کردہ ڈیجیٹل نقشوں کے مواد اور معیار کو بہتر بنانا ہے۔ · ویب بیسڈ ماحول میں تحقیق اور جائزے کے کام انجام دینا، جیسے کہ ڈیٹا کی تصدیق، م…
2026-09-26,[GOGFZ0QV] ETL Data Analyst/Tester,ZettaMine Labs Pvt. Ltd.,"Bangalore, Karnataka",,,2026-09-25T01:56:51Z,ETL,1,Zettamine is Hiring ETL Data Analyst/Tester for one of the MNC Experience - 4 Years Location - Bangalore Notice - Immediate
2026-09-26,Data Analyst – SQL/Power BI,Innover Digital,"Bangalore, Karnataka",,,2026-09-05T18:30:45Z,,0,"About Us: Innover is an award-winning AI-first engineering firm, transforming businesses through Experience Engineering, Digital Engineering, and Process Engineering. Our interconnected competencies seamlessly deliver comprehensive industry solutions—Experience Engineering shapes visionary strategies, Digital Engineering brings them to life, and Process Engineering ensures flawless execution. With deep technical expertise and business acumen, we’ve empowered over 65 Fortune 1000 companies to ac…"
2026-09-26,Senior Data Analyst - SQL & Azure,Persistent Systems,"Mumbai, Maharashtra",,,2026-09-22T23:36:35Z,"SQL, Azure",2,"About Position: We are seeking an experienced Senior Data Analyst with strong expertise in SQL, Azure, and Data Analytics to support enterprise data initiatives and drive data-driven decision-making. The ideal candidate will be responsible for analyzing complex datasets, identifying business insights, optimizing analytical models, and supporting strategic transformation programs within Banking and Financial Services environments. The role requires strong experience in Data Warehousing, Data Lak…"
2026-09-26,Online Data Analyst - Odia Language,TELUS Digital AI Data Solutions,India,,,2026-09-04T22:29:31Z,,0,"Job description Are you a research-minded individual with a keen eye for detail and a good understanding of national and local geography? This freelance opportunity allows you to work at your own pace and from home. A day in the life of an online data analyst: In this role, you will work on a project that aims to improve the content and quality of digital maps used by people around the world. Conduct research and evaluation in a web-based environment, including data verification, comparison, an…"
2026-09-26,Sr Lead Data Analyst- APP,Airtel Digital,India,,,2026-09-09T14:45:29Z,"SQL, Python",2,"Experience: Minimum 8 years of overall experience. Relevant Analytics Experience: Minimum 6 years of relevant experience in Analytics. Team Handling: Minimum 2 years of experience managing a team, ideally handling 5–8 members . Stakeholder Management: Strong stakeholder management is the key requirement, as the role is 70–80% stakeholder management and team handling . Technical Skills: Around 20% of the role involves SQL/Python coding . Strong hands-on expertise is preferred. ML is good to have…"
2026-09-26,Senior Data Analyst – Remote India,Vamstar,India,,,2026-09-13T01:08:05Z,,0,"Company Description Vamstar equips leading global MedTech, Pharma, and Biotech organizations with agentic AI solutions designed to drive commercial performance, from tendering and pricing to market access and contracts. Existing Clients: Top 100 Lifesciences, MedTech and Pharma companies Job Requirements Gather client business requirements to build and maintain end-to-end data reporting pipelines and visual dashboards Maintaining and improving our existing tools and processes with statistical m…"
2026-09-26,Data Analyst – AV Support Data Infrastructure & Analytics,"Pegasus Knowledge Solutions, Inc.",India,,,2026-09-23T15:39:45Z,,0,"Data Analyst - Autonomous Vehicle (AV) Operations & Infrastructure Role: Data Analyst – AV Support Data Infrastructure & Analytics Experience: 4–6 Years Location: Remote / Flexible Industry: Global Tech & Mobility Leader About the Team & Opportunity Our team owns the end-to-end data foundation driving autonomous vehicle (AV) support operations for one of the world's leading mobility platforms. Every operational metric, real-time rider contact, automated data-quality check, and pre-launch featur…"
2026-09-26,Data Analyst - Banking -SAS/Python/SQL,EXL,"Ahmedabad, Gujarat",,,2026-09-25T15:24:39Z,"SQL, Python, Tableau, SAS",4,"Job Title: Business Analyst / Data Analyst / Marketing Analyst Job Type: Full-time Job Summary We are looking for a skilled and motivated Data Analyst with expertise in SAS, Python, SQL, and Tableau to support data-driven marketing analytics and strategy initiatives in the BFSI (Banking, Financial Services, and Insurance) domain. The ideal candidate will collaborate closely with cross-functional teams to develop insightful dashboards and scalable SAS processes for multiple clients. Key Responsi…"
2026-09-26,"Senior Marketing Data Analyst (Python, SQL)",Blend,"Hyderabad, Telangana",,,2026-09-01T16:22:37Z,,0,"Blend is a premier AI services provider, committed to co-creating meaningful impact for its clients through the power of data science, AI, technology, and people. With a mission to fuel bold visions, Blend tackles significant challenges by seamlessly aligning human expertise with artificial intelligence. The company is dedicated to unlocking value and fostering innovation for its clients by harnessing world-class people and data-driven strategy. We believe that the power of people and AI can ha…"
2026-09-26,Sales Operation Analyst (Data Analyst Sales),VARITE INC,"Bangalore, Karnataka",,,2026-09-25T01:54:06Z,,0,"Job Title: India - Sales Strategy Manager II Location: India - Bangalore (India - Bangalore Torrey Pines), KA Experience Required: 3 Years Role Type/Shift: Contract for 7 months About The Job: Company Name: VARITE India Private Limited About The Client: An American cloud-based software company headquartered in San Francisco, California. Notable provider of cloud-based customer relationship management (CRM) solutions. The company has gained prominence in the CRM space, specializing in empowering…"
2026-09-26,"Senior Data Analyst, 12 months contract, Mumbai",Fitch Group,"Mumbai, Maharashtra",,,2026-09-23T14:40:07Z,,0,"This job is with Fitch Group, an inclusive employer and a member of myGwork – the largest global platform for the LGBTQ business community. Please do not contact the recruiter directly. The Data Operations Group (Data Ops), part of Fitch’s Chief Data Office (CDO) function, is seeking a Senior Data Analyst – Risk Hub Project to join its team , based out of Mumbai. This is a 12-month contract position. Senior Data Analysts are responsible for the collection, manipulation and management of our eco…"
2026-09-26,Senior Data Modeler & Data Analyst-Data Platform-8 Years-Remote,Tekgence Inc,India,,,2026-09-18T23:24:41Z,,0,"Position : Senior Data Modeler & Data Analyst - Data Platform Experience : 8 Years Client: One of our Prestigious client. Mode of hiring :Full Time /Permanent Location: Remote (Base Location Gurgaon) Notice Period: 0-30 Days (Only Serving notice period) Role Summary As a Senior Data Modeler & Data Analyst, you will support data modernization initiatives across the overall Data Platform and enterprise analytics capabilities across SLC Management. You will work with Investment, Finance, Risk, and…"
2026-09-26,Data Quality Analyst,Sambodhi Research and Communications Pvt. Ltd.,India,,,2026-09-01T16:23:17Z,,0,"Company Description Sambodhi Research and Communications Pvt. Ltd. is a knowledge-based organization that focuses on promoting accountability in the public domain. We provide project management, monitoring & evaluation, and research solutions to implementers, governments, aid agencies, and philanthropic foundations. Our expertise lies in evaluating large-scale interventions in sectors such as public health, nutrition, sanitation, renewable energy, livelihoods, and microfinance. We are committed…"
2026-09-26,Data Security Analyst,Thakral One,India,,,2026-09-02T21:46:17Z,,0,"As a Data Security Analyst (AVP) , you will safeguard the bank's data, ensuring it is securely handled, stored, and shared. You will focus on monitoring, detection, and investigation of data‑related security risks, including data loss, unauthorised access, and misuse across enterprise environments. You will play a key role in implementing and managing data security controls such as Data Loss Prevention (DLP), data classification, and monitoring capabilities to protect critical information. What…"
2026-09-26,Data & Insights Analyst,Ecomm-Inroads,India,,,2026-09-01T16:23:20Z,,0,"Why Join Us: We’re a small but mighty Amazon & TikTok growth agency with real momentum, and we’re still small enough that every person on the team genuinely matters. No layers, no bureaucracy. Just a tight group of smart, fun people doing great work together. Work directly with the founders. You’ll work alongside the people who built this business from the ground up. A ringside seat to everything. You’ll play a pivotal role in preparing for client conversations, the beating heart of this busine…"
2026-09-26,Data Management Analyst,Moody's,"Bangalore, Karnataka",,,2026-09-02T18:15:33Z,,0,"This job is with Moody's, an inclusive employer and a member of myGwork – the largest global platform for the LGBTQ business community. Please do not contact the recruiter directly. At Moody's, we unite the brightest minds to turn today’s risks into tomorrow’s opportunities. We do this by striving to create an inclusive environment where everyone feels welcome to be who they are—with the freedom to exchange ideas, think innovatively, and listen to each other and customers in meaningful ways. Mo…"
2026-09-26,IS Data Security - Analyst,ABB,"Bangalore, Karnataka",,,2026-08-16T06:19:46Z,,0,"This job is with ABB, an inclusive employer and a member of myGwork – the largest global platform for the LGBTQ business community. Please do not contact the recruiter directly. At ABB, we help industries run leaner and cleaner—and every person here makes that happen. You’ll be empowered to lead, supported to grow, and proud of the impact we create together. Join us and help run what runs the world. This Position reports to: IS Category Lead Arch. Workplace & UC Your role and responsibilities I…"
2026-09-26,Senior Data Analyst (Advanced Excel with PowerBI) - Gurgaon Location,Sonata Software,India,,,2026-09-04T16:57:53Z,"Excel, Power BI",2,"Greetings Currently we have an urgent Position for Senior Data Analyst Advanced Excel with Power BI role for one of our projects, location based in Gurgaon. Kindly find below the details for your Perusal. Job Location : Gurgaon Mode of Employment : Permanent (Weekly 4 days WFO) - Shift timing: 7:30 AM IST to 7:30 PM IST Job Description: Financial Data Analytics Financial Forecasting Models Financial data and Macros Types of Variances Data modeling, Excel-based reporting Good Communication Skill…"
2026-09-26,Data Governance Analysts - Collibra & Data Marketplace,Lorven Technologies Inc.,"Hyderabad, Telangana",,,2026-09-20T23:29:04Z,,0,"Role: Data Governance Analysts Years of Exp: 5 Years Location: Hyderabad Immediate to 15 Days Position Summary Execute day-to-day Data Governance activities for RTB initiatives under the direction of the Onshore Lead. The role will focus on producing accurate, complete, and traceable governance artifacts that support enterprise standards, control requirements, and audit readiness. Key Responsibilities Register and maintain data assets, reports, and data products in Collibra and Data Marketplace…"
2026-09-26,Data Analyst (Fully Remote) – Top US MNC (Enterprise Software),SkillsCapital,India,,,2026-09-14T17:18:19Z,,0,"We are hiring Data Analysts to join a Top US MNC building and scaling large-scale enterprise platforms, cloud-native applications, SaaS products, and AI-powered business solutions. This is an opportunity to work with a globally recognized organization while collaborating with business leaders, product managers, engineers, and data teams to transform data into actionable insights that drive business decisions and improve customer experiences. Location 100% Remote Start Date Immediate to 4 Weeks …"
2026-09-26,Data Privacy Analyst (Remote),Quik Hire Staffing,India,,,2026-09-14T01:11:09Z,,0,"Role : Data Privacy Analyst (Remote) Location : Remote (Work from Anywhere) Role Overview: A leading organization is seeking a Data Privacy Analyst to review and improve data privacy practices, policies, and procedures. The role involves ensuring compliance with privacy regulations and protecting organizational data assets. This position requires collaboration with cross-functional teams to identify risks and implement mitigation strategies. Key Responsibilities: • Conduct data protection impac…"
2026-09-26,Data Security Analyst Engineer,Takeda,"Bangalore, Karnataka",,,2026-09-06T18:33:43Z,"Python, AWS",2,"Skills and Qualifications: BS in Computer Science or related field, or equivalent work experience Minimum 3 year of relevant experience in a deep technical role using the following essential qualifications. Programming Skills: Proficiency in languages such as Python for integrations, automations, and policy/platform tooling (e.g., APIs, scripts, and CI/CD automation) AWS DevSecOps: Strong proficiency and knowledge of AWS Services and DevSecOps Pratice. Identity & Access: General knowledge of Id…"
2026-09-26,Data Insight Analyst [T500-29603],Albertsons Companies India,"Bangalore, Karnataka",,,2026-09-25T22:02:55Z,,0,"About Albertsons Companies Inc.: As a leading food and drug retailer in the United States, Albertsons Companies, Inc. operates over 2,200 stores across 35 states and the District of Columbia. Our well-known banners across the United States, including Albertsons, Safeway, Vons, Jewel-Osco and others, serve more than 36 million U.S customers each week. We build and shape technology solutions that solve customers’ problems every day, making things easier for them when they shop with us online or i…"
2026-09-26,Analyst - Data & Insights,GobbleCube,India,,,2026-09-19T17:30:24Z,,0,"Company Overview GobbleCube is an agentic growth operating system designed to help brands scale profitably across digital marketplaces. Founded in November 2022 by the ex- core team of Blinkit, the platform went live commercially from private beta in September 2024. Since then, GobbleCube has scaled rapidly, supporting 600 brands across enterprise and D2C, growing revenue 10X, and onboarding 45 of India’s largest CPG enterprises in just the last 9 months, including HUL, Nivea, Tata Consumer Pro…"
2026-09-26,ANALYST DATA & INSIGHTS,TE Connectivity,"Bangalore, Karnataka",,,2026-09-17T08:30:59Z,,0,"This job is with TE Connectivity, an inclusive employer and a member of myGwork – the largest global platform for the LGBTQ business community. Please do not contact the recruiter directly. At TE, you will unleash your potential working with people from diverse backgrounds and industries to create a safer, sustainable and more connected world. Job Overview We are seeking a strategic thinker, analytical storyteller, and trusted advisor to join our Industrial BU. This role is ideal for an analyti…"
2026-09-26,Senior Data Engineer (Analyst/Scientist) - Remote,Kake,India,,,2026-09-12T01:03:48Z,,0,"Senior Data Engineer (Analyst/Scientist) - Remote Kake is a remote-first company and a people-first global community of senior engineers. Kake engineers are behind some of the world’s most innovative products (Brands you’ve heard!), from Fortune 500 to fast-growing companies. We believe it’s not where your table is, but what you bring to the table that matters. Our community spans 45,000 engineers across 55 countries; join a culture where great people stay, grow, and thrive (and love eating kak…"
2026-09-26,Senior Data Engineer (Analyst/Scientist) - Remote,Kake,"Bangalore, Karnataka",,,2026-09-01T16:23:14Z,,0,"Senior Data Engineer (Analyst/Scientist) - Remote Kake is a remote-first company and a people-first global community of senior engineers. Kake engineers are behind some of the world’s most innovative products (Brands you’ve heard!), from Fortune 500 to fast-growing companies. We believe it’s not where your table is, but what you bring to the table that matters. Our community spans 45,000 engineers across 55 countries; join a culture where great people stay, grow, and thrive (and love eating kak…"
2026-09-26,Senior Data Engineer/Analyst (India- Remote),CloudLabs Inc,India,,,2026-09-25T15:22:38Z,,0,"About CloudLabs: CloudLabs Inc was founded in 2014 with the mission to provide exceptional IT & Business consulting services at a competitive price, to help clients realize the best value from their investments. Within a short span, CloudLabs evolved from pure-play consulting into a transformative partner for Business Acceleration Advisory, Transformative Application Development & Managed Services - enabling digital transformations, M&A transitions, Automation & Process-driven optimizations & c…"
2026-09-26,Sr Analyst – Data & Governance,BeamForward,"Bangalore, Karnataka",,,2026-09-22T17:39:58Z,,0,"About the Company Beam Forward | Talent Advisory ServicesBuild the operating rhythm behind smarter talent decisions. Location : Garudacharpalya, Whitefield. About the Role Beam Forward is looking for an analytical, hands-on Sr Analyst – Data & Governance to establish reliable reporting, strengthen recruitment operations, and turn data into clear business action across our RPO and agency accounts. This role is ideal for someone who combines operational discipline with curiosity, communicates con…"
2026-09-26,ANALYST DATA & INSIGHTS II,TE Connectivity,"Bangalore, Karnataka",,,2026-09-17T08:30:58Z,,0,"This job is with TE Connectivity, an inclusive employer and a member of myGwork – the largest global platform for the LGBTQ business community. Please do not contact the recruiter directly. At TE, you will unleash your potential working with people from diverse backgrounds and industries to create a safer, sustainable and more connected world. Job Overview : We are seeking a data-driven Data Insights Analyst to transform marketing and sales data into actionable insights that drive business grow…"
2026-09-26,ANALYST DATA & INSIGHTS II,TE Connectivity,"Bangalore, Karnataka",,,2026-09-22T08:31:57Z,,0,"This job is with TE Connectivity, an inclusive employer and a member of myGwork – the largest global platform for the LGBTQ business community. Please do not contact the recruiter directly. At TE, you will unleash your potential working with people from diverse backgrounds and industries to create a safer, sustainable and more connected world. Job Overview We're hiring a data-driven storyteller and problem-solver . This Data Insights Analyst II will join our growing Digital Center of Excellence…"
2026-09-26,ANALYST DATA & INSIGHTS III,TE Connectivity,"Bangalore, Karnataka",,,2026-09-22T08:31:36Z,,0,"This job is with TE Connectivity, an inclusive employer and a member of myGwork – the largest global platform for the LGBTQ business community. Please do not contact the recruiter directly. At TE, you will unleash your potential working with people from diverse backgrounds and industries to create a safer, sustainable and more connected world. Job Overview We're seeking - a strategic thinker, analytical storyteller, and trusted advisor to our global marketing and commercial teams. This role is …"
2026-09-26,IS Data Security - Senior Analyst,ABB,"Bangalore, Karnataka",,,2026-08-16T06:19:54Z,,0,"This job is with ABB, an inclusive employer and a member of myGwork – the largest global platform for the LGBTQ business community. Please do not contact the recruiter directly. At ABB, we help industries run leaner and cleaner—and every person here makes that happen. You’ll be empowered to lead, supported to grow, and proud of the impact we create together. Join us and help run what runs the world. This Position reports to: IS Category Lead Arch. Workplace & UC Your role and responsibilities I…"
2026-09-26,Quality Analyst (Data Auditor),Rifa AI,India,,,2026-09-20T17:36:31Z,,0,"Quality Analyst Rifa AI | Full time | 1.5 to 3 years of experience About Rifa AI Rifa AI builds voice and chat AI agents for enterprise clients. Our bots handle live conversations at scale, and every conversation has to meet strict compliance, accuracy, and quality standards. The Quality Analyst makes sure they do. What you will do Audit voicebot and chatbot conversations against SOPs, compliance rules, and quality standards Build and maintain QA scorecards and audit frameworks for new and exis…"
2026-09-26,"Group Data Privacy (GDP) – Data Privacy Analyst,AS",Deutsche Bank,"Bangalore, Karnataka",,,2026-08-18T18:03:43Z,,0,"This job is with Deutsche Bank, an inclusive employer and a member of myGwork – the largest global platform for the LGBTQ business community. Please do not contact the recruiter directly. Position Overview Role Description C&AFC C&AFC is responsible for managing the compliance and anti-financial crime risk of Deutsche Bank Group. Our mission is to ensure that C&AFC services are provided to the bank with the goals of protecting its integrity and reputation and managing legal risk to make transac…"
2026-09-26,Anti-Money Laundering Analyst,HTC Global Services,"Chennai, Tamil Nadu",,,2026-09-20T17:32:38Z,,0,"Senior Data analyst or Data Modeler with recent experience ( at least 3 yrs) as a Data Analyst is mandatory. Preferably in AML/Fraud areas in Financial domain . The candidate must have expertise in the below areas Modeling/STTM for relatively large data bases using data modeling tools like Erwin/Hackolade etc. , Data Governance: Expertise in setting up Data Governance. Establishing Data Quality rules and Data controls on DB’s and Data Pipelines. Experience with Data Governance/Quality tools lik…"
2026-09-26,API Engineering,Blue Spire Inc,"Hyderabad, Telangana",,,2026-09-25T09:57:09Z,"Spark, MongoDB",2,"Job Title: Data Analyst – API & Data Lake Job Overview We are looking for a Data Analyst with strong experience in data analysis, data lake environments, Spark, MongoDB, APIs, and reporting. The resource should have a good understanding of commercial banking data structures and the ability to analyze data across multiple banking domains, including Mainframe, CCM, Payments, Cards, Deposits, and Lending. Key Responsibilities Analyze and interpret data within the Citizens Data Lake environment. Un…"
2026-09-26,Business Intelligence Engineer,NAF Technology India,"Chennai, Tamil Nadu",,,2026-09-24T15:17:33Z,"SQL, Power BI, Snowflake",3,"Responsibilities Work with lead analyst onshore to develop, enhance, and maintain reports and dashboards to drive stakeholder engagement and report cohesiveness. Experience in building Power BI Dashboards using DAX Functions / merging multiple data sets/data sources. Experience in building SSRS Reports using merging multiple data sets/data sources. SQL knowledge required (Snowflake preferred), in querying data sets, identifying data quality issues. Strong attention to detail. Analytical and pro…"
2026-09-26,Analytics Manager,Kamakhya Analytics Private Limited,"Bangalore, Karnataka",,,2026-09-04T22:27:33Z,,0,JOB DESCRIPTION - ANALYTICS MANAGER Location: Bangalore Department : Analytics Team : Survey Insights and Reporting About the Company: We are one of India’s premier integrated political consulting firms specializing in building data-driven 360-degree election campaigns. We help our clients with strategic advice and implementation which brings together data-backed insights and in-depth ground intelligence into a holistic electoral campaign. We are passionate about our democracy and the politics …
2026-09-26,Geographic Information System Developer,ClimaCrew,"Mumbai, Maharashtra",,,2026-09-17T07:18:24Z,,0,"Company Description ClimaCrew Pvt Ltd is pioneering innovation in seaweed production with a focus on data, technology, and social sciences. Our mission is to position India as a key player in the global seaweed industry by leveraging an advanced technology platform that connects suppliers and buyers of diverse seaweed products. By addressing the growing global demand, our initiatives aim to create sustainable livelihood opportunities while fostering marine ecosystem resilience. We are committed…"
2026-09-26,Lead Data Engineer,TEKsystems Global Services in India,"Hyderabad, Telangana",,,2026-09-05T18:32:53Z,"SQL, Spark, ETL",3,"Lead Data Engineer Notice period- Should be immediate only Experience -7 to 25 years Location- Hyderabad only Work mode- All 5 days' work from office CORE RESPONSIBILITIES • Hands-on delivery oversight: review pipelines, SQL, ETL/ELT logic, Spark jobs, reporting outputs and technical deliverables. • Mentor junior talent: coach data engineers, data analysts and data quality analysts through daily guidance, reviews and troubleshooting. • Data quality and controls: define validation, reconciliatio…"
2026-09-26,Senior RWE Research Analyst,Novartis,India,,,2026-09-25T16:34:45Z,,0,"This job is with Novartis, an inclusive employer and a member of myGwork – the largest global platform for the LGBTQ business community. Please do not contact the recruiter directly. Summary The Senior Real-World Evidence (RWE) Research Analyst is responsible for the scientific leadership and methodological oversight of observational database analytics and RWE projects. This role owns study design, protocol development, scientific interpretation, and stakeholder communication, working in close …"
2026-09-26,ADG Senior Analyst- Data skills with Banking background,Essex Lake Group LLC,India,,,2026-09-25T21:58:27Z,,0,"The Role Position: Senior Analyst Location: Gurgaon, India Over-all experience ▪ A minimum of 3-5 years of work experience at leading analytics and business intelligence companies ▪ Extensive experience in data handling, analyses and business intelligence/insights Key responsibilities ▪Directly engage with internal and external stakeholders, gather requirements and manage communication ▪ Excellent problem-solving skillsets with the ability to interpret business requirements and translate into a…"
2026-09-26,Data Engineer,Tata Consultancy Services,India,,,2026-09-02T21:45:17Z,"SQL, Python, Power BI, Java, AWS",5,"Dear Candidate, We have face to face interview @ Gurgaon 5th Sep,2026 Experience : 5-10yrs Please apply if you are interested and available for in person interview. Skills: 1.Data Engineer – Python PySpark, SQL, AWS 2.Data Analyst-Power BI, SQL, Statistical skill 3.Sr. Java Engineers-Microservices, Kafka 4.Data Scientist 5.Data Modeler 6.Data Engineer – Databricks, Splunk 7.AWS DevOps Engineer 8.Smart Comm Developer"
2026-09-26,Azure data engineer - F2F discussion - Chennai,Tata Consultancy Services,"Chennai, Tamil Nadu",,,2026-09-02T16:42:44Z,"SQL, Azure, ETL",3,"Greetings from Tata Consultancy Services (TCS) What we are looking for: Azure data engineer Location : Chennai Interview Mode : F2F discussion Exp : 5 Years Design, develop, and maintain scalable data pipelines and data integration solutions using Azure cloud services. Build and manage ETL/ELT processes using Azure Data Factory (ADF), Azure Databricks, and Azure Synapse Analytics . Develop and optimize data lakes and data warehouses using Azure Data Lake Storage (ADLS), Synapse, and SQL databas…"
2026-09-26,Business Intelligence Engineer,NAF Technology India,"Chennai, Tamil Nadu",,,2026-09-16T17:34:33Z,,0,"Position Summary: Do you love a Challenge? Are you Passionate about technology? Are you customer obsessed? Looking to innovate? Join NAF Tech! At New American Funding, we value culture and team dynamics that will be able to help you advance in your career, while you explore all the different technologies we offer. Our engineers focus on developing our New American Funding web and mobile technology solutions by having a clear understanding of product requests, collaborating with our product team…"
2026-09-26,ETL Specialist,Tata Consultancy Services,India,,,2026-09-18T17:27:40Z,"SQL, ETL",2,"Greetings From TCS TCS is hiring for ETL Testing Experience - 4 to 8 years Location- Chennai Walkin Date : 19th Sep 2026 Design, plan, and execute test cases, scenarios, and scripts for ETL validation and regression testing. Verify and validate data accuracy, completeness, and consistency using ETL tools and SQL queries. Create and maintain test cases, scripts, and documentation in test management tools such as JIRA and HP ALM. Collaborate with developers, data analysts, and business stakeholde…"
2026-09-26,ETL Specialist,Tata Consultancy Services,India,,,2026-09-22T17:36:02Z,ETL,1,"Interview Details: Date: 26th SEP 2026 Mode: Face-to-Face (In-Person) Note: : If you are available for a face-to-face interview only, please share your updated resume along with your details. Job Details Location: BANAGLORE,HYDERABD,MUMBAI Experience Range: 4.5- 8 Yrs MUST SKILLS: ETL Testing Job Description Must-Have Design, plan, and execute test cases, scenarios, and scripts for ETL validation and regression testing. Verify and validate data accuracy, completeness, and consistency using ETL …"
2026-09-26,Microsoft Fabric Engineer,Cambay Solutions,India,,,2026-09-23T15:38:33Z,"R, Azure",2,"About Cambay Solutions: Cambay Solutions is a Microsoft Solutions Partner specializing in Azure, Dynamics 365, Microsoft 365, Power Platform, and Cloud Modernization. Recognized as one of the 50 Most Promising Microsoft Solutions Providers by CIO Review and certified as a Great Place to Work®, we help organizations transform their business through People, Process, and Technology. Job Summary We are seeking a highly skille d Microsoft Fabric Enginee r to design, develop, and maintain enterprise-…"
2026-09-26,Senior Data Engineer [T500-29515],FM,"Bangalore, Karnataka",,,2026-09-23T19:39:59Z,,0,"About us: We are a highly successful 190-year-old, Fortune 500 commercial property insurance company of 6,000 employees with a unique focus on science and risk engineering. Businesses worldwide trust our expertise to protect their assets, relying on our comprehensive risk assessments and robust, engineering-based insurance solutions to safeguard against fire, natural disasters, and other perils. Serving over a quarter of the Fortune 500 and major corporations globally, we deliver data-driven st…"
2026-09-26,Data Engineer,Recro,India,,,2026-09-04T16:57:28Z,"SQL, AWS",2,"Job Title: Data Engineer-AWS Experience: 2–3 Years Location: Pune Work Mode: Work from Office-Pune About the Role We are seeking a Junior Data Engineer with 2 to 3 years of experience to join our growing team in Pune. In this role, you will work alongside senior engineers to build, optimise, and maintain data pipelines, write efficient SQL queries, and utilise AWS cloud services to enable data processing and analytics across the organisation. Key Responsibilities Assist in developing, testing, …"
2026-09-26,Data Engineer,mCaffeine,"Mumbai, Maharashtra",,,2026-09-25T15:23:59Z,,0,"Company overview: PEP is a dynamic personal care company that proudly houses two innovative brands – mCaffeine & Hyphen . With a passion for creating high-performance, conscious, and consumer-loved products, we are redefining the way personal care is experienced. While mCaffeine is India’s first caffeinated personal care brand, loved for its energizing and playful approach, Hyphen is built on the philosophy of simplifying skincare through science-backed formulations. Together, our brands reflec…"
2026-09-26,Senior People Analyst,Wise,"Hyderabad, Telangana",,,2026-08-18T18:03:42Z,,0,"This job is with Wise, an inclusive employer and a member of myGwork – the largest global platform for the LGBTQ business community. Please do not contact the recruiter directly. Wise is a global technology company, building the best way to move and manage the world’s money. Min fees. Max ease. Full speed. Whether people and businesses are sending money to another country, spending abroad, or making and receiving international payments, Wise is on a mission to make their lives easier and save t…"
2026-09-26,GCP Data Engineer,HTC Global Services,"Chennai, Tamil Nadu",,,2026-09-01T16:22:57Z,"Python, GCP, ETL",3,"We are looking for an experienced Data Engineer with strong Python and Google Cloud Platform (GCP) expertise to design, develop, and maintain scalable data pipelines and cloud-based data solutions. The candidate will work closely with data analysts, data scientists, and business stakeholders to build reliable data platforms and enable data-driven decision-making. Key Responsibilities Design, develop, and maintain scalable ETL/ELT data pipelines using Python and GCP services. Develop high-qualit…"
2026-09-26,HR Analytics- Workday,Sutherland,India,,,2026-09-08T18:42:04Z,Excel,1,Job Title - HR Analytics Department HR Analytics Employment Type Full-Time Location : Chennai (WFH) Shift : 6.30 pm to 3.30 am Department : HR Analytics Role Summary We are seeking an experienced Senior HR Data Analyst to join our HR Analytics . The Senior Data Analyst will serve as a key subject matter expert in translating complex workforce data into actionable business insights. The ideal candidate will possess expertise in Workday report Writing paired with Advanced Excel data modelling cap…
2026-09-26,Senior Data Engineer – Databricks,"Aspire, Jordan",India,,,2026-09-08T14:40:42Z,ETL,1,"Data Engineer – Databricks Job Overview We are looking for an experienced Data Engineer with strong expertise in Databricks to design, develop, and optimize scalable data pipelines and modern data platforms. The ideal candidate will have hands-on experience with big data technologies, cloud platforms, and ETL/ELT processes , with a strong focus on building reliable, high-quality data solutions that support analytics and business intelligence initiatives. The Data Engineer will collaborate close…"
2026-09-26,Python Backend Consultant (Data Engineering & Data Pipelines),BCI~IT,"Noida, Ghaziabad",,,2026-09-25T15:21:15Z,Python,1,"Python Backend Consultant (Data Engineering & Data Pipelines) Employment Type: 6–12-month contract Experience Level: Mid-Level to Senior-Level Pay: $15-$22/hr USD Job Summary BCI is seeking a skilled contract Python Backend Developer to design, develop, and maintain scalable backend systems and data pipelines. Please note: This will be a 6-12 month contract. The ideal candidate will have strong experience in Python, integrating data from multiple sources, and developing reliable, high-performan…"
2026-09-26,Senior Data Engineer,Latinem Private Limited,"Hyderabad, Telangana",,,2026-09-11T17:13:30Z,,0,"Job Title: Senior Data Engineer – Data Analytics Location: Hyderabad Function: Data Analytics / Business Intelligence Role Overview: We are seeking a Senior Data Engineer – Data Analytics to lead the organization’s analytics strategy and enable data driven decision making across the enterprise. This role will drive advanced analytics and BI initiatives, partner with business and IT leaders, and ensure scalable, secure, and compliant analytics solutions. Key Responsibilities: Define and execute …"
2026-09-26,Data Engineer,Ascendion,"Hyderabad, Telangana",,,2026-09-24T15:18:21Z,"SQL, Python",2,"Job Description – Microsoft Data Engineer Job Title: Microsoft Data Engineer Location: Hydrabad Employment Type: Full-Time Role Overview We are looking for a Microsoft Data Engineer with Minimum 7 Years exp, with strong hands-on experience in Microsoft Fabric, OneLake, PySpark, Python, and SQL . The ideal candidate will be responsible for building and optimizing modern data pipelines, data platforms, and analytics solutions using Microsoft’s data ecosystem. Key Responsibilities Design, develop,…"
2026-09-26,Technical Project Manager - Data,ValueMomentum,"Hyderabad, Telangana",,,2026-09-18T23:25:24Z,"SQL, Azure",2,"Job Title: Technical Project Manager (Data) Primary Skill: SQL, Datawarehouse, Azure tech stack – Azure Data Factory (ADF), Databricks, Synapse Location: Hyderabad Experience: 12-15 years Role: Data Technical Project Manager We are looking for an experienced Data Technical Project Manager with strong expertise in Data Engineering, Databricks, Agile/Scrum, and end-to-end project delivery. The candidate will be responsible for managing data projects, coordinating cross-functional technical teams,…"
2026-09-26,Azure Data Engineer,EXL,"Noida, Ghaziabad",,,2026-09-01T16:20:30Z,"SQL, Azure, ETL, Snowflake",4,"Role - Azure Data Engineer Mandatory Skill - Azure Data Factory, DBT, Snowflake Experience range - 5-8 yrs Location- Noida, Gurgaon, Pune, Bangalore, Hyderabad, Chennai Job Description: Key Responsibilities : o Design and develop ETL/ELT pipelines using Azure Data Factory, Snowflake, and DBT. o Build and maintain data integration workflows from various data sources to Snowflake. o Write efficient and optimized SQL queries for data extraction and transformation. o Work with stakeholders to under…"
2026-09-26,Content Writer,Collegedunia,India,,,2026-09-02T21:45:19Z,,0,"About your new company Collegedunia is an education portal, matching students with the best colleges in India abroad. We help in college research, exam prep tips, application process & also provide insights on-campus life. Launched in 2014, we are the highest ranked portal by Similar Web in education. We have also been awarded as - Best Educational Portal by IAMAI in 2017, and listed by TechinAsia as Top 100 Startups in Asia. Collegedunia is fuelled by the energy of over a 1000 individuals havi…"
2026-09-26,"Product Analyst – Operations Reference Data, AVP",Deutsche Bank,"Bangalore, Karnataka",,,2026-08-18T18:03:42Z,,0,"This job is with Deutsche Bank, an inclusive employer and a member of myGwork – the largest global platform for the LGBTQ business community. Please do not contact the recruiter directly. Position Overview Role Description The Product Reference Data Service team sits within Operations Reference Data Services and is responsible for providing accurate and timely product reference data for the Bank. pRDS provides product data for all divisions of the Bank (IB/CB/PB) and deals with stakeholder acro…"
2026-09-26,AWS Data Engineer,Persistent Systems,India,,,2026-09-01T16:21:25Z,"AWS, ETL",2,"About Position: We are seeking an experienced AWS Data Engineer with 8-12 years of experience in designing, developing, and supporting cloud-native data platforms and ETL solutions on AWS. The ideal candidate will be responsible for building scalable data pipelines, implementing event-driven architectures, automating infrastructure, and enabling reliable data integration across enterprise applications. This role requires strong expertise in AWS Glue, AWS Lambda, Step Functions, S3, Terraform, C…"
2026-09-26,LEAD DATA ENGINEER,Eucloid Data Solutions,"Chennai, Tamil Nadu",,,2026-09-01T16:23:00Z,,0,"Job Description Eucloid is looking for a Lead Data Engineer to join our Data Platform team supporting various business applications. The ideal candidate will support development of data infrastructure for our clients by participating in activities which may include starting from up- stream and down-stream technology selection to designing and building of different components. Candidate will also involve in projects like integrating data from various sources, managing big data pipelines that are…"
2026-09-26,Equity Fund Manager,Taurus Mutual Fund,India,,,2026-09-13T17:17:16Z,,0,"As a Fund Manager, you will be responsible for managing investment portfolios, analyzing market trends, and making informed investment decisions. Your role is crucial in driving the performance of the funds under your management, and you will play a key part in maintaining and enhancing client relationships. The ideal candidate has a strong analytical mindset, a deep passion for investing, and is ultra-competitive in a positive team context. Key responsibilities: Develop and implement effective…"
2026-09-26,Data Analyst,Inficore Soft,India,264000.0,276000.0,2026-08-03T06:51:53Z,,0,"Data Analyst (Full-Time) Company: Inficore Soft Job Title: Data Analyst Location: India Employment Type: Full-Time Salary: ₹22,000 per month About Inficore Soft Inficore Soft is a technology-driven company focused on delivering innovative software and digital solutions. We are looking for a detail-oriented Data Analyst who can transform raw data into meaningful insights to support business growth and strategic decision-making. Key Responsibilities * Collect, clean, and validate data from multip…"
2026-09-26,Data Analyst,,"Thiruvananthapuram, Kerala",,,2024-05-10T07:38:46Z,,0,Immediate requirement for the post of Data Analyst on rotation Shift (Male or Female). Persons only willing to work in both shifts need to apply.careers.coretechgmail.comorplease contact 9.4.nine.6.8.1.5.6.3.0
2026-09-26,Data Analyst,Cloudester Software LLP,"Sevasi, Vadodara",,,2026-08-27T17:11:56Z,"SQL, Excel",2,"We are looking for a Data Analyst with 5-6 years of experience for a 3-month contract position in Vadodara . The ideal candidate should have a strong Data Analyst background with the ability to work with Excel, SQL, web-scraped data, and databases , while also being comfortable supporting basic cloud database, software, and data-related troubleshooting activities . Since the application relies heavily on accurate data, the candidate should be able to identify data-related issues and assist user…"
2026-09-26,Data Analyst,Garden City Games India Pvt Ltd,"Richmond Town, Bangalore",,,2026-08-28T03:23:17Z,,0,"Responsibilities: A Games Data Analyst will work closely with development studios, game development teams, product managers and internal teams to validate learnings and optimize our games to improve upon a range of KPIs and metrics. You will take responsibility for analytics solutions including designing data pipelines, building dashboards and visualizations, and ad hoc analyses for mobile F2P titles across the Phoenix group of studios. Minimum of 3 years experience in a similar role and/or mus…"
2026-09-26,Data Analyst,ALTRAIZE,"Bangalore, Karnataka",500000.0,600000.0,2026-09-26T07:08:57Z,,0,"Job Summary We are seeking a detail-oriented and analytical Data Analyst to support our manufacturing operations by collecting, analyzing, and interpreting production data. The ideal candidate will work closely with production, quality, maintenance, and supply chain teams to identify trends, improve operational efficiency, reduce costs, and support data-driven decision-making. Key Responsibilities Collect, clean, and analyze manufacturing and production data from multiple sources. Develop dashb…"
2026-09-26,Data Analyst,Time Hack Consulting,"Bangalore, Karnataka",600000.0,1300000.0,2026-08-20T07:10:41Z,,0,"Role: Data Analyst / Analytics Engineer About the Company A high-growth fintech platform is scaling two core data initiatives: a credit bureau intelligence engine that turns financial signals into automated underwriting logic, and an embedded health membership product distributed across its large lending base. This role sits at the intersection of credit data, user behavior, and multi-channel campaign analytics to power real-time eligibility engines, customer targeting models, and product-mappi…"
2026-09-26,Data Analyst,Acme Services Private Limited,"Bazargate, Mumbai",1000000.0,2000000.0,2026-09-21T23:44:50Z,,0,"Job Description: Administer and manage Fabric capacities, workspaces, permissions, and tenant wide settings Define and implement standards, guardrails, and usage models for Fabric in alignment with IT governance Manage access control, data segregation, and role concepts across Fabric workspaces and environments Monitor platform usage, performance, and costs, and proactively optimize capacities and workloads Support integration of Fabric with existing enterprise systems, data sources, and platfo…"
2026-09-26,Data Analyst,Renesas Electronics,"Bangalore, Karnataka",,,2026-09-22T14:32:07Z,,0,"Job Description Job Purpose & Dimensions Ensure global master data is being maintained on a highest quality level throughout their lifecycle. Define and continuously improve and implement measures, processes and tools to control global master data consistency and enhance existing tools. Core Responsibilities Maintain and govern master data across SCM systems, ensuring data quality, consistency, and compliance with governance standards. Ensure adherence to Master Data Governance (MDG) standards,…"
2026-09-26,Data Analyst,Medico Workforce,India,180000.0,240000.0,2026-09-20T07:07:18Z,"SQL, Python",2,"About the Opportunity Medico Workforce operates at the intersection of healthcare and data intelligence, empowering medical staffing agencies and clinical organizations with actionable insights. We build data-driven decision tools that optimize workforce allocation, reduce hiring friction, and improve clinician retention — all through scalable analytics powered by SQL, Python, and modern BI platforms. This role sits at the core of our analytics engine, turning raw hiring, placement, and perform…"
2026-09-26,Data Analyst/ Senior Data Analyst,Dynata,"Noida, Ghaziabad",,,2026-07-29T20:47:45Z,"Excel, PowerPoint",2,"Responsibilities Ability to work on low complexity projects independently (Data Validation, Data Delivery &Tabulation/Data Outputs) Understand client requirement specifications and ensure to deliver them in time Organizing and shaping the data through the internal standards Escalate problems to manager for assistance as needed Experience 2-5 years of work experience in market research or equivalent. Knowledge & Skill Knowledge in Microsoft Office(Excel, Word and powerPoint). Knowledge of SPSS K…"
2026-09-26,Staff Backend Engineer,Wise,"Hyderabad, Telangana",,,2026-09-12T08:31:36Z,,0,"This job is with Wise, an inclusive employer and a member of myGwork – the largest global platform for the LGBTQ business community. Please do not contact the recruiter directly. Wise is a global technology company, building the best way to move and manage the world’s money. Min fees. Max ease. Full speed. Whether people and businesses are sending money to another country, spending abroad, or making and receiving international payments, Wise is on a mission to make their lives easier and save t…"
2026-09-26,"Data Science || 2.5 Years || Bangalore, Hyderabad, Gurugram, Mumbai, Kolkata, Chennai",A Client of Neerinfo Solutions,"Bangalore, Karnataka",,,2026-09-25T22:02:56Z,"SQL, Python, R, AWS, Azure, GCP, Machine Learning",7,"Senior Analyst – Data Science & Gen AI Experience: 2.5 Years Locations: Bangalore, Hyderabad, Gurugram, Kolkata, Mumbai, Chennai Role: Senior Analyst Employment Type: Full-Time Job Summary We are looking for a Senior Analyst – Data Science & Gen AI with 2.5 years of experience in Data Science, Machine Learning, Generative AI, LLMs, and NLP . The ideal candidate should have strong hands-on experience in Python and SQL , along with exposure to cloud technologies such as Azure, AWS, or GCP . Key R…"
2026-09-26,Data Analyst,Digital Twin,"Pune, Maharashtra",,,2026-05-21T02:12:34Z,,0,"Job Summary - Data Analyst We are looking to hire a data analyst to join our enterprise customer solutions team. As a Data Analyst, one will take responsibility for developing reports, and troubleshooting data issues. To do well in this role you need attention to detail, past experience as a data analyst, and a deep understanding of the popular data analysis tools and databases. Data Analyst Responsibilities: ● Commissioning and decommissioning of data sets. ● Processing confidential data and i…"
2026-09-26,Data Analyst,SveltetechTechnologies Pvt Ltd,"Delhi, India",0.0,300000.0,2021-02-15T04:27:43Z,,0,"Data Analyst Job Duties Data analyst responsibilities include conducting full lifecycle analysis to include requirements, activities and design. Data analysts will develop analysis and reporting capabilities. They will also monitor performance and quality control plans to identify improvements. Responsibilities Interpret data, analyze results using statistical techniques and provide ongoing reports Develop and implement databases, data collection systems, data analytics and other strategies tha…"
2026-09-26,Data Analyst,Reliance Games,"Pune, Maharashtra",,,2026-09-03T08:01:51Z,SQL,1,"Develop complex queries and procedures to extract data for game analytics. Create dashboards on a daily basis handling multiple games simultaneously. Present the insights and findings to key stakeholders. Work closely with Product Managers to identify analytical questions. Work independently on the assigned tasks. Assist in development of processes to automate data analysis. Learn and adapt to new methods, tools and technologies. Relevant experience in SQL Querying, Data Analysis using Microsof…"
2026-09-26,Data Analyst,Amicus Therapeutics,"Bangalore, Karnataka",,,2025-04-16T01:41:37Z,,0,"Position Description Data Analyst Location: Remote/Bangalore Amicus Therapeutics is a global, patient-dedicated biotechnology company focused on discovering, developing and delivering high-quality medicines for people living with rare metabolic diseases. Position Summary Data analyst responsibilities include conducting full lifecycle analysis to include requirements, activities and design. Data analysts will develop analysis and reporting capabilities. They will also monitor performance and qua…"
2026-09-26,Data Analyst,Qrata,"Delhi, India",1000000.0,1200000.0,2024-01-07T15:08:07Z,,0,"Job Title: Data Analyst Job Brief: The successful candidate will turn data into information, information into insight and insight into business decisions. Data Analyst Job Duties Data analyst responsibilities include conducting full lifecycle analysis to include requirements, activities and design. Data analysts will develop analysis and reporting capabilities. They will also monitor performance and quality control plans to identify improvements. About Us We began in 2015 with an entrepreneuria…"
2026-09-26,Data Analyst,Amicus India,"Bangalore, Karnataka",,,2026-05-30T02:27:15Z,,0,"Data Analyst Location: Remote/Bangalore Amicus Therapeutics is a global, patient-dedicated biotechnology company focused on discovering, developing, and delivering high-quality medicines for people living with rare metabolic diseases. Position Summary Data analyst responsibilities include conducting full lifecycle analysis to include requirements, activities and design. Data analysts will develop analysis and reporting capabilities. They will also monitor performance and quality control plans t…"
2026-09-26,Data Analyst,TechnoGen,"Hyderabad, Telangana",,,2026-08-21T07:38:38Z,"SQL, Python, Tableau, Statistics, ETL, Looker",6,"Bachelor's degree or equivalent in Information Technology, Computer Science, CIS, Engineering, or Math 5 year's proven working experience as a data analyst or business data analyst 3 years' Experience with BI Solutions (Micro Strategy, Looker, Tableau), databases (SQL), programming (Python, XML, JavaScript, or ETL frameworks) Technical experience regarding data models, database design development, data mining and segmentation techniques Knowledge of statistics and experience analyzing datasets …"
2026-09-26,Data Analyst,Qrata,"Delhi, India",800000.0,1300000.0,2024-01-07T15:07:49Z,,0,"Job Title Data Analyst Job Brief The successful candidate will turn data into information, information into insight and insight into business decisions. Data Analyst Job Duties Data analyst responsibilities include conducting full lifecycle analysis to include requirements, activities and design. Data analysts will develop analysis and reporting capabilities. They will also monitor performance and quality control plans to identify improvements. Responsibilities ● Interpret data, analyze results…"
2026-09-26,Data Analyst,InTouch CX,"Hyderabad, Telangana",,,2026-01-16T00:31:50Z,,0,"About the Job We are looking for a Data Analyst who is a self-starter with the ability to work in a fast-paced, performance driven environment. The incumbent will be responsible for the analysis and reporting of operational related data in an on-going effort to increase visibility for program performance. As Data Analyst, You Will… Collect, analyze, evaluate and report data in order to increase visibility into performance for all lines of business within 24-7 Intouch Complete projects and ad-ho…"
2026-09-26,Data analyst,RECEX,"Kolkata, West Bengal",2880000.0,3600000.0,2026-05-14T02:27:02Z,Data Visualization,1,"Job Description: Job Title: Data Analyst Job Description: We are looking for a skilled Data Analyst to collect, analyze, and interpret large datasets to help drive business decisions. The ideal candidate will have strong analytical skills, attention to detail, and experience with data visualization tools. Key Responsibilities: Analyze data to identify trends and insights. Create dashboards and reports for internal stakeholders. Collaborate with teams to understand data needs. Ensure data accura…"
2026-09-26,Data Analyst,Fatakpay,India,800000.0,1500000.0,2024-12-07T13:03:54Z,,0,"Job Title : Data Analyst-Fintech Job Description : We are seeking a highly motivated and detail-oriented Data Analyst with 2 to 4 years of work experience to join our team. The ideal candidate will have a strong analytical mindset, excellent problem-solving skills, and a passion for transforming data into actionable insights. In this role, you will play a pivotal role in gathering, analyzing, and interpreting data to support informed decision-making and drive business growth. Key Responsibiliti…"
2026-09-26,Data Analyst,RECEX,"Vasai, Thane",300000.0,500000.0,2026-05-27T02:25:11Z,,0,"Job Description: *]:pointer-events-auto R6Vx5W_threadScrollVars scroll-mb-[calc(var(scroll-root-safe-area-inset-bottom,0px)var(thread-response-height))] scroll-mt-[calc(var(header-height)min(200px,max(70px,20svh)))]"" data-scroll-anchor=""false"" data-testid=""conversation-turn-2"" data-turn=""assistant"" data-turn-id=""request-WEB:a09f2817-6254-4ccc-9fb6-39e39dbcb8e3-0"" data-turn-id-container=""request-WEB:a09f2817-6254-4ccc-9fb6-39e39dbcb8e3-0"" dir=""auto""> Job Description – Data Analyst Position: Data…"
2026-09-26,Data Analyst,Malaysian Global Innovation and Creativity Centre,India,500000.0,1000000.0,2019-06-05T21:12:29Z,,0,"MaGIC Technology and Product team is looking for a data analyst to help expand and improve data on startups, investors, and founders in the ASEAN region. As part of the data team on our Startup Database product, you will assist in maintaining the accuracy of information on startups and investors, and continuously update our repository with latest publicly available data on the same. The job offers a high degree of autonomy and will also see you playing a leading role in the analysis of the data…"
2026-09-26,Data Analyst,Navrang HR Solutions,"Surat, Gujarat",2880000.0,3600000.0,2026-05-13T01:59:29Z,"SQL, Python, Power BI, Looker",4,"Job Description: Key Responsibilities  Assist in extracting, cleaning, and analyzing datasets using SQL and Python.  Develop and maintain dashboards and reports using Power BI, Looker Studio, or other BI tools.  Support the team in data validation, quality checks, and troubleshooting.  Collaborate with senior data analysts and business teams to understand requirements and deliver insights.  Perform exploratory data analysis (EDA) to identify trends, patterns, and anomalies.  Automate recu…"
2026-09-26,Data Analyst,In Touch,"Hyderabad, Telangana",,,2026-01-16T00:45:45Z,,0,"About the Job Join us in transforming the perception of customer service! We are seeking a dedicated Data Analyst to analyze and report on operational data, enhancing program performance visibility. This role is vital in contributing to various projects and performing ad-hoc analyses, providing timely insights that support strategic decision-making. If you are passionate about data and eager to make a significant impact, we invite you to apply! As Data Analyst, You Will… Collect and organize la…"
2026-09-26,Data Analyst,Precision Medicine Group,India,,,2026-08-19T20:39:55Z,,0,"The Data Analyst supports client business processes and operations activities to ensure on-time and high-quality deliverables. Data Analyst combines best-in-class operational and analytic skills with strong problem-solving and communication abilities to projects, solving operational and analytical business problems. You will collaborate with and work closely with Senior Data Analyst & Operations Delivery Lead to deliver operational items. Essential functions of the job include but are not limit…"
2026-09-26,Data Analyst,Namaste Credit,"Bangalore, Karnataka",500000.0,1000000.0,2020-09-19T01:45:32Z,,0,"About the Role The following Job Specification is intended to reflect the nature, range and context of the work. It identifies the main requirements of the job but is not an exhaustive list of duties. The Data Analyst role is a vital role as to be a sole point of contact responsible for closely working with various teams internally and closely working with the CTO. This role typically requires the resource to analyse the vast number of datasets and provide a meaningful impact and the result of …"
2026-09-26,Data Analyst,NAVVYASA CONSULTING PRIVATE LIMITED,India,,,2025-11-20T00:58:08Z,"SQL, Python",2,"About the Role We are looking for a highly skilled Data Analyst or Data Scientist with strong expertise in Python and SQL to join our client’s team. The primary responsibility will be to automate data-driven workflows and processes based on detailed business steps provided by the Product and Business teams. The ideal candidate will bridge the gap between analytics, process understanding, and automation execution. Key Responsibilities ● Collaborate with the Business and Product teams to understa…"
2026-09-26,Data Analyst,Whisk Software Private Limited,"Pune, Maharashtra",,,2026-08-07T07:26:13Z,"SQL, Tableau",2,"Expert knowledge of one or more reporting platforms (Tableau, Business Objects, etc.) Expert in constructing and optimizing complex SQL queries across large volumes of data Expert knowledge of one or more data quality management platforms (Informatica IDQ / CDQ, Ataccama, Information Builders) and using that platform to conduct data discovery and analysis Strong analytical skills and an understanding of the appropriate statistical techniques to use under different circumstances Experience desig…"
2026-09-26,Data Analyst,InTouch CX,"Hyderabad, Telangana",,,2026-01-16T00:52:21Z,,0,"About the Job We are revolutionizing the way people perceive customer service, and we require your assistance! We are currently seeking a Data Analyst who will be responsible for analyzing and reporting on operational data in an effort to enhance program performance visibility. This role will also contribute to various projects and perform ad-hoc analyses to provide timely information and support for strategic decision-making. As Data Analyst, You Will… Continuously monitor and evaluate data to…"
2026-09-26,Data Analyst,Intelliatx Therapeutics,"Bangalore, Karnataka",,,2025-11-19T22:19:09Z,,0,"Data Analyst – Job Decription Connecting people with each other and the right information is mission critical. Our Company develops innovative cloud-based technology to make it easier, more effective and more efficient to make the right connections. Our solutions put people in sync with each other and the right information, so they gain the insight needed to reach better decisions on the issues that matter most. We do it with a laser focus on reliability. The Company is a leading provider of te…"
2026-09-26,Data Analyst,Cornerstone OnDemand,"Pune, Maharashtra",,,2026-09-09T21:36:43Z,Oracle,1,"We're looking for a Data Analyst This role is Office Based, Pune Office Data Analyst – Enterprise Data Management Location: Hyderabad, India About the Role: We are seeking an experienced Data Analyst to join our Enterprise Data Management team , with a core focus on Data Quality, Data Governance, and Master Data Management (MDM). In this role, you will be responsible for analyzing, profiling, and enhancing data within critical enterprise applications, including Salesforce, Oracle ERP, and Marke…"
2026-09-26,Data Analyst,MedTourEasy,India,600000.0,600000.0,2026-09-18T21:52:19Z,,0,"Company Overview MedTourEasy, a global healthcare company, provides you the informational resources needed to evaluate your global options. MedTourEasy provides analytical solutions to our partner healthcare providers globally. Job Title Data Analyst Job Location Bengaluru, India Gurgaon, India New Delhi, India Noida, India Years of Experience 0-5 years Job Description As a Data Analyst at Medtoureasy, you will play a crucial role in analyzing and interpreting complex data sets to help drive st…"
2026-09-26,Data Analyst,RegisterKaro,India,400000.0,1000000.0,2025-01-01T11:53:10Z,"Python, Data Visualization",2,"Job Description: Data Analyst Position: Data Analyst Location: Gurgaon Experience Level: 1-3 Years Employment Type: Full-Time Role Overview We are looking for a results-driven Data Analyst to join our team and support business decision-making through data insights and analytics. The ideal candidate will be highly proficient in Python, skilled in data visualization tools, and experienced in solving complex problems to drive measurable business outcomes such as revenue growth or cost reduction. K…"
2026-09-26,Data Analyst,Reality Premedia Services Pvt Ltd,"Pune, Maharashtra",0.0,800000.0,2021-09-29T05:01:45Z,"SQL, Python, Tableau",3,"We at Reality Premedia pvt ltd is looking for Data Analyst for Pune location. Must have experience in BFSC domain. Exp- Min 3yrs Location- Pune Mandatory Skills- Exp in powerBI/Tableau, SQL Basic Python Skills:- Tableau, PowerBI and Data Analytics"
2026-09-26,Data Analyst,Equitas Small Finance Bank,India,,,2026-07-28T20:53:05Z,,0,"We are looking for a detail-oriented and analytical Data Analyst to join our team. In this role, you will collect, clean, and interpret complex datasets to help leadership and cross-functional teams understand market trends, optimize operations, and solve business challenges. [ 1 , 2 , 3 ]"
2026-09-26,Data Analyst,Gravity Engineering Services Pvt Ltd,"Bangalore, Karnataka",800000.0,2000000.0,2026-09-22T16:13:39Z,SQL,1,"We're hiring a Data Analyst to turn raw data into clear, actionable insight. You'll partner with product, sales, marketing, and operations teams to answer their most important questions with data — building dashboards, running deep-dive analyses, and defining the metrics the business runs on. The ideal candidate is fluent in SQL, comfortable wrangling messy datasets, and just as strong at telling the story behind the numbers as they are at producing them. You'll own the accuracy and trustworthi…"
2026-09-26,Data Analyst,Equitas Small Finance Bank,India,,,2026-09-12T21:25:52Z,,0,"We are seeking a detail-oriented and analytical Data Analyst to support the Marketing team by transforming data into actionable insights. The ideal candidate will analyze customer behavior, campaign performance, market trends, and digital marketing metrics to help drive data-based decision-making and optimize marketing effectiveness."
2026-09-26,Data Analyst,Apex 2000,"Bangalore, Karnataka",,,2026-08-25T07:43:27Z,,0,"We are seeking a meticulous and analytical Data Analyst to manage master data, ensure data quality, and support reporting and analysis initiatives. You will be responsible for overseeing the reporting environment, identifying and revising reporting requirements, and providing technical expertise in data management. This role involves working with confidential data, training end-users, and contributing to data integrity efforts. Roles & Responsibilities: Manage master data, including its creatio…"
2026-09-26,Data Analyst,Ecolab,India,,,2026-09-13T21:42:16Z,,0,"At Ecolab, you can help take on some of the world’s most meaningful challenges, delivering critical insights and innovative solutions to help our customers achieve clean water, safe food, abundant energy and healthy environments. With our worldwide reach and ambitious growth plans, you will have the opportunity to own your future and impact what matters. Are you ready to make an impact? Ecolab is searching for a driven Data Analyst for our Enterprise Growth Operations Team in Pune, India . The …"
2026-09-26,Data Analyst,Sagility,India,,,2025-12-07T22:44:33Z,,0,"Sagility combines industry-leading technology and transformation-driven BPM services with decades of healthcare domain expertise to help clients draw closer to their members. The company optimizes the entire member/patient experience through service offerings for clinical, case management, member engagement, provider solutions, payment integrity, claims cost containment, and analytics. Sagility has more than 25,000 employees across 5 countries. ""To conduct data analysis, provide insights, and c…"
2026-09-26,Data Analyst,Cornerstone onDemand,"Pune, Maharashtra",,,2026-09-09T11:07:12Z,Oracle,1,"Data Analyst - Enterprise Data Management Location: Hyderabad, India About the Role: We are seeking an experienced Data Analyst to join our Enterprise Data Management team, with a core focus on Data Quality, Data Governance, and Master Data Management (MDM). In this role, you will be responsible for analyzing, profiling, and enhancing data within critical enterprise applications, including Salesforce, Oracle ERP, and Marketo. A key part of your responsibilities involves establishing and maintai…"
2026-09-26,Data Analyst,Cornerstone onDemand,"Hyderabad, Telangana",,,2026-09-09T11:07:12Z,Oracle,1,"Data Analyst - Enterprise Data Management Location: Hyderabad, India About the Role: We are seeking an experienced Data Analyst to join our Enterprise Data Management team, with a core focus on Data Quality, Data Governance, and Master Data Management (MDM). In this role, you will be responsible for analyzing, profiling, and enhancing data within critical enterprise applications, including Salesforce, Oracle ERP, and Marketo. A key part of your responsibilities involves establishing and maintai…"
2026-09-26,Data Analyst,Indium Software,India,250000.0,800000.0,2021-06-12T12:42:07Z,"SQL, Python",2,"The Data Analyst in the CoE will provide end to end solution development, working in conjunction with the Domain Leads and Technology Partners. He is responsible for the delivery of solutions and solution changes which are driven by the business requirements as well as providing technical and development capabilities. Knowledge Skills:- Apache Synapse, SQL, SAP MDG ( Master Data Governance), Python and Data Analytics"
2026-09-26,Data Analyst,EWU,"Coimbatore, Tamil Nadu",400000.0,700000.0,2025-08-04T05:33:07Z,"Tableau, Data Visualization",2,"We’re seeking a detail-oriented Data Analyst with proven experience in corporate settings to transform raw data into actionable insights. You’ll collaborate across departments to support strategic decision-making, optimize operations, and enhance business performance through data-driven analysis. Skills:- PowerBI, Tableau, Data Analytics, Dashboard, MS-Office, Data Visualization and Advanced analytics"
2026-09-26,data analyst,Epik Solutions,India,50000.0,700000.0,2024-09-07T11:25:36Z,,0,"Job Title: Data Analyst Location: Permanent Work from Home Job Type: Full-Time Job Description: We are seeking a highly motivated and skilled Data Analyst to join our team. The ideal candidate will have a strong background in data analysis, incident management, and real-time data reporting. The role demands exceptional communication skills, both written and spoken, as well as the ability to work flexible shifts to support our global operations. Key Responsibilities: - Perform data analysis to i…"
2026-09-26,Data Analyst,Multi Recruit,"Bangalore, Karnataka",1200000.0,1400000.0,2022-01-30T04:34:26Z,,0,"We are looking for a Business Intelligence (BI)/Data Analyst to create and manage Power Bl and analytics solutions that turn data into knowledge. In this role, you should have a background in data and business analysis. If you are self-directed, passionate about data, and have business acumen and problem-solving aptitude, we'd like to meet you. Ultimately, you will enhance our business intelligence system to help us make better decisions. Requirements and Qualifications BSc/BA in Computer Scien…"
2026-09-26,Data Analyst,Milestone Online Technology,"Ahmedabad, Gujarat",,,2026-08-08T07:31:06Z,"SQL, Python, Excel, Power BI, Tableau",5,"Job description Need Data Analysts with good understanding of Python (pandas), Excel, tools like Tableau and Power BI. BTech (CS/IT/EC/EE), MBA, MTech, MCA, BCA, BSc, MSc freshers from 2024, 2023, 2022, 2021 should apply. Candidate should know Data Analytics. Skills: Power Bi, Sql, Python Experience: 0.00-1.00 Years"
2026-09-26,Data Analyst,Milestone Online Technology,"Bangalore, Karnataka",,,2026-08-08T07:31:05Z,"SQL, Python, Excel, Power BI, Tableau",5,"Job description Need Data Analysts with good understanding of Python (pandas), Excel, tools like Tableau and Power BI. BTech (CS/IT/EC/EE), MBA, MTech, MCA, BCA, BSc, MSc freshers from 2024, 2023, 2022, 2021 should apply. Candidate should know Data Analytics. Skills: Power Bi, Sql, Python Experience: 0.00-1.00 Years"
2026-09-26,Data Analyst,Milestone Online Technology,"Gurgaon, Haryana",,,2026-08-08T07:31:06Z,"SQL, Python, Excel, Power BI, Tableau",5,"Job description Need Data Analysts with good understanding of Python (pandas), Excel, tools like Tableau and Power BI. BTech (CS/IT/EC/EE), MBA, MTech, MCA, BCA, BSc, MSc freshers from 2024, 2023, 2022, 2021 should apply. Candidate should know Data Analytics. Skills: Power Bi, Sql, Python Experience: 0.00-1.00 Years"
2026-09-26,Data Analyst,Milestone Online Technology,"Lucknow, Uttar Pradesh",,,2026-08-08T07:31:07Z,"SQL, Python, Excel, Power BI, Tableau",5,"Job description Need Data Analysts with good understanding of Python (pandas), Excel, tools like Tableau and Power BI. BTech (CS/IT/EC/EE), MBA, MTech, MCA, BCA, BSc, MSc freshers from 2024, 2023, 2022, 2021 should apply. Candidate should know Data Analytics. Skills: Power Bi, Sql, Python Experience: 0.00-1.00 Years"
2026-09-26,Data Analyst,Milestone Online Technology,"Patna, Bihar",,,2026-08-08T07:31:06Z,"SQL, Python, Excel, Power BI, Tableau",5,"Job description Need Data Analysts with good understanding of Python (pandas), Excel, tools like Tableau and Power BI. BTech (CS/IT/EC/EE), MBA, MTech, MCA, BCA, BSc, MSc freshers from 2024, 2023, 2022, 2021 should apply. Candidate should know Data Analytics. Skills: Power Bi, Sql, Python Experience: 0.00-1.00 Years"
2026-09-26,Data Analyst,Milestone Online Technology,"Kolkata, West Bengal",,,2026-08-08T07:31:05Z,"SQL, Python, Excel, Power BI, Tableau",5,"Job description Need Data Analysts with good understanding of Python (pandas), Excel, tools like Tableau and Power BI. BTech (CS/IT/EC/EE), MBA, MTech, MCA, BCA, BSc, MSc freshers from 2024, 2023, 2022, 2021 should apply. Candidate should know Data Analytics. Skills: Power Bi, Sql, Python Experience: 0.00-1.00 Years"
2026-09-26,Data Analyst,MSMEx,"Mumbai, Maharashtra",0.0,1200000.0,2021-09-05T02:42:02Z,,0,We are looking for a Data Analyst that oversees organisational data analytics. This will require you to design and help implement the data analytics platform that will keep the organisation running. The team will be the go-to for all data needs for the app and we are looking for a self-starter who is hands on and yet able to abstract problems and anticipate data requirements. This person should be very strong technical data analyst who can design and implement data systems on his own. Along wit…
2026-09-26,Data Analyst,Umberto Ceramics International Private Limited,India,500000.0,600000.0,2026-08-26T10:41:26Z,,0,"Data Analyst We are seeking a Data Analyst to join Ariane Fine Porcelain's operations team. This role centers on extracting, transforming and analyzing data from ERP systems to support production, inventory, quality and finance functions within a ceramics manufacturing environment. The successful candidate will combine domain knowledge of manufacturing with technical ERP and analytics expertise to enable data-driven decisions, improve process efficiency and support ERP optimizations. Responsibi…"
2026-09-26,Data Analyst,Syrencloud,"Hyderabad, Telangana",0.0,800000.0,2021-09-11T02:17:17Z,SQL,1,"Our growing technology firm is looking for an experienced Data Analyst who is able to turn project requirements into custom-formatted data reports. The ideal candidate for this position is able to do complete life cycle data generation and outline critical information for each Project Manager. We also need someone who is able to analyze business procedures and recommend specific types of data that can be used to improve upon them. Skills:- SQL, SAP and Data Analytics"
2026-09-26,Data Analyst,RECEX,"Delhi, India",400000.0,480000.0,2026-05-14T02:27:43Z,"SQL, Excel, Power BI, Data Visualization",4,"Job Description: We are seeking a skilled Data Analyst with expertise in Power BI to design and maintain interactive dashboards, analyze complex datasets, and deliver actionable insights. The ideal candidate will have experience in data visualization, report creation, and performance analysis. Strong proficiency in Power BI, SQL, and Excel is essential. The role requires excellent problem-solving abilities, attention to detail, and effective communication to present data findings to stakeholder…"
2026-09-26,Data Analyst,Fragma Data Systems,India,600000.0,800000.0,2022-02-12T04:45:18Z,"SQL, Spark, Azure, Data Visualization",4,"Good grasp and hands-on exposure to SQL, Hive. Good to have- Azure cloud, Spark sql. 1. Will be the point of contact for reporting/data management needs and will be responsible to drive complex data analysis and propose improvement opportunities in existing tools and reports. 2. The Data Analyst will be responsible to establish best practices in data management, data visualization, and report distribution. 3. Understanding requirements and converting into technical and business delivers. 4. Lev…"
2026-09-26,Data Analyst,,"Vadodara, Gujarat",,,2024-05-10T07:38:51Z,R,1,"We are Hiring for ( Data Analyst ) ( Desired Candidate Profile: Checking ) Analysis and entering data in databases working in a Emergency Control Room and working on Logistics Portal Interface and GPS, Good Communication skill (Hindi & English) Employee Condition:- · Job Location is Vadodara · Girls only work in ‘A’ and ‘B’ Shift · Bond Period is 1 Years and breach to which is strictly not allowed. Special Request / Permissions shall be reviewed for by higher management is case of relieving · R…"
2026-09-26,Data Analyst,3i Infotech Limited,"Navi Mumbai, Maharashtra",,,2026-09-10T07:36:32Z,"SQL, Python, Excel, R",4,"Manage HRIS, ensure data accuracy, and streamline HR processes. Analyze HR data (performance, turnover, recruitment) and provide insights. Develop HR reports and dashboards for decision-making. Assist in workforce planning and compensation analysis. Evaluate employee engagement, retention, and recruitment effectiveness. Ensure HR compliance and mitigate risks. Support training evaluation and strategic HR initiatives. Skills: Proficient in data analysis (Excel, SQL, R, Python), HRIS, and data vi…"
2026-09-26,Data analyst,Sadup Softech,"Bangalore, Karnataka",1200000.0,1500000.0,2024-06-01T09:41:50Z,"SQL, Python, Excel, Spark, Hadoop",5,"Must have skills 3 to 6 years Data Science SQL, Excel, Big Query - mandate 3 years Python/ML, Hadoop, Spark - 2 years Requirements • 3 years prior experience as a data analyst • Detail oriented, structural thinking and analytical mindset. • Proven analytic skills, including data analysis and data validation. • Technical writing experience in relevant areas, including queries, reports, and presentations. • Strong SQL and Excel skills with the ability to learn other analytic tools • Good communic…"
2026-09-26,Data Analyst,Jetking Technologies Private Limited,"Noida, Ghaziabad",20000.0,25000.0,2026-07-15T10:21:31Z,"Excel, Power BI, Tableau, Statistics, Data Visualization",5,"Job Description– Data Analyst Qualification: Bachelor's degree in Computer Science, Statistics, Mathematics, or related field Location: Noida sector 127 Experience: • 1–3 years • Proficiency in MS Excel (pivot tables, VLOOKUP, formulas) • Basicknowledge of SQLfor data querying • Familiarity with data visualization tools (Power BI/Tableau)– preferred • Stronganalytical and problem-solving skills • Goodcommunicationskills Roles and Responsibilities: • Collect, clean, and organize data from multip…"
2026-09-26,Data Analyst,Multi Recruit,"Bangalore, Karnataka",500000.0,1500000.0,2021-08-24T22:37:13Z,Machine Learning,1,Measure the sales effectiveness efforts using data science/app/digital nudges. Should be able to work on the clickstream data Should be well versed and willing to work hands-on various Machine Learning techniques Skills Ability to lead a team of 5-6 members. Ability to work with large data sets and present conclusions to key stakeholders. Develop a clear understanding of the client’s business issue to inform the best approach to the problem. Root-cause analysis Define data requirements for crea…
2026-09-26,Data Analyst,Graphene Services Pte Ltd,"Bangalore, Karnataka",,,2021-10-13T05:52:44Z,,0,"About Graphene Graphene is a Singapore Head quartered AI company which has been recognized as Singapore’s Best Start Up By Switzerland’s Seedstarsworld, and also been awarded as best AI platform for healthcare in Vivatech Paris. Graphene India is also a member of the exclusive NASSCOM Deeptech club. We are developing an AI plaform which is disrupting and replacing traditional Market Research with unbiased insights with a focus on healthcare, consumer goods and financial services. Graphene was f…"
2026-09-26,Data Analyst,Wissen Technology,"Bangalore, Karnataka",,,2026-03-28T11:28:26Z,"SQL, Python",2,"Role- Data Analyst Experience- 2 to 5 years Location-Bangalore Job Role- ● Experience: Minimum of 2 years of professional experience in a data-heavy environment (E-commerce or Fintech experience is a plus). ● SQL Mastery: Exceptional ability to write complex joins, window functions, Analytical functions, and CTEs. Experience with high-scale databases (e.g., BigQuery, Hive, or Postgres). ● Scripting: Functional knowledge of Python for data manipulation (Pandas, NumPy) and basic automation script…"
2026-09-26,Data Analyst,Square Yards,"Gurgaon, Haryana",,,2026-08-27T07:40:46Z,"Power BI, Tableau, Google Analytics",3,"Candidate with 2 Years of experience in Google Analytics and BI Should have working experience into Tableau and Power BI Job Description : Work requires ability to deliver complex reports via Google Analytics, previous experience with Google Analytics Experience with creating automated reports via Tableau and Power BI Practical experience with at least two business insights platforms such as: Domo, Tableau, QlikView, Data Studio, Sisense, PowerBI Experience with Google tag management solutions …"
2026-09-26,Data Analyst,Aon,"Bangalore, Karnataka",,,2026-08-30T07:40:00Z,,0,"Job Title - Data Analyst Position type - Full Time Work Location - Bangalore, Noida, Gurgaon Working style - Hybrid Cab Facility - Yes Shift Time - 10am-7pm IST People Manager role No Required education and certifications critical for the role Bachelors or Masters degree in Computer Science, Engineering, or a related field Required years of experience 7-10 years experience in relevant field AON IS IN THE BUSINESS OF BETTER DECISIONS At Aon, we shape decisions for the better to protect and enric…"
2026-09-26,Data Analyst,EXL,"Pune, Maharashtra",,,2026-07-25T03:27:49Z,"SQL, Python, Spark, Hadoop",4,"Description Must-Have: ● 4 / 5 years of professional experience as a Data Analyst with good decision-making, analytical and problem-solving skills. ● SQL, Pyspark, Python with Banking Domain knowledge - Credit & Lending. Working knowledge / experience of Big Data frameworks like Hadoop, Hive and Spark. ● Hands-on experience in query languages like HQL or SQL (Spark SQL) for Data exploration. ● Data mapping: Determine the data mapping required to join multiple data sets together across multiple …"
2026-09-26,Data Analyst,Hunarstreet Technologies Pvt Ltd,"Vadodara, Gujarat",600000.0,800000.0,2026-01-28T11:24:00Z,,0,"Job Overview As a Profile Data Setup Analyst, you will play a key role in configuring, analysing, and managing product data for our customers. You will work closely with internal teams and clients to ensure accurate, optimized, and timely data setup in Windowmaker software. This role is perfect for someone who enjoys problem-solving, working with data, and continuously learning. Key Responsibilities • Understand customer product configurations and translate them into structured data using Windo…"
2026-09-26,Data Analyst,Highfly Sourcing,India,1500000.0,2500000.0,2025-12-20T11:07:17Z,,0,"We are seeking a motivated Data Analyst to support business operations by analyzing data, preparing reports, and delivering meaningful insights. The ideal candidate should be comfortable working with data, identifying patterns, and presenting findings in a clear and actionable way. Key Responsibilities: Collect, clean, and organize data from internal and external sources Analyze large datasets to identify trends, patterns, and opportunities Prepare regular and ad-hoc reports for business stakeh…"
2026-09-26,Data Analyst,FAI,India,,,2026-09-10T21:25:22Z,,0,"Company Summary First American (India) is a GCC (Global Capability Center) of the First American Financial Corporation (NYSE: FAF) family of companies. FAI is a proud member of the FORTUNE 500 companies and has been amongst the Fortune 100 Best Companies to Work For® list for eight consecutive years. First American Financial Corporation provides comprehensive title insurance, closing/settlement, property data and technology solutions. First American (India) creates quality solutions for its cus…"
2026-09-26,Data Analyst,Cytiva Life Science,"Bangalore, Karnataka",,,2026-04-22T01:59:28Z,,0,"Be part of something altogether life-changing Working at Cytiva in the Life Sciences industry means being at the forefront of providing new solutions to transform human health. Our incredible customers undertake life-saving activities ranging from fundamental biological research to developing innovative vaccines, new medicines, and cell and gene therapies. At Cytiva you will be able to continuously improve yourself and us – working on challenges that truly matter with people that care for each …"
2026-09-26,Data Analyst,Jobdost,"Bangalore, Karnataka",0.0,500000.0,2023-10-02T13:22:30Z,,0,"About the role: We are looking for a motivated data analyst with sound experience in handling web/ digital analytics, to join us as part of the Kapiva D2C Business Team. This team is primarily responsible for driving sales and customer engagement on our website. This channel has grown 5x in revenue over the last 12 months and is poised to grow another 5x over the next six. It represents a high-growth, important part of our overall e-commerce growth strategy. The mandate here is to run an end-to…"
2026-09-26,Data Analyst,Straatix Partners,"Bangalore, Karnataka",2500000.0,3500000.0,2026-08-22T16:04:47Z,,0,"CAP-190 : Senior Data Analyst  Location : Bangalore / Hyderabad / Chennai / Pune / NCR  Experience : 7 - 15 Years  Job Code : CAP-190  Work Type : Hybrid - 3 Days in a Week About the Client (CODE: CAP) CAP operates at the forefront of the financial services industry, providing consulting, technology, and digital transformation solutions to leading organizations worldwide. With a focus on innovation, CAP empowers clients to navigate complex regulatory landscapes, optimize operations, and drive b…"
2026-09-26,Data Analyst,Purview India Consulting And Services Llp,"Pune, Maharashtra",,,2026-08-25T07:40:46Z,,0,"We are actively seeking a Hand on Data Analyst who possesses excellent organizational and planning skills, along with a proven ability to handle multiple tasks in a fast-paced environment. We are looking for someone who is highly motivated and self-driven, capable of working independently with minimal guidance or supervision. The ideal candidate will have a strong analytical mindset, utilizing metrics and data to constantly evaluate success and drive improvements in tools, content, and programs…"
2026-09-26,Data Analyst,Hunarstreet Technologies Pvt Ltd,"Gujarat, India",60000.0,700000.0,2026-01-20T11:16:34Z,,0,"Job Role : Profile Data Setup Analyst Job Title : Data Analyst Location : Vadodara | Department: Customer Service | Experience : 3 - 5 Years Job Overview A company, we’ve been transforming the window and door industry with intelligent software for over 40 years. Our solutions power manufacturers, dealers, and installers globally, enabling efficiency, accuracy, and growth. We are now looking for curious, data-driven professionals to join our mission of delivering world-class digital solutions to…"
2026-09-26,Data Analyst,Ecolab,India,,,2026-06-19T02:45:54Z,"SQL, ETL",2,"Job Characteristics: Demonstrates use and application of data analysis principles to examine data systems and determine relationships and meaning of data, as it relates to business and system technical processes, and document accordingly. The employee should demonstrate mastering of skills in at least two of the following data analysis areas: SQL language usage, data governance and security practices, ELT/ETL strategy, quality-of-data evaluation and assessment, and data requirements generation …"
2026-09-26,Data Analyst,Claight Corporation Expert Market Research,"Noida, Ghaziabad",,,2026-08-28T07:38:06Z,,0,"Job Summary/Overview: Claight Corporation (Expert Market Research) is seeking a Data Analyst to join our dynamic team and contribute to data-driven decision-making. The ideal candidate will be responsible for managing, analyzing, and maintaining large data sets while ensuring data integrity, consistency, and security. This position offers an excellent opportunity to develop analytical and technical skills in a fast-paced, research-focused environment. Key Responsibilities: Data Management: Mana…"
2026-09-26,Data Analyst,Mr n Mrs Pet,"Jaipur, Rajasthan",100000.0,300000.0,2022-07-22T06:48:32Z,,0,"Requirements: Bachelor’s degree from university or college in computer science. Work experience as a data analyst or in a related field. Ability to work with stakeholders to assess potential risks. Ability to analyse existing tools and databases and provide software solution recommendations. Ability to translate business requirements into non-technical, lay terms. High-level experience in methodologies and processes for managing large-scale databases. Demonstrated experience in handling large d…"
2026-09-26,Data Analyst,Wissen Technology,"Bangalore, Karnataka",,,2026-06-13T13:33:59Z,"SQL, Python, Excel, Power BI",4,"Experience: 2 Years Mandatory Skills: Data Analysis, Data Mining, Data Validation, Python, SQL, Power BI, Advanced Excel Data Analyst We are looking for 1 Developer/Analyst to support data analysis, data mapping, and report automation initiatives. This is an entry-level role with structured training, ideal for candidates who are detail-oriented, proactive, and capable of working independently in a fast-paced environment. Key Responsibilities Perform data analysis and data validation across vari…"
2026-09-26,Data Analyst,Awign,"Bangalore, Karnataka",400000.0,700000.0,2020-10-15T02:16:09Z,,0,We are looking for a result-driven candidate to join our analytics team as a Data Analyst. Duties And Responsibilities 1. Work closely with Operation Head to setup reporting structures using complex formula(s) over Google Sheets. 2. Should be able to use Google Apps Script towards creating simple applications for ongoing projects/clients. 3. To run a detailed analysis of project-level data to generate additional insights for clients in the form of analytical dashboards. 4. To build trackers for…
2026-09-26,Data Analyst,Joinfleek,"Bangalore, Karnataka",600000.0,600000.0,2026-09-18T21:57:43Z,,0,"About Fleek Fleek is a B2B Marketplace for wholesale second-hand fashion. We enable resellers and retail stores to buy from vintage clothing suppliers worldwide. We are backed by top Silicon Valley VCs such as Andreessen Horowitz (a16z), Y Combinator, and founders/CEOs of Depop, Shopify, and Postmates. About The Team Fleek is a diverse set of funky individuals with the single mission of helping sustainability and promoting circular fashion while building a beautiful product experience. Our 50 p…"
2026-09-26,Data Analyst,Agiliad Technologies,"Gurgaon, Haryana",,,2026-08-15T08:33:34Z,Machine Learning,1,"Leadership and Team Management: Lead, mentor, and develop a team of data analysts and data scientists. Foster a collaborative and innovative team environment. Conduct predictive analysis to identify trends, patterns, and insights from large data sets. Develop and implement machine learning models and algorithms for predictive analytics. Strategic Planning: Develop and implement the data analytics strategy aligned with the company's goals. Identify opportunities for leveraging company data to dr…"
2026-09-26,Data Analyst,Appitsimple infotek Pvt. Ltd.,India,100000.0,300000.0,2024-12-30T12:10:27Z,,0,"Job role: As a data analyst, you will be responsible for compiling actionable insights from data and assisting program, sales and marketing managers build data-driven processes. Your role will involve driving initiatives to optimize for operational excellence and revenue. Responsibilities: Ensure that data flows smoothly from source to destination so that it can be processed Utilize strong database skills to work with large, complex data sets to extract insights Filter and cleanse unstructured …"
2026-09-26,Data Analyst,Qrata,"Mumbai, Maharashtra",500000.0,1000000.0,2024-01-07T15:07:43Z,,0,"DATA ANALYST About: We allows customers to ""buy now and pay later"" for goods and services purchased online and offline portals. It's a rapidly growing organization opening up new avenues of payments for online and offline customers. Role: Define and continuously refine the analytics roadmap. Build, Deploy and Maintain the data infrastructure that supports all of the analysis, including the data warehouse and various data marts Build, deploy and maintain the predictive models and scoring infrast…"
2026-09-26,Data Analyst,BitClass,"Bangalore, Karnataka",0.0,1600000.0,2021-10-24T04:00:25Z,,0,"BitClass, a VC funded startup (backed by the investors or Unacademy, Doubtnut, ShareChat, Meesho among others) in the domain of edtech, is looking for a data analyst to help in making better business decisions using information from the available data. The responsibility is to gather and prepare data from multiple sources, run statistical analyses, and communicate your findings in a clear and objective way. Responsibilities - Understanding the business requirements so as to formulate the proble…"
2026-09-26,Data Analyst,ICE,"Hyderabad, Telangana",,,2026-08-07T07:27:22Z,,0,"Job Purpose We are looking for a passionate Data Analyst to support the Operations Analytics department at ICE. The successful candidate will play a crucial role in extracting actionable insights from large datasets to guide strategic decision making within the organization. Primary responsibilities will revolve around analyzing complex data sets, identifying patterns, and developing models to provide actionable recommendations to our stakeholders. Responsibilities Data Analysis: Collect, clean…"
2026-09-26,Data Analyst,Amazon,"Bangalore, Karnataka",0.0,800000.0,2021-11-12T04:18:09Z,,0,"Data Analyst Job Description : About GlowRoad: GlowRoad is building India's most profitable social e-commerce platform where resellers share the catalog of products through their network on Facebook, Whatsapp, Instagram, etc and convert them to sales. GlowRoad is on a mission to create micro-entrepreneurs (resellers) who can set up their web-store, market their products and track all transactions through its platform. GlowRoad app has 15M downloads and 1- million  MAU's.- GlowRoad has been fund…"
2026-09-26,Data Analyst,ZEISS,"Bangalore, Karnataka",,,2026-07-06T03:28:04Z,R,1,"ZEISS in India ZEISS in India is headquartered in Bengaluru and present in the fields of Industrial Quality Solutions, Research Microscopy Solutions, Medical Technology, Vision Care and Sports & Cine Optics. ZEISS India has 3 production facilities, R&D center, Global IT services and about 40 Sales & Service offices in almost all Tier I and Tier II cities in India. With 2200 employees and continued investments over 25 years in India, ZEISS’ success story in India is continuing at a rapid pace. F…"
2026-09-26,Data Analyst,DXC Technology,India,,,2026-08-12T20:42:00Z,,0,"Job Description: Responsibilities as the Data/Business Analyst: Analyzing the as-is data structures and mapping to new to-be data structures Writing high quality, testable user stories to ensure that these can be estimated, delivered by developers and used to define test automation and which. Analyzing, understanding and documenting existing system behavior, including data mapping and transformation to support integration design as well as identification of system features and data requirements…"
2026-09-26,Data Analyst,Topcoder,"Noida, Ghaziabad",,,2026-01-09T00:41:11Z,ETL,1,"Position Overview We are seeking a detail-oriented Data Analyst who will ensure that organizational data is accurately transformed, validated, and prepared for downstream consumption. Key Responsibilities Data Transformation & Integration Design, develop, and maintain ETL/ELT pipelines to consolidate data from disparate systems (databases, APIs, flat files) Apply business logic to normalize, enrich, and standardize incoming datasets Data Quality Assurance Implement validation rules and automate…"
2026-09-26,Data Analyst,Wissen Technology,"Mumbai, Maharashtra",,,2025-05-23T06:51:59Z,,0,"Description of Role: We are looking for a career-minded professional with global perspective to join the Mumbai based Data & Analytics Group (DAG). Key responsibilities: As part of the Data & Analytics Group (DAG) and reporting to the Head of the India DAG locally, the individual is responsible for the following – 1.Review, analyze, and resolve data quality issues for enterprise core data in the IM Data Warehouse. 2.Coordinate with data owners and other teams to identify root-cause of data qual…"
2026-09-26,Data Analyst,Extramarks,"Noida, Ghaziabad",0.0,1000000.0,2022-01-30T04:34:28Z,"SQL, Python, Statistics",3,Required Experience · 3 years of relevant technical experience as a data analyst role · Intermediate / expert skills with SQL and basic statistics · Experience in Advance SQL · Python programming- Added advantage · Strong problem solving and structuring skills · Automation in connecting various sources to the data and representing it through various dashboards · Excellent with Numbers and communicate data points through various reports/templates · Ability to communicate effectively internally a…
2026-09-26,Data Analyst,Arcana Analytics,India,,,2026-01-26T00:36:10Z,,0,"Arcana is a portfolio intelligence platform used by hedge funds and asset managers to analyze performance and risk. We’re rethinking the tools institutional investors rely on—and we’re hiring analysts who want to help drive that transformation. We are looking for a Data Analyst to work with large-scale financial datasets, ensure high data quality, and deliver actionable insights through dashboards and reports. The role focuses on building and maintaining robust data quality frameworks and colla…"
2026-09-26,Data Analyst,MM Staffing & Career Consultants,"Mumbai, Maharashtra",100000.0,600000.0,2026-05-13T02:06:29Z,"SQL, Power BI, Tableau, Spark, Snowflake, Alteryx",6,"Job Description: Position : Data Analyst Location : Mumbai Experience requirement : 2-4Years Joining Date : Immediate to 30 days Job Description Responsibilities: · Utilize SQL, Alteryx, and Tableau/Power BI to extract, transform, and visualize data for analytical purposes. · Demonstrate intermediate-level proficiency in at least one of the major visualization tools (Tableau/Power BI). · Apply working knowledge of Apache Hive, Apache Spark, Impala, Presto, and Snowflake for data processing and …"
2026-09-26,Data Analyst,Renesas,"Bangalore, Karnataka",,,2026-09-24T11:14:06Z,,0,"Data Analyst Job Description Job Purpose & Dimensions Ensure global master data is being maintained on a highest quality level throughout their lifecycle. Define and continuously improve and implement measures, processes and tools to control global master data consistency and enhance existing tools. Core Responsibilities  Maintain and govern master data across SCM systems, ensuring data quality, consistency, and compliance with governance standards.  Ensure adherence to Master Data Governance (…"
2026-09-26,Data Analyst,Egon Zehnder,"Gurgaon, Haryana",,,2026-08-21T07:38:50Z,Power BI,1,"The Analyst will be responsible for work on day-to-day Power BI requests. He/She should be able to help the stakeholders on improving the processes via automation of projects. The analysts should be able to deep dive into the data for insights and also be able to formulate Power BI tasks and solutions. Shift Timings: Flexible Principal Responsibilities Request processing - Working on ad-hoc requests, communication with stakeholders. Process management - Quality Control, Maintenance of Power BI …"
2026-09-26,Data Analyst,Nineleaps,"Bangalore, Karnataka",,,2026-09-11T16:16:13Z,,0,"At Nineleaps, we work on bleeding-edge technology with class-leading engineering practices on products that touch the lives of millions of users. We endeavor on doing things the right way, while also promoting a culture of excellence. About the Role: We are looking for a Data Analyst with strong analytical and problem-solving skills to transform complex data into meaningful, actionable business insights. The role involves working with large datasets, conducting deep-dive analysis, driving autom…"
2026-09-26,Data Analyst,ascendion,"Gurgaon, Haryana",,,2026-09-20T07:45:08Z,,0,"About Ascendion Ascendion is a leader in AI-Native platform driven software engineering company that underwrites outcomes, helping businesses innovate faster, smarter, and with greater impact. We partner with Global 2000 clients across North America, UK, Europe, and APAC to solve complex challenges in data, experience design, software product engineering, and workforce transformation. Powered by expert engineers, thousands of AI agents, and our Engineering to the Power of AI™ (EngineeringAI) me…"
2026-09-26,Data Analyst,ICAD school of Learning,"Nagpur, Maharashtra",500000.0,800000.0,2025-09-02T07:56:40Z,,0,"Job Summary The Data Analyst is required to Data capture, data cleaning, data preparation, data management and data analysis and interpretations required by the Business. Handle data factory with precision and confidentiality. The role is crucial for providing actionable insights to improve teaching quality, enhance student performance, optimize business operations, and drive growth. Essential Job Responsibilities: Academic Data Analysis · Analyze student performance data from internal assessme…"
2026-09-26,Data Analyst,Technogen,"Bangalore, Karnataka",,,2025-12-01T22:55:55Z,"Hadoop, Data Visualization, Alteryx",3,Job Code : JPC – 36740 We are looking for a creative data analyst who has strong experience in both data visualization and data workflow construction Analyst must be proficient in both Hadoop and Alteryx (Hadoop certification required) Analyst must have experience working with senior leadership to both comprehend and produce desired outputs Experience building Hadoop dashboards showing multiple visual views of performance with easy drill down capability Preferred candidate will be well versed i…
2026-09-26,Data Analyst,BP,India,,,2026-09-11T21:42:23Z,,0,"Job Family Group: IT&S Group Job Description: Role - Data Analyst Location - Pune, India Shift Timings - 12:30 – 21:30 PM IST As a Data Analyst at bp pulse, you will play a vital role in delivering data-driven solutions to meet diverse business requirements. You will utilise your technical expertise in analytical techniques, testing, and data interpretation to support investigative research and provide clear conclusions and recommendations to stakeholders. Your work will ensure safe, compliant,…"
2026-09-26,Data Analyst,Clinton Health Access Initiative,"Bhopal, Madhya Pradesh",300000.0,400000.0,2024-12-25T11:57:39Z,,0,"The Clinton Health Access Initiative, Inc. (CHAI) is a global health organization committed to saving lives and reducing the burden of disease in low-and middle-income countries, while strengthening the capabilities of governments and the private sector in those countries to create and sustain high-quality health systems that can succeed without our assistance. For more information, please visit: http://www.clintonhealthaccess.org In India, CHAI has worked on various initiatives with the Nation…"
2026-09-26,Data Analyst,Mantras2Success,"Ahmedabad, Gujarat",500000.0,700000.0,2026-05-14T02:05:21Z,Excel,1,"Job Description: Position Summary: We are seeking a meticulous and skilled MIS/data analyst to join our team. The ideal candidate will be proficient in advanced Excel and Google Sheets, adept at using complex formulas, and capable of transferring data from CRM software such as Skynamo, Freshsales, and Xero into Google Sheets. The role involves creating insightful dashboards and revenue models to support data-driven decision-making. Key Responsibilities: Data Management: Transfer and manage data…"
2026-09-26,Data Analyst,DAZN,"Hyderabad, Telangana",,,2023-06-18T16:46:34Z,,0,"Is your next career move to work in a team which uses data, reporting and analytical skills to help answer business questions to make DAZN a data-driven company? DAZN is a tech-first sport streaming platform that reaches millions of users every week. We are challenging a traditional industry and giving power back to the fans. Our new Hyderabad tech hub will be the engine that drives us forward to the future. We’re pushing boundaries and doing things no-one has done before. Here, you have the op…"
2026-09-26,Data Analyst,Robosoft Technologies,"Bangalore, Karnataka",,,2026-08-28T07:37:34Z,SQL,1,"We are looking for a meticulous and analytical Data Analyst with strong SQL skills and cloud experience to join our team. The ideal candidate will have a solid background in data analysis, statistical techniques, with specific expertise in using SQL to manage and analyze large datasets in cloud environments. You will be responsible for interpreting data, analyzing results, and providing actionable insights to drive business decisions. Responsibilities: Gather data from various sources, ensuring…"
2026-09-26,Data Analyst,Robosoft Technologies,"Navi Mumbai, Maharashtra",,,2026-08-28T07:37:33Z,SQL,1,"We are looking for a meticulous and analytical Data Analyst with strong SQL skills and cloud experience to join our team. The ideal candidate will have a solid background in data analysis, statistical techniques, with specific expertise in using SQL to manage and analyze large datasets in cloud environments. You will be responsible for interpreting data, analyzing results, and providing actionable insights to drive business decisions. Responsibilities: Gather data from various sources, ensuring…"
2026-09-26,Data Analyst,Immunogen Pharmaceutical,"Bangalore, Karnataka",,,2024-07-31T03:15:22Z,,0,"About Immunogen Targeting a better life for people with cancer is why we get up in the morning. It’s not enough to disrupt the progress of someone’s cancer; we want to keep cancer from disrupting someone’s life. That’s why everything we do is about developing the most precise, targeted cancer therapies. We believe this is the best way to get people back to their lives – back to living today, tomorrow, and beyond. For us, targeting a better now is the only thing that matters. About the role Canc…"
2026-09-26,Data Analyst,GE Vernova,"Bangalore, Karnataka",,,2026-09-20T21:38:43Z,ETL,1,"Job Description Summary The Data Analyst will develop technical architecture and automation support to regional and global GE Vernova Consulting Services team. This role employs a data-centric solutions approach to transform raw power system datasets into high-fidelity actionable insights, enhancing our tactical and strategic market position through robust analytical pipelines. Job Description Roles and Responsibilities Infrastructure Management: Design, build, and maintain scalable ELT/ETL (Ex…"
2026-09-26,Data Analyst,PMC Commerce,"Vadodara, Gujarat",,,2026-09-18T16:13:37Z,Power BI,1,"Summary of the position: We are seeking a detail-oriented and highly skilled Data Analyst to join our dynamic team. This role is integral to the creation of Management Information (MI) Dashboards and will drive intelligence and insights across our organisation. The ideal candidate will have extensive experience in using Power BI and Microsoft Fabric, and will thrive in a demanding, data-led environment. They will have a solid understanding of Master Data Management & Data Science methodologies …"
2026-09-26,Data Analyst,Fortive,India,,,2026-08-07T20:54:37Z,,0,"Description The Data Analyst will focus on advanced analytics, predictive modeling, and scalable BI development to support Sales leadership with forward-looking insights. This role is responsible for building and maintaining predictive, repeatable reporting frameworks across forecasting, top-of-funnel performance, and core sales KPIs. Advanced Analytics & Predictive Modeling Design and maintain predictive models to support revenue forecasting, pipeline movement, deal progression, and funnel con…"
2026-09-26,Data Analyst,GE Vernova,"Bangalore, Karnataka",,,2026-09-20T11:11:31Z,ETL,1,"Job Description Summary The Data Analyst will develop technical architecture and automation support to regional and global GE Vernova Consulting Services team. This role employs a data-centric solutions approach to transform raw power system datasets into high-fidelity actionable insights, enhancing our tactical and strategic market position through robust analytical pipelines. Job Description Roles and Responsibilities  Infrastructure Management: Design, build, and maintain scalable ELT/ETL (E…"
2026-09-26,Data Analyst,DRW,India,,,2026-09-24T16:14:49Z,,0,"DRW is a diversified trading firm with over 3 decades of experience bringing sophisticated technology and exceptional people together to operate in markets around the world. We value autonomy and the ability to quickly pivot to capture opportunities, so we operate using our own capital and trading at our own risk. Headquartered in Chicago with offices throughout the U.S., Canada, Europe, and Asia, we trade a variety of asset classes including Fixed Income, ETFs, Equities, FX, Commodities and En…"
2026-09-26,Data Analyst,Portcast,India,,,2026-08-10T20:48:00Z,,0,"Portcast is a venture-backed, Singapore-based logistics technology startup building a real-time transportation visibility platform for global supply chains. We help shippers, manufacturers, and logistics service providers turn data into decisions and decisions into measurable business impact. Our platform goes beyond visibility. Portcast enables action at scale by surfacing the right risks early, helping teams prevent detention and demurrage, accelerate exception management, and close invoices …"
2026-09-26,Data Analyst,Amagi Media Labs,"Bangalore, Karnataka",1000000.0,2000000.0,2022-01-21T04:29:35Z,,0,"Data Analyst Job Description Summary Are you passionate about handling large & complex data problems, want to make an impact and have the desire to work on ground-breaking big data technologies? Then we are looking for you. At Amagi, great ideas have a way of becoming great products, services, and customer experiences very quickly. Bring passion and dedication to your job and there's no telling what you could accomplish. Would you like to work in a fast-paced environment where your technical ab…"
2026-09-26,Data Analyst,"NTT America, Inc.",India,,,2026-09-26T11:15:11Z,,0,"India T&M Special Bonus: Req ID: 390777 NTT DATA strives to hire exceptional, innovative and passionate individuals who want to grow with us. If you want to be part of an inclusive, adaptable, and forward-thinking organization, apply now. We are currently seeking a Data Analyst to join our team in Remote, Karnataka (IN-KA), India (IN). Explore and profile source data Analyze Chemille usage and performance Identify trends, patterns, and data-quality issues Support KPI definition and validation D…"
2026-09-26,Data Analyst,Ericsson,"Kanpur Dehat, Uttar Pradesh",,,2026-09-24T22:38:45Z,,0,"Join our Team About Opportunity The role is accountable for identifying business insights and driving improvement opportunities through Statistical, Exploratory, and Advanced Analytics. The analyst will design, automate, and maintain analytical solutions across operational and network performance, enabling measurable on-ground improvements. This role requires an analytical thinker who can translate complex datasets into meaningful insights for business and network functions. Key Responsibilitie…"
2026-09-26,Data Analyst,Amagi Media Labs,"Bangalore, Karnataka",1000000.0,1400000.0,2022-01-21T04:29:34Z,"SQL, Python",2,"1. 2 to 4 years of experience 2. hands on experience using python, sql, tablaue 3. Data Analyst About Amagi ( www.amagi.com ): Amagi is a market leader in cloud based media technology services for channel creation, distribution and ad monetization. Amagi’s cloud technology and managed services is used by TV networks, content owners, sports rights owners and pay TV / OTT platforms to create 24x7 linear channels for OTT and broadcast and deliver them to end consumers. Amagi’s pioneering and marke…"
2026-09-26,Data Analyst,WPP,"Chennai, Tamil Nadu",,,2026-09-23T16:15:32Z,R,1,"WPP is the trusted growth partner for the world’s leading brands. We unite cutting-edge media intelligence and data solutions, world-class creativity, next-generation production, transformative enterprise solutions and expert strategic counsel in a single company – powered by exceptional talent and our agentic marketing platform, WPP Open, to help our clients navigate change, capture opportunity and deliver transformational growth. We work with the world's most valuable brands and have global r…"
2026-09-26,Data Analyst,London Stock Exchange Group,India,,,2026-09-25T21:14:36Z,,0,"We are seeking a highly motivated and thorough professional to join the team in an Order to Cash (O2C) and customer support capacity. This role is critical in ensuring detailed operations, delivering exceptional customer experiences, and driving process excellence. The ideal candidate should possess good understanding of business, good interpersonal skills, and the ability to work closely in a dynamic environment. As a domain expert Data Analyst, you will not only handle day-to-day responsibili…"
2026-09-26,Data Analyst,Hudson Data,India,900000.0,1200000.0,2026-01-18T10:53:59Z,,0,"About Hudson Data At Hudson Data, we view AI as both an art and a science. Our cross-functional teams — spanning business leaders, data scientists, and engineers — blend AI/ML and Big Data technologies to solve real-world business challenges. We harness predictive analytics to uncover new revenue opportunities, optimize operational efficiency, and enable data-driven transformation for our clients. Beyond traditional AI/ML consulting, we actively collaborate with academic and industry partners t…"
2026-09-26,Data Analyst,Esko,India,,,2026-08-29T20:45:56Z,Power BI,1,"Location: India Function: Product Management Reports To: Sr Director, Cloud Platform Are you Interested in using data to help shape product and business decisions? Passionate about turning complex data into clear insights and intuitive Power BI dashboards? Curious about how customers use products and excited to uncover trends, patterns, and opportunities in the data? If so, we'd love to meet you. Why Esko? Esko, part of Veralto (NYSE: VLTO), is the global leader in packaging and product lifecyc…"
2026-09-26,Data Analyst,TriNet,"Hyderabad, Telangana",,,2026-07-13T03:26:36Z,,0,"Description TriNet is a leading provider of comprehensive human resources solutions for small to midsize businesses (SMBs). We enhance business productivity by enabling our clients to outsource their HR function to one strategic partner and allowing them to focus on operating and growing their core businesses. Our full-service HR solutions include features such as payroll processing, human capital consulting, employment law compliance and employee benefits, including health insurance, retiremen…"
2026-09-26,Data Analyst,Veralto,"Bangalore, Karnataka",,,2026-08-30T11:28:16Z,Power BI,1,"Location: India Function: Product Management Reports To: Sr Director, Cloud Platform Are you  Interested in using data to help shape product and business decisions?  Passionate about turning complex data into clear insights and intuitive Power BI dashboards?  Curious about how customers use products and excited to uncover trends, patterns, and opportunities in the data? If so, we'd love to meet you. Why Esko? Esko, part of Veralto (NYSE: VLTO), is the global leader in packaging and product life…"
2026-09-26,Data Analyst,Fortive Corporation,India,,,2026-08-07T10:54:42Z,,0,"The Data Analyst will focus on advanced analytics, predictive modeling, and scalable BI development to support Sales leadership with forward-looking insights. This role is responsible for building and maintaining predictive, repeatable reporting frameworks across forecasting, top-of-funnel performance, and core sales KPIs. _Advanced Analytics & Predictive Modeling_  Design and maintain predictive models to support revenue forecasting, pipeline movement, deal progression, and funnel conversion. …"
2026-09-26,Data Analyst,The Smart Cube,"Noida, Ghaziabad",200000.0,500000.0,2019-06-20T23:29:15Z,,0,"• Act as a lead analyst on various data analytics projects aiding strategic decision making for Fortune 500 / FTSE 100 companies, Blue Chip Consulting Firms and Global Financial Services companies • Understand the client objectives, and work with the PL to design the analytical solution/framework. Be able to translate the client objectives / analytical plan into clear deliverables with associated priorities and constraints • Collect/Organize/Prepare/Manage data for the analysis and conduct qual…"
2026-09-26,Data Analyst,Acura Solution,India,,,2026-05-18T02:08:37Z,ETL,1,"Job Description: Principal Accountabilities and Responsibilities  The candidate is expected to perform basic data ETL (Extract-Transform-Load) tasks – starting with extraction of data from the source systems, cleaning it, handling exceptions and finally prepare them to feed into various systems/tools depending on the projects/PODs/delivery channels.  Testing and validation of data models/data tables/data assets  The role also requires the person to understand the data thoroughly and draw bus…"
2026-09-26,Data Analyst,Headout,"Bangalore, Karnataka",,,2026-07-09T03:05:53Z,,0," Why Headout? We’re a rocketship: 9-figure revenue, record growth, and profitable With $200M in revenue, guests in 700 cities, and 18 months of profitability, Headout is the fastest-growing marketplace in the travel industry, and we’re just getting started. We've raised $60M from top-tier investors and are building a durable company for the long term — because that's what our mission needs and deserves. We’re growing, profitable and nowhere near done. What we do is important In an increasingly …"
2026-09-26,Data Analyst,Falcon Autotech,"Noida, Ghaziabad",400000.0,700000.0,2022-03-08T05:06:27Z,"SQL, Excel, Power BI, Tableau",4,"Strong analytical skills with the ability to collect, organize, analyze, and disseminate significant amounts of information with attention to detail and accuracy Expertise of SQL/PL-SQL -ability to write procedures and create queries for reporting purpose. Must have worked on a reporting tool – Power BI/Tableau etc. Strong knowledge of excel/Google Sheets – must have worked with pivot tables, aggregate functions, logical if conditions. Strong verbal and written communication skills for coordina…"
2026-09-26,Data Analyst,Marktine,"Bangalore, Karnataka",0.0,1500000.0,2021-05-11T13:01:41Z,"Excel, Power BI, Tableau, Data Visualization, Alteryx",5,"Immediate Joiners Preferred NOTE: Working Shift: 11 am - 8 pm IST (/- one hour on need basis) Monday to Friday Responsibilities : 1. Leverage Alteryx to build, maintain, execute and deliver data assets. This entails using data analytics tools (combination of proprietary tools, Excel, and scripting), validating raw data quality, and working with Tableau/ Power BI and other geospatial data visualization applications 2. Analyze large data sets in Alteryx, finding patterns and providing a concise s…"
2026-09-26,Data Analyst,QAgile Services,India,300000.0,500000.0,2026-01-31T11:30:48Z,"SQL, Power BI, Spark, ETL",4,"Microsoft Fabric, Power BI, Data modelling, ETL, Spark SQL Remote work- 5-7 hours 450 Rs hourly charges Skills:- PowerBI, Data modeling, ETL, Spark, SQL and ELT"
2026-09-26,Data Analyst,Jobdost,"Mangalore, Dakshin Kannada",800000.0,1000000.0,2025-12-01T04:52:26Z,SQL,1,"Who is an ideal fit for us? We seek professionals who are analytical, demonstrate self-motivation, exhibit a proactive mindset, and possess a strong sense of responsibility and ownership in their work. What will you get to work on? As a member of the Implementation & Analytics team, you will: ● Design, develop, and optimize complex SQL queries to extract, transform, and analyze data ● Create advanced reports and dashboards using SQL, stored procedures, and other reporting tools ● Develop and ma…"
2026-09-26,Data Analyst,Vector Labs Tech,India,1200000.0,2100000.0,2025-03-26T06:46:55Z,,0,"Responsibilities: Data Collection and Preparation: Gather data from various sources, including databases, spreadsheets, and APIs. Clean, validate, and transform data to ensure accuracy and consistency. Develop and maintain data pipelines for efficient data processing. Data Analysis and Interpretation: Analyze large datasets to identify trends, patterns, and correlations. Perform statistical analysis and hypothesis testing to validate findings. Develop and implement data models and algorithms to…"
2026-09-26,Data Analyst,Intercept Pharmaceuticals,"Bangalore, Karnataka",,,2024-07-31T03:18:00Z,,0,"About Intercept Pharmaceuticals Intercept Pharmaceuticals, Inc. is an American biopharmaceutical company incorporated in 2002, focusing on the development of novel synthetic bile acid analogs to treat chronic liver diseases, such as primary biliary cirrhosis (PBC) now called primary biliary cholangitis, non-alcoholic fatty liver disease (or non-alcoholic steatohepatitis , NASH), cirrhosis , portal hypertension , primary sclerosing cholangitis and also the intestinal disorder, bile acid diarrhea…"
2026-09-26,Data Analyst,Indium Software,"Bangalore, Karnataka",100000.0,1500000.0,2022-11-11T06:35:47Z,"SQL, Python, R, SAS, Statistics",5,"2 years of Analytics with predominant experience in SQL, SAS, Statistics, R , Python, Visualization Experienced in writing complex SQL select queries ( window functions & CTE’s) with advanced SQL experience Should be an individual contributor for initial few months based on project movement team will be aligned Strong in querying logic and data interpretation Solid communication and articulation skills Able to handle stakeholders independently with less interventions of reporting manager Develo…"
2026-09-26,Data Analyst,Millions Advisory,"Pune, Maharashtra",500000.0,1700000.0,2024-12-25T11:57:34Z,"SQL, Python, AWS, Azure, GCP",5,"Must have 5-8 years of experience in handling data Must have the ability to interpret large amounts of data and to multi-task Must have strong knowledge of and experience with programming (Python), Linux/Bash scripting, databases(SQL, etc) Must have strong analytical and critical thinking to resolve business problems using data and tech Must have domain familiarity and interest of – Cloud technologies (GCP/Azure Microsoft/ AWS Amazon), open-source technologies, Enterprise technologies Must have…"
2026-09-26,Data Analyst,Jobdost,"Delhi, India",100000.0,600000.0,2023-10-02T13:22:26Z,,0,"What you will do: Understand the process of CaaStle business teams, KPIs, and pain points Build scalable data products, self-service tools, data cubes to analyze and present data associated with acquisition, retention, product performance, operations, client services, etc. Closely partner with data engineering, product, and business teams and participate in requirements capture, research design, data collection, dashboard generation, and translation of results into actionable insights that can …"
2026-09-26,Data analyst,Cadila Zydus healthcare pvt ltd,India,700000.0,1000000.0,2024-01-28T15:26:17Z,,0,"Interpret data, analyze results using statistical techniques and provide ongoing reports Develop and implement databases, data collection systems, data analytics and other strategies that optimize statistical efficiency and quality Acquire data from primary or secondary data sources and maintain databases/data systems Identify, analyze, and interpret trends or patterns in complex data sets Filter and “clean” data by reviewing computer reports, printouts, and performance indicators to locate and…"
2026-09-26,Data Analyst,Azent Overseas,"Mumbai, Maharashtra",0.0,700000.0,2021-08-21T21:23:03Z,Excel,1,"Data auditing, validating and monitoring all data for accuracy. Create daily, weekly, monthly and quarterly MIS report. Coordinating & collecting the data Updated the data in CRM Skills:- Microsoft Excel"
2026-09-26,Data Analyst,Impact Guru,"Mumbai, Maharashtra",300000.0,900000.0,2021-07-28T21:11:50Z,,0,"Experience - 2 years to 5 years. Location - Andheri (Mumbai) Job Responsibilities: Excellent problem solving and analytical skills - ability to develop hypotheses, understand and interpret data within the context of the product / business - solve problems and distill data into actionable recommendations.  Strong communication skills with the ability to confidently work with cross- functional teams across the globe and to present information to all levels of the organization.  Intellectual and…"
2026-09-26,Data Analyst,Ayoconnect Technology,India,400000.0,1000000.0,2021-12-30T04:23:05Z,,0,"Responsible for gathering, crunching, collecting raw data. Own all data needs in the growth team and across key cross-functional initiatives from data extraction, dashboard creation, and data analysis. Provide insights and recommended actions as response to current situation, trend, as well as preventive one for better preparation. Collaborate with data engineering and cross-functional stakeholders to define data requirements, create dashboard, to drive business decisions and optimize business …"
2026-09-26,Data Analyst,Srijan Technologies,India,0.0,1200000.0,2022-04-05T05:16:09Z,ETL,1,"Role Description: You will be part of the data delivery team and will have the opportunity to develop a deep understanding of the domain/function. You will design and drive the work plan for the optimization/automation and standardization of the processes incorporating best practices to achieve efficiency gains. You will run data engineering pipelines, link raw client data with data model, conduct data assessment, perform data quality checks, and transform data using ETL tools. You will perform…"
2026-09-26,Data Analyst,MedCords,"Kota, Rajasthan",0.0,250000.0,2021-11-11T04:22:56Z,"Python, R, PowerPoint",3,"Required Python ,R work in handling large-scale data engineering pipelines. Excellent verbal and written communication skills. Proficient in PowerPoint or other presentation tools. Ability to work quickly and accurately on multiple projects. Skills:- R Language and Python"
2026-09-26,Data Analyst,Ingrainhub,"Bangalore, Karnataka",300000.0,1200000.0,2019-06-05T21:12:09Z,"SQL, Python, Excel, R",4,"Good knowledge of SQL , Microsoft Excel One Programming language in SAA/Python or R Skills: R Programming, Python and MS-Excel"
2026-09-26,Data Analyst,TechNex Technologies Private Limited,"Pune, Maharashtra",,,2019-05-17T21:02:48Z,,0,"Good Opportunity to work with an IT Company. Can Learn new things with out any experience. And many other good thing. Skills: MS Office, Typing and English Proficiency"
2026-09-26,Data Analyst,PayU,"Gurgaon, Haryana",700000.0,1500000.0,2019-11-27T10:00:27Z,,0,"What you will be doing: As a part of the Global Credit Risk and Data Analytics team, this person will be responsible for carrying out analytical initiatives which will be as follows: - Dive into the data and identify patterns Development of end-to-end Credit models and credit policy for our existing credit products Leverage alternate data to develop best-in-class underwriting models Working on Big Data to develop risk analytical solutions Development of Fraud models and fraud rule engine Collab…"
2026-09-26,Data Analyst,Dotball Interactive Private Limited,"Bangalore, Karnataka",300000.0,600000.0,2019-06-20T21:36:33Z,"SQL, Python",2,"- Excellent skill in SQL and SQL tools - Fantasy Gamer - Excited to dive deep into data and derive insights - Decent communication and writing skills - Interested in Automated solutions - Startup and Growth Mindset - Analytical Data mining thinking - Python - Good programmer Skills: Python, Data Analytics and SQL server"
2026-09-26,Data Analyst,Grubbrr systems Pvt Ltd,"Ahmedabad, Gujarat",300000.0,900000.0,2024-04-26T16:15:16Z,,0,"Job Responsibility: * Coordinate with CSMs to complete Pilot sales tracker, QBR Decks, End of pilot Decks *Monitor Daily Sales volume and alert CSMs of Locations with Low volume counts *Collaborate with other teammates to extract data figures, data entry (Google Sheets & Google Slides), and monitor key performance indicators (KPIs) to determine business initiatives’ success *Helping in Minor Integration Changes *Helping with Tickets and giving support when required * Basic product knowledge of …"
2026-09-26,Data Analyst,zyoin,"Bangalore, Karnataka",500000.0,2100000.0,2021-10-26T04:51:56Z,SQL,1,"Location: Bangalore Work Timing: 5 Days A Week Responsibilities include: • Ensure right stakeholders gets right information at right time • Requirement gathering with stakeholders to understand their data requirement • Creating and deploying reports • Participate actively in datamarts design discussions • Work on both RDBMS as well as Big Data for designing BI Solutions • Write code (queries/procedures) in SQL / Hive / Drill that is both functional and elegant, following appropriate design patt…"
2026-09-26,Data Analyst,CIEL HR Services,"Bangalore, Karnataka",0.0,1500000.0,2021-11-18T04:24:02Z,SQL,1,"Analytical tool: Redpoint Research and drawing insights Excellent written, oral and presentation skill Critical thinking and problem-solving skill Applications: SQL, Redpoint Description: Create unique fleet rich database using multi step matching rules Critical thinking in identifying record survivor ship rules for identifying master record Data roll-up at different levels, by providing linkage across databases Learn issues clients are currently facing with their dataset Foresee the problems i…"
2026-09-26,Data Analyst,Talent500 by ANSR,"Bangalore, Karnataka",1000000.0,3000000.0,2022-12-26T06:16:30Z,,0,"Primary Duties and Responsibilities Experience with Informatica Multidomain MDM 10.4 tool suite preferred Partnering with data architects and engineers to ensure an optimal data model design and implementation for each MDM domain in accordance with industry and MDM best practices Works with data governance and business steward(s) to design, develop, and configure business rules for data validation, standardize, match, and merge Implementation of Data Quality policies, procedures and standards a…"
2026-09-26,Data Analyst,Beauto Systems Private Limited,India,100000.0,500000.0,2022-06-02T06:13:33Z,"SQL, Python, Excel, AWS, Data Visualization, NoSQL",6,"Knowledge of database languages such as SQL, NoSQL, AWS services, linux or Python Knowledge in PowerBI Good to have knowledge in Kibana (visualization) and Kibana Development tools Analytical and problem-solving skills Proficiency in Microsoft Excel Data visualization (simple aggregation-based charts to complex geo-based visualizations) Accuracy and excellent attention to detail Strong written/verbal communication skills Qualifications and Experience 3 years’ experience in Data Analysis or rele…"
2026-09-26,Data Analyst,Yulu Bikes,"Bangalore, Karnataka",700000.0,1200000.0,2020-01-25T17:57:23Z,"SQL, Python",2,"Skill Set SQL, Python, Numpy,Pandas,Knowledge of Hive and Data warehousing concept will be a plus point. JD - Strong analytical skills with the ability to collect, organise, analyse and interpret trends or patterns in complex data sets and provide reports & visualisations. - Work with management to prioritise business KPIs and information needs Locate and define new process improvement opportunities. - Technical expertise with data models, database design and development, data mining and segmen…"
2026-09-26,Data Analyst,Humanitus Learning Science and Consultancy Pvt Limited,India,500000.0,700000.0,2022-01-18T04:28:04Z,,0,"What You’ll Do Synthesize data to provide actionable insights to the leadership and the product team to influence strategy and growth. Build dashboards and tools, craft analysis, and tell stories with data to help our teams make better decisions. Track user performance data and map it to key learning metrics for deeper insights Monitor the performance of new features and recommend iterations based on your findings Partner with other stakeholders to scope features that solve user problems Owners…"
2026-09-26,Data Analyst,Rocket Kommerce,"Bangalore, Karnataka",500000.0,800000.0,2019-06-05T21:12:28Z,,0,"Rocket Kommerce LLP: We are a Bangalore-based top-tier stealth-mode e-commerce enabling technology & solutions company powering several brands and leading e-commerce companies in India. Our product is a Cloud-based SaaS Inventory, Warehouse Management & Omni-Channel Solution. We have deep relationships with leading e-commerce companies in India and have processed over Rs 1500 crore of GMV. We are building out our product and technology platform and other services anticipating HUGE demand over n…"
2026-09-26,Data Analyst,Talent Pro,"Mumbai, Maharashtra",800000.0,1200000.0,2026-01-29T11:29:14Z,"SQL, Excel",2,"Must have Strong SQL skills (queries, optimization, procedures, triggers), Hands-on experience with SQL, Automated through SQL. Looking for candidates having 2 years experience who has worked on large datasets with 1cr. datasets or more. Handling the challenges and breaking. Must have Advanced Excel skills Should have 3 years of relevant experience Should have Reporting  dashboard creation experience Should have Database development & maintenance experience Must have Strong communication for cl…"
2026-09-26,Data Analyst,Pluginlive,"Mumbai, Maharashtra",1000000.0,2000000.0,2024-09-24T11:44:30Z,,0,"About the company DCB Bank is a new generation private sector bank with 442 branches across India.It is a scheduled commercial bank regulated by the Reserve Bank of India. DCB Bank’s business segments are Retail banking, Micro SME, SME, mid-Corporate, Agriculture, Government, Public Sector, Indian Banks, Co-operative Banks and Non-Banking Finance Companies. Job Description Department : Risk Analytics CTC: Max 18 Lacs Grade: Sr Manager/AVP Experience: Min 4 years of relevant experience We are lo…"
2026-09-26,Data Analyst,Stanza Living,India,600000.0,900000.0,2023-11-03T14:48:03Z,,0,"Who we are: Stanza Living is India’s largest and fastest growing tech-enabled, managed accommodation company that delivers a hospitality-led living experience to migrant students and young working professionals across India. We have a full-stack business model that focuses on design, development and delivery of daily living solutions tailored to the young consumers’ lifestyle. From smartly-planned residences, host of amenities and services for hassle-free living to exclusive community engagemen…"
2026-09-26,Data Analyst,Wissen Technology,"Mumbai, Maharashtra",,,2025-05-23T06:51:59Z,"SQL, Python, Power BI, Tableau",4,"Key qualifications 1. Bachelor’s Degree required and any other relevant academic course a plus. 2. Strong domain knowledge of investment data 3. 5 years of data management, data analytics, or data governance experience in financial services 4. Experience in data analysis, exploratory analysis using SQL and formulating data quality rules. 5. Experience working with BI reporting tools like Tableau, Power BI is preferred. 6. Knowledge in coding, Python is a plus. 7. Prior experience working with D…"
2026-09-26,Data Analyst,Peak Hire Solutions,"Bangalore, Karnataka",800000.0,1100000.0,2025-12-07T05:40:05Z,"SQL, Excel",2,"Required Skills: Strong SQL Expertise, Data Reporting & Analytics, Database Development, Stakeholder & Client Communication, Independent Problem-Solving & Automation Skills Review Criteria · Must have Strong SQL skills (queries, optimization, procedures, triggers) · Must have Advanced Excel skills · Should have 3 years of relevant experience · Should have Reporting  dashboard creation experience · Should have Database development & maintenance experience · Must have Strong communication for cli…"
2026-09-26,Data Analyst,Fisdom,"Bangalore, Karnataka",100000.0,100000.0,2025-07-21T05:27:56Z,,0,"Background Fisdom is a leading digital wealth management platform. Fisdom platform (mobile apps and web apps) provides access to consumers to a wide bouquet of financial solutions – investments, savings and protection (and many more in the pipeline). Fisdom blends cutting-edge technology with conventional financial wisdom, awesome UX and friendly customer service to make financial products simpler and more accessible to millions of Indians. We are growing and constantly looking for high perform…"
2026-09-26,Data Analyst,Multi Recruit,"Bangalore, Karnataka",650000.0,850000.0,2025-07-10T05:24:09Z,"SQL, Excel",2,"Bachelor's degree in Computer Science, Engineering, Operations Research, Math, or related discipline. Minimum 2 years of experience as an Analyst role preferred. Highly proficient in Microsoft Office and Windows based applications. SQL AND Excel Knowledge and Hands-on experience is a must. Demonstrated Analytical ability, results-oriented environment with external customer interaction. Excellent written and verbal communication and presentation skills and the ability to express thoughts logical…"
2026-09-26,Data Analyst,Tap Invest,"Bangalore, Karnataka",300000.0,500000.0,2026-05-01T11:45:52Z,,0,"As an Analyst at Tap Invest, you’ll turn data into decisions. You’ll work with teams across Product, Ops, Marketing, and Sales to uncover insights, solve real business problems, and drive strategy. This role is for someone who is comfortable working with data independently and can support business teams with reliable analysis and reporting. Key Responsibilities ● Gather, organize, and clean data from various sources including databases, spreadsheets, and external sources to ensure accuracy and …"
2026-09-26,Data Analyst,Recro,"Bangalore, Karnataka",,,2023-08-29T13:12:02Z,"SQL, Python",2,Job Description: Looking for someone with 2 years Strong experience over Python  SQL. Very proficient with the problem solving. Good Communication Skills. Skills:- Python
2026-09-26,Data Analyst,Campus Management,"Bangalore, Karnataka",,,2026-07-29T07:48:19Z,"Power BI, PostgreSQL",2,"Primary Responsibilities: Administer a PostgreSQL database and ensure smooth data operation Manage and create data sets available through BI tools such as Chartio , Power BI , or others Automate and refresh reports and dashboards in a BI tool through queries Help improve data quality and data availability by analyzing existing data and datasets Provide systems best practices recommendations to enhance the efficiency and overall data quality of our systems Required Skills/Qualifications: BA/BS D…"
2026-09-26,Data Analyst,Lloyds Bank,India,,,2026-07-29T20:58:50Z,"SQL, Python, GCP",3,"End Date Tuesday 29 September 2026 We Support Flexible Working – Click here for more information on flexible working options Flexible Working Options Hybrid Working Job Description Summary The Data Engineer will focus on assisting in the design, development, and maintenance of Data Product pipelines, gaining practical experience whilst working under the guidance of senior data engineers.​ Job Description Must Have Skills : SQL, GCP, Python Experience Level: 2 - 5 Years Supports and enables othe…"
2026-09-26,Data Analyst,Sonata Software,"Hyderabad, Telangana",,,2026-07-31T07:26:15Z,"SQL, Snowflake",2,"Key Responsibilities: • Works independently within Data and Analytics with limited design help from manager or senior associates • Advanced proficiency in SQL for querying, data manipulation, and optimization. • Ability to write complex SQL queries, including subqueries, joins. • Preferably 2 years' experience with Snowflake. Ability to write complex SQL queries, including subqueries, joins. • Leverage coding best practices and advanced techniques to ensure efficient execution of code against l…"
2026-09-26,Data Analyst,ORBIT & SKYLINE,"Mohali, Punjab",,,2026-08-07T07:33:23Z,,0,"The candidate will be part of a team assisting in the delivery of efficient engineering support and solutions to customers while also contributing to the development of Indian semiconductor ecosystem. Roles & Responsibilities Designing and maintaining data systems and databases; this includes fixing coding errors and other data-related problems. Mining data from primary and secondary sources, then reorganizing said data in a format that can be easily read by either human or machine. Using stati…"
2026-09-26,Data Analyst,Orbit Skyline,"Mohali, Punjab",,,2026-08-07T07:32:32Z,,0,"Designing and maintaining data systems and databases; this includes fixing coding errors and other data-related problems. Mining data from primary and secondary sources, then reorganizing said data in a format that can be easily read by either human or machine. Using statistical tools to interpret data sets, paying particular attention to trends and patterns that could be valuable for diagnostic and predictive analytics efforts. Demonstrating the significance of their work in the context of loc…"
2026-09-26,Data Analyst,EXL,India,,,2026-07-31T20:54:40Z,,0,"Description Analyze and interpret large datasets to extract meaningful insights and support decision-making processes in the business. Responsibilities Collect, clean, and analyze data, create reports and dashboards, collaborate with stakeholders on data needs, perform statistical analysis Qualifications Bachelor's/Master's in any stream 2-5 years"
2026-09-26,Data Analyst,Mindteck  Limited,"Bangalore, Karnataka",,,2026-08-20T07:31:10Z,,0,"Perform advanced analytics like cohort analysis, scenario analysis, time series analysis, and predictive analysis, creating powerful visualizations to communicate the results. Articulate assumptions, analyses and interpretations of data in a variety of modes. Engage with stakeholders to understand business requirements and develop detailed project plans with timelines. Design data models that define how the tables, columns, and data elements from different sources are connected and stored, base…"
2026-09-26,Data Analyst,Mindteck  Limited,"Bangalore, Karnataka",,,2026-08-20T07:31:10Z,,0,"Very Good technical knowledge C++, C#, .Net Framework 4.5 or above Expertise in Threading, ADO.Net In-depth knowledge in event handling, exception handling Proficient in WCF, WPF - Concepts, Implementing Services, Consuming Services, Service Throttling, debugging, etc. Good knowledge on XML, JSON Strong familiarity with Windows Operating Systems Strong familiarity with TCP-IP and socket programming Strong familiarity with RS-232, RS422 and RS-485 serial communications Good in OOPS, Design Patte…"
2026-09-26,Data Analyst,TVS Credit Services,"Lucknow, Uttar Pradesh",,,2026-08-21T07:38:58Z,"SQL, Python, Tableau",3,"Description : PL Eligibility Base preparation (SQL) Portfolio Risk segmentation through Decision Trees and other ML (Python) PL Portfolio quality improvement through specific Credit Actions Process Quality (end-to-end customer journey) documentation, deviations tracking, change implementation PL Portfolio review and MIS Functional Competencies : Strong Analytics background (Tableau dashboards, ML modeling) Very Strong with data tools: XL, SQL, python Good understanding of lending, credit risk E…"
2026-09-26,Data Analyst,Hitachi,India,,,2026-07-01T02:46:06Z,"SQL, Power BI",2,"Location: Maneja, Gujarat, India Job ID: R0123378 Date Posted: 2026-06-29 Company Name: HITACHI ENERGY TECHNOLOGY SERVICES PRIVATE LIMITED Profession (Job Category): Engineering & Science Job Schedule: Full time Remote: No Job Description: The opportunity The successful candidate will be part of an international Digital Engineering and Design team, supporting in create Business report using Power BI, SQL, SAP a t the Global Engineering Center in Vadodara, India, you’ll be part of a dynamic team…"
2026-09-26,Data Analyst,Campus Management,"Chennai, Tamil Nadu",,,2026-07-29T07:48:20Z,"Power BI, PostgreSQL",2,"Primary Responsibilities: Administer a PostgreSQL database and ensure smooth data operation Manage and create data sets available through BI tools such as Chartio , Power BI , or others Automate and refresh reports and dashboards in a BI tool through queries Help improve data quality and data availability by analyzing existing data and datasets Provide systems best practices recommendations to enhance the efficiency and overall data quality of our systems Required Skills/Qualifications: BA/BS D…"
2026-09-26,Data Analyst,Tanla Platforms,"Navi Mumbai, Maharashtra",,,2026-08-13T07:31:47Z,"Excel, Tableau",2,"Key Deliverables: Analyze and model sales, product, and strategic business data to support management decisions. Create insightful reports, dashboards, and performance presentations using tools like Excel and Tableau. Manage CRM data accuracy, usage, and support, including funnel tracking and opportunity monitoring. Provide sales analytics, traffic reports, and revenue insights to the sales team regularly. Role Responsibilities: Collaborate with business strategy and sales teams to track target…"
2026-09-26,Data Analyst,Pinkerton,"Gurgaon, Haryana",,,2026-08-29T07:41:27Z,"SQL, Python, Excel, Tableau",4,"Responsibilities Represent Pinkerton's core values of integrity, vigilance, and excellence. Support information management initiatives for the client's Global Security Team. Assess and manipulate large data sets with SQL, Tableau, Python, Excel, and other business intelligence tools. Perform ad-hoc reports and analysis, as directed. Run and modify SQL queries to generate list reports from data sources. Generate data, identify problems within datasets, and resolve data discrepancies. Create dash…"
2026-09-26,Data Analyst,Shalom World,India,,,2026-09-01T16:07:46Z,,0,"We are seeking a detail-oriented, proactive professional to manage data quality and governance and support campaign execution through the effective use of related platforms. This role is critical in generating actionable insights, enabling data-driven decision-making, and delivering personalized campaign journeys by bridging Campaign, IT, and Leadership teams. Key Responsibilities Data & Campaign Operations Data Collection & Entry Import user data collected onsite into internal systems Ensure t…"
2026-09-26,Data Analyst,Tribute Technology,"Hyderabad, Telangana",,,2026-06-29T02:40:35Z,,0,"ABOUT TRIBUTE TECHNOLOGY: At Tribute Technology, we make end-of-life celebrations memorable, meaningful, and effortless through thoughtful and innovative technology solutions. Our mission is to help communities around the world celebrate life and pay tribute to those we love. Our comprehensive platform brings together software and technology to provide a fully integrated experience for all users, whether that is a family, a funeral home, or an online publisher. We are the market leader in the U…"
2026-09-26,Data Analyst,Vehant Technologies,"Noida, Ghaziabad",,,2026-09-11T07:39:42Z,"SQL, Python, Excel",3,"Responsibilities Managing and organizing large-scale video datasets, building automation tools, accurate performance evaluations of models. Tool Development & Automation Accuracy Computation & Reporting Team Collaboration & Coordination Skills: Sql, Data Management, Excel, Reporting, Data Analysis, Automation, Python Experience: 2.00-5.00 Years"
2026-09-26,Data Analyst,C1,"Hyderabad, Telangana",,,2026-09-09T07:37:40Z,,0,"Key Deliverables Analyze, specify, and validate business needs for organizational systems Conduct data analysis, gather requirements, and ensure data integrity Develop and document functional and data requirements Collaborate with stakeholders to prioritize requirements and create data solutions Role Responsibilities Collect, interpret, and perform analysis on large data sets Develop reports to ensure data accuracy and consistency Manage and track the status of requirements and ensure project d…"
2026-09-26,Data Analyst,Caterpillar Inc,"Krishnagiri, Tamil Nadu",,,2026-09-09T07:36:45Z,Data Visualization,1,"Role Definition Performs analytical tasks and initiatives on huge amount of data to support data-driven business decision and development. Responsibilities Direct the data gathering, data mining, data processing and data modelling for large datasets including the processing, cleansing, and verification of datasets used for analysis. . • Lead requirement definition and scope of data analyses, presenting and reporting possible business insights to management using data visualization technologies.…"
2026-09-26,Data Analyst,Red Hat,"Pune, Maharashtra",,,2026-09-09T07:37:36Z,,0,"Job description What will you do I dentify data required to answer business questions and measure KPIs Create and maintain accessible data sets for a variety of business uses Perform data exploration and cleansing activities, evaluating quality measures and recommending improvements Describe, document, and visualize data sets, including developing or updating reports and dashboards; track usage of published assets Engage regularly with a wide range of stakeholders and functional teams to comple…"
2026-09-26,Data Analyst,Weekday AI,"Bangalore, Karnataka",,,2026-09-11T16:13:31Z,,0,"This role is for one of Weekday’s clients Salary range: Rs 2400000 - Rs 3600000 (ie INR 24 - 36 LPA) Min Experience: 4 years Location: Bengaluru JobType: full-time In this role, you will help us maximize the value of our extensive data ecosystem, by evaluating Product-Market fit, and finding new ways to distribute our data assets. You will analyse user behavior on the platform to strengthen our Value Added Services (VAS) and help unlock the full commercial potential of our data. Requirements Re…"
2026-09-26,Data Analyst,Tribute Technology,"Hussainialam, Hyderabad",,,2026-06-27T07:29:56Z,,0,"ABOUT TRIBUTE TECHNOLOGY: At Tribute Technology, we make end-of-life celebrations memorable, meaningful, and effortless through thoughtful and innovative technology solutions. Our mission is to help communities around the world celebrate life and pay tribute to those we love. Our comprehensive platform brings together software and technology to provide a fully integrated experience for all users, whether that is a family, a funeral home, or an online publisher. We are the market leader in the U…"
2026-09-26,Data Analyst,Wipro,"Hyderabad, Telangana",,,2026-09-17T16:14:05Z,,0,"Job description: Job Description Role Purpose The purpose of the role is to provide effective technical support to the process and actively resolve client issues directly or through timely escalation to meet process SLAs. ͏ Do Support process by managing transactions as per required quality standards Fielding all incoming help requests from clients via telephone and/or emails in a courteous manner Document all pertinent end user identification information, including name, department, contact in…"
2026-09-26,Data Analyst,Ce,"Bangalore, Karnataka",,,2026-09-18T21:42:49Z,,0,"About Media.net : Media.net is a leading, global ad tech company that focuses on creating the most transparent and efficient path for advertiser budgets to become publisher revenue. Our proprietary contextual technology is at the forefront of enhancing Programmatic buying, the latest industry standard in ad buying for digital platforms. The Media.net platform powers major global publishers and ad-tech businesses at scale across ad formats like display, video, mobile, native, as well as search. …"
2026-09-26,Data Analyst,METRO/MAKRO,"Pune, Maharashtra",,,2026-09-23T16:15:29Z,,0,"Company Description Metro Global Solution Center (MGSC) is internal solution partner for METRO, a €31 Billion international wholesaler with operations in more than 30 countries. The store network comprises a total of 623 stores in 21 countries, of which 522 offer out-of-store delivery (OOS), and 94 dedicated depots. In 12 countries, METRO runs only the delivery business by its delivery companies (Food Service Distribution, FSD). HoReCa and Traders are core customer groups of METRO. The HoReCa s…"
2026-09-26,Data Analyst,Financial Services,India,100000.0,800000.0,2026-09-11T21:35:13Z,,0,"Job Description Business Objectives Recommendations Collaborate with various teams to collect business data to complete timely analysis/Reporting. Take ownership of data extraction, processing, cleansing, and verifying the integrity of data used for analysis Design, develop, and deploy analytical solutions, build data-based insights (qualitative and quantitative) to measure the efficiency and effectiveness of business and data processes. Explore and stay current on industry best practices, brin…"
2026-09-26,Data Analyst,Artech Infosystems Private Limited,"Bangalore, Karnataka",,,2026-09-23T07:49:03Z,"SQL, Excel, Power BI, Tableau, Data Visualization",5,"Strong SQL skills – complex queries, joins, CTEs, subqueries, window functions, and data validation. Experience with data analysis, reporting, and data visualization . Proficiency in Excel and BI tools such as Power BI / Tableau . Ability to work with large datasets, identify trends, and provide actionable insights. Strong understanding of data cleaning, data quality, and data validation . Good communication skills and ability to work with business and technical stakeholders. Skills: Google Loo…"
2026-09-26,Data Analyst,,"Bangalore, Karnataka",,,2024-05-10T07:39:00Z,,0,"Its primary target is to create and maintain data pipelines. Strong analytics skills are needed to understand complex data sets . Experience in running database service on Cloud would be needed to run a secure data platform. The ideal candidate must have strong experience using a variety of data mining/data analysis methods, using a variety of data tools, building and implementing data models. They must have a proven ability to drive business results with their data-based insights. They must be…"
2026-09-26,Data Analyst,,"Navi Mumbai, Maharashtra",,,2024-05-10T07:39:12Z,"SQL, Python",2,"Our Client have a wealth of experience in enterprise solution.They are recognized for their knowledge and experience on enterprise business systems.They are constantly finding innovative ways to blend people,process and technologies to deliver bottom-line benefits to their customers. Job Location :- Navi Mumbai Qualification :- BE/B TECH(IT/Computers) , MCA, MSE(IT/Computers) Experience :- 0 to 1 Year 1) Software programming experience. 2) Advanced with Python. 3) Strong knowledge of SQL Server…"
2026-09-26,Data Analyst,Acura Solution,"Delhi, India",,,2026-09-22T21:24:31Z,,0,"Job Description: Primary Responsibilities: Data Analysis & Reporting • Collect, clean, validate, and analyze data from multiple sources including government systems, APIs, and open datasets. • Perform exploratory data analysis (EDA) to uncover trends, patterns, and anomalies. • Support performance monitoring of digital service delivery (e.g., user adoption, grievance redressal, efficiency metrics). Visualization & Dashboarding • Design and develop dynamic, interactive dashboards using tools lik…"
2026-09-26,Data Analyst,Ford Motor,"Chennai, Tamil Nadu",,,2026-09-24T21:09:08Z,"Python, Power BI, Data Visualization, Alteryx",4,"Description Responsible for maintaining dashboards and circulating the reports. As we are moving away from Alteryx, team members would be responsible for identifying feasible options from Flow craft, Python to migrate the workflows from Alteryx to continuously fetch / blend the data for ingestion into dashboards or reports for broader team's daily use. For data visualization, we are moving from Qlik Sense to Power BI. Should be able to convert the visual layers in Power BI. Responsibilities Rep…"
2026-09-26,Data Analyst,EXL,India,,,2026-07-04T02:29:39Z,,0,"Description In this position, the candidate will be responsible for building and maintaining BI and analytics solutions that transform data into actionable insights through interactive and easy-to-understand dashboards and reports. The role requires a strong background in data analysis, digital marketing analytics, and business intelligence, along with excellent analytical and communication skills. The selected candidate will work in a client-facing capacity, supporting end-to-end BI developmen…"
2026-09-26,Data Analyst,,"Mumbai, Maharashtra",,,2024-05-10T07:38:59Z,,0,"Job description Conducting the Validation & Audit at MSO & local operators Digital Head-ends to ensure System has complying the TRAI Norms & also help to stop Revenue leakages. Technical support & activated on the trouble shooting at DTH, MSO local operator level to ensure for channels are running on the ground. Antipiracy activities TS recording on ground level and analyze"
2026-09-26,Data Analyst,,"Mumbai, Maharashtra",,,2024-05-10T07:39:09Z,Excel,1,"1. MIS generation 2. Coordination and Administration 3. Secretarial support Job Description: 1. Preparing daily / weekly reports / MIS by gathering data from dashboards and by using advanced excel tools like, V lookup, H lookup, pivot table, formulas etc. 2. Coordination with various departments / divisions. 3. Managing correspondence with various employees in the organization. 4. Arrangements and coordination for workshops / seminars / exhibitions etc. 5. Providing secretarial support. Kindly …"
2026-09-26,Data Analyst,,"Mumbai, Maharashtra",,,2024-05-10T07:39:12Z,"SQL, Excel, NoSQL",3,"Acquire data from primary or secondary data sources and maintain databases/data systems Expertise in processing large datasets for data transformation like data cleansing, scrubbing, profiling Interpreting, filtering, cleaning and analyzing data using advanced Excel, Access and SQL. Provided the company with charts and graphs from the data analyzed to identify trends and patterns for further decision making. Working with data structures and algorithms. Familiarity with NoSQL NewSQL databases Re…"
2026-09-26,Data Analyst,,"Chennai, Tamil Nadu",,,2024-05-10T07:38:52Z,R,1,"HiWelcome students, ladies, to allDo u have a free time? Do u want earnings? But u want to know genuine websites and jobs. I will guide u. Computer job nternational project u will get. If u want WhatsApp 2. Details r all in text file. U want to buy RS.150 only"
2026-09-26,Data Analyst,,"Hyderabad, Telangana",,,2024-05-10T07:38:52Z,,0,"Data gathering/ Research Assist team leaders in gathering and verifying data through primary and secondary research methods using internal and external tools Organize, participate and document Project related interviews, focus group discussions etc. Connect with support teams (L&D, HR, Finance, Marketing teams etc.) to collate data and provide clients any required data, analyses, reports or recommendations. Verify accuracy of data and identify missing or conflicting data Share insights from fin…"
2026-09-26,Data Analyst,,"Gurgaon, Haryana",,,2024-05-10T07:38:59Z,ETL,1,"Job brief We are looking for a passionate professional to turn data into information, information into insight and insight into business decisions. The responsibilities include monitoring full ETL lifecycle activities to include requirements analysis and design, developing analysis and reporting capabilities, continuously monitoring performance and quality control plans to identify improvements. The candidate should also be capable enough to handle adhoc data requirements into the required form…"
2026-09-26,Data Analyst,London Stock Exchange Group,India,,,2026-09-24T21:23:51Z,,0,"We are seeking a highly motivated professional to join our team in an Order to Cash (O2C) and customer support capacity. This role is essential in ensuring flawless operations, delivering outstanding customer experiences, and driving process excellence. The ideal candidate will possess strong intuition for business, good communication skills, and the ability to work multi-functionally in a dynamic environment. Key Responsibilities and Accountabilities: Handle routine customer requests and queri…"
2026-09-26,Data Analyst,Acura Solution,"Mumbai, Maharashtra",,,2026-05-13T02:15:44Z,"SQL, Python, Power BI, Tableau, SAS, Data Visualization",6,"Job Description: 2-3 years of experience in Data Analysis, preferably in the aviation industry.  Proficient in data analysis tools such as SQL, Python, or SAS.  Experience with data visualization tools (Tableau, Power BI, etc.).  Strong analytical and problem-solving skills. Key Responsibilities 1 Gather, clean, and preprocess data from various sources at Agos Aviation, ensuring data accuracy, completeness, and integrity for analysis. 2 Apply statistical and analytical techniques to derive m…"
2026-09-26,Data Analyst,London Stock Exchange Group,India,,,2026-09-25T21:20:44Z,,0,"We are seeking a highly motivated and thorough professional to join the team in an Order to Cash (O2C) and customer support capacity. This role is critical in ensuring detailed operations, delivering exceptional customer experiences, and driving process excellence. The ideal candidate should possess good understanding of business, good interpersonal skills, and the ability to work closely in a dynamic environment. As a domain expert (SME), you will not only handle day-to-day responsibilities bu…"
2026-09-26,Data Analyst,UnitedHealth Group,"Hyderabad, Telangana",,,2026-09-26T11:16:26Z,,0,"Requisition number: 2389152 Job category: Business & Data Analytics ` - Undergraduate degree or equivalent experience. ` Careers with Optum. Here's the idea. We built an entire organization around one giant objective; make the health system work better for everyone. So when it comes to how we use the world's large accumulation of health-related information, or guide health and lifestyle choices or manage pharmacy benefits for millions, our first goal is to leap beyond the status quo and uncover…"
2026-09-26,GCP Data Engineer,Capco,"Pune, Maharashtra",,,2026-09-19T20:33:43Z,,0,"This job is with Capco, an inclusive employer and a member of myGwork – the largest global platform for the LGBTQ business community. Please do not contact the recruiter directly. About Us “Capco, a Wipro company, is a global technology and management consulting firm. Awarded with Consultancy of the year in the British Bank Award and has been ranked Top 100 Best Companies for Women in India 2022 by Avtar & Seramount. With our presence across 32 cities across globe, we support 100 clients across…"
2026-09-26,Business Development Manager,Collegedunia,"Mumbai, Maharashtra",,,2026-09-18T17:30:50Z,,0,"About your new company Collegedunia is an education portal, matching students with the best colleges in India & abroad. We help in college research, exam prep tips, application process &also provide insights on-campus life. Launched in 2014, we are the highest ranked portal by Similar Web in education. We have also been awarded as - Best Educational Portal- by IAMAI in 2017, and listed by TechinAsia as Top 100 Startups in Asia. Collegedunia is fueled by the energy of over a 1000 individuals hav…"
2026-09-26,Data Engineer - Spark,Chargebee,"Chennai, Tamil Nadu",,,2026-09-02T16:44:13Z,,0,"About the Role The Data Platform team at Chargebee builds and maintains scalable data systems that power internal analytics, business intelligence, and customer-facing data features. As a Data Engineer , you will work on building and maintaining reliable data pipelines across multiple layers of the data platform, including data ingestion, distributed processing, transformation, and data serving . You will collaborate closely with product engineers, analysts, and platform teams to ensure that da…"
2026-09-26,Business Auditor,Mizuho,"Chennai, Tamil Nadu",,,2026-09-25T01:58:30Z,,0,"Mizuho Global Services Pvt Ltd (MGS) is a subsidiary company of Mizuho Bank, Ltd, which is one of the largest banks, also called a Mega Bank of Japan. MGS was established in the year 2020 as part of Mizuho long-term strategy of creating a captive global processing center for remotely handling banking and IT-related operations of Mizuho Bank’s domestic and overseas offices and Mizuho’s group companies across the globe. At Mizuho, we are committed to a culture driven by ethical values and support…"
2026-09-26,Lead Data Engineer (Fullstack and Palantir),Lear Corporation,India,,,2026-09-01T16:21:34Z,,0,"Job Description: Lead Data Engineer (Palantir Foundry) Overview: As a Foundry Platform Engineer (dependent on the name of the role) at Lear, you will own the full lifecycle of data and operational applications within Palantir Foundry, from ingesting and modeling data, to building the Ontology, to delivering the applications and logic that turn data into operational decisions. You will build and maintain robust data pipelines, model real-world business concepts as Ontology objects, implement bus…"
2026-09-26,Senior Data Engineer (GCP),Publicis Production,"Bangalore, Karnataka",,,2026-09-04T16:57:28Z,"GCP, Snowflake",2,"Job Summary: We are seeking a proactive and self-motivated Senior Data Engineer with a proven track record in building scalable cloud-based data solutions across multiple cloud platforms to support our work in architecting, building and maintaining the data infrastructure. The specific focus for this role will start with GCP however we require experience with Snowflake and Databricks also. As a senior member within the data engineering space, you will play a pivotal role in designing scalable d…"
2026-09-26,Data Analyst / Data Scientist,Weekday AI,India,,,2026-02-19T19:58:34Z,,0,"This role is for one of the Weekday's clients Salary range: Rs 300000 - Rs 1200000 (ie INR 3-12 LPA) Min Experience: 1 years Location: Remote (India) JobType: full-time We’re looking for a passionate and detail-oriented Data Analyst / Data Scientist to join our growing analytics team. This role is perfect for someone who thrives on solving complex problems using data, loves diving deep into datasets, and has a strong command of analytical tools and programming languages. As a Data Analyst / Dat…"
2026-09-26,Data Analyst / Data Engineer,Pavago,India,,,2026-08-28T06:29:01Z,SQL,1,"Data Analyst / Data Engineer – SQL, BI & Data Analytics | Remote Position Type: Full-Time, Remote Working Hours: U.S. Business Hours About the Role At Pavago, one of our clients is hiring a Data Analyst / Data Engineer to transform business data into reliable reporting, actionable insights, and scalable data systems. Depending on your experience, this role may lean toward data analytics, business intelligence, data engineering, or a combination of these areas . You’ll work with SQL, dashboards,…"
2026-09-26,"Business Management Analyst, AS",Deutsche Bank,"Mumbai, Maharashtra",,,2026-09-03T04:37:22Z,,0,"This job is with Deutsche Bank, an inclusive employer and a member of myGwork – the largest global platform for the LGBTQ business community. Please do not contact the recruiter directly. Position Overview Role Description We are looking for an expert and forward-thinking Data Scientist/Analyst to shape and deliver strategic COO initiatives, operating model improvements and process excellence priorities across the Private Bank. Role requires understanding the project requirement & the process f…"
2026-09-26,Liquidity reporting Compliance,Capco,India,,,2026-08-27T02:10:36Z,,0,"This job is with Capco, an inclusive employer and a member of myGwork – the largest global platform for the LGBTQ business community. Please do not contact the recruiter directly. This role sits as part of a first line compliance function to ensure that functionality, processes and reporting outputs built for Reporting Ops meet the regulatory criteria as documented by the relevant regulatory instructions, regulations and policies. This role will involve close liaison with both Finance Change co…"
2026-09-26,Data Engineer,Evoke HR Solutions Pvt. Ltd.,India,,,2026-09-18T17:28:16Z,ETL,1,"Job Summary We are looking for a motivated Junior Data Engineer with hands-on experience in Databricks and modern data engineering practices. The candidate will support the design, development, and maintenance of scalable data pipelines and data processing solutions to enable analytics and reporting needs. Key Responsibilities Develop, maintain, and optimize ETL/ELT data pipelines using Databricks. Build and support data ingestion frameworks for structured and semi-structured data. Work with la…"
2026-09-26,GCP Data Engineer,Tata Consultancy Services,"Chennai, Tamil Nadu",,,2026-09-09T14:44:25Z,"GCP, ETL",2,"Jobe Role: GCP Data Engineer Experience Range: 5 - 12 Years Mode of Interview: In-Person (walk-in Interview) Location: Chennai We are seeking an experienced GCP Data Engineer with 7-15 years of overall IT experience and strong expertise in designing, developing, and optimizing large-scale data platforms on Google Cloud Platform (GCP) . The ideal candidate should possess hands-on experience in data engineering, ETL/ELT development, cloud-native architectures, data warehousing, and big data techn…"
2026-09-26,Azure Data Engineer,Tata Consultancy Services,"Chennai, Tamil Nadu",,,2026-09-25T15:21:23Z,"SQL, Spark, Azure, ETL",4,"Greetings from TCS! TCS is hiring for Azure Data Engineer Desired Experience Range: 10 Years Job Location: Chennai Key Responsibilities Design, develop, and maintain ETL/ELT pipelines using Azure Data Factory (ADF). Build and optimize data transformation workflows using Azure Databricks (ADB) and PySpark/Spark SQL. Integrate data from multiple structured and unstructured sources into Azure Data Lake / Synapse. Monitor, troubleshoot, and tune pipeline performance for reliability and cost efficie…"
2026-09-26,Pyspark Role,Tata Consultancy Services,"Hyderabad, Telangana",,,2026-09-12T01:04:56Z,AWS,1,"Open Position for Pyspark We are seeking an experienced AWS Data Engineer to design, develop, and maintain scalable data solutions on the Amazon Cloud Platform (AWS). The ideal candidate will have strong expertise in building modern data pipelines, data warehousing, big data processing, and cloud-native analytics solutions. The role requires close collaboration with business stakeholders, data architects, data scientists, and application teams to deliver reliable and high-performance data platf…"
2026-09-26,SENIOR DATA ANALYST,Vrinda International,"Chennai, Tamil Nadu",1300000.0,1700000.0,2026-09-21T17:55:11Z,SQL,1,"Senior Data Analyst Summary We are seeking a commercially driven and highly analytical Senior Data Analyst to transform intricate datasets into strategic insights that fuel decision-making and revenue growth. This pivotal position serves as the critical link between business stakeholders and data engineering teams, guaranteeing that data assets are accurate, robustly modeled, and primed for immediate use. The successful candidate will possess a unique blend of advanced SQL proficiency, sharp bu…"
2026-09-26,Junior Data Analyst,Rezo.ai,"Noida, Ghaziabad",,,2026-09-18T19:47:47Z,SQL,1,"Role Summary We are seeking a detail-oriented Data Analyst to join our team. In this role, you will transform raw data into actionable insights, supporting day-to-day data operations and executive reporting. You will query relational databases, build dynamic dashboards, and perform ad-hoc analyses to answer critical business questions. Key Responsibilities • Database Management & SQL: Write, run, and optimize SQL queries to extract, aggregate, and clean data from relational databases. • Dashboa…"
2026-09-26,Intern - Data Analyst,CanKids KidsCan,"Gulmohar Park, South Delhi",20000.0,20000.0,2026-09-01T07:10:54Z,,0,"Intern Data Analyst (6-Month Term) Summary We are seeking a detail-oriented Intern Data Analyst to join our team for a six-month engagement focused on optimizing our fundraising and donor management operations. This role is pivotal in transforming raw data into actionable intelligence, ensuring the integrity of our donor databases, and providing strategic insights that drive campaign success. The ideal candidate will support the organization by maintaining robust reporting systems, conducting c…"
2026-09-26,HR Data Analyst,"Opalforce, Inc.","Naduvathi, Bangalore",,,2024-06-16T14:59:21Z,Excel,1,"Job Title: HR Data Analyst Location: Bangalore High Level JD: Collect, compile, and analyze HR Data for trends with regard to recruitment practices, retention/turnover and apply this data to make recommendatios Excellent knowledge of Microsoft Office Suite, and Excel and the ability to createcharts,spreadsheets and presentations Compiling reports of data results and presenting these to senior managers. A minimum of 2 years experience in similar role. Ability to work with cross-functional teams …"
2026-09-26,Statistician/Data Analyst,Two95 International Inc.,India,,,2026-05-13T12:52:17Z,Statistics,1,"Location: Karnataka Experience: 5 Years Qualification: Bachelor’s / Master’s Degree in Statistics Job Summary: We are seeking an experienced Statistician / Data Analyst to support survey analysis, statistical modeling, and data-driven planning activities for Master Plan / Urban Development projects. The candidate should possess strong analytical skills and experience in handling large datasets, statistical tools, and reporting. Kannada language proficiency is mandatory. Key Responsibilities: Pe…"
2026-09-26,Senior Data Analyst,Trigent Software Private Limited,India,1100000.0,1350000.0,2026-09-18T23:43:57Z,SQL,1,"Role Overview The ideal candidate should be highly analytical and commercially minded Senior Data Analyst to translate complex data into actionable insights that drive strategic decisionmaking and data monetisation. This role bridges business stakeholders and data engineering, ensuring data is reliable, well-modelled, and insight-ready. The ideal candidate combines strong SQL expertise, business acumen, and storytelling ability with hands-on experience in modern cloud data platforms. Key Respon…"
2026-09-26,Financial Data Analyst,Trigent Software Private Limited,"Kenchanahalli, Bangalore",1500000.0,1800000.0,2026-09-17T23:44:02Z,,0,"Commercial Real Estate Asset Management 1 2 years' experience in commercial real estate loans with experience in reviewing legal docs, property financials/ appraisal reports/ covenants including financial models/ business plans and vendor applications such as Rockport/ Argus Should have fair knowledge on CRE risk assessment metrics such as LTV/ DSCR/ DY covering a variety of CRE property types: multifamily, hospitality, retail, industrial, office, self-storage, senior living, etc. and present p…"
2026-09-26,data analyst / data analytics,Aspyra Hr Services,"Hyderabad, Telangana",,,2026-07-30T07:29:15Z,"SQL, Tableau",2,"Roles and Responsibilities: Extract, manipulate, and analyze large datasets from various sources such as Hive, SQL databases, and BI tools. Develop and maintain dashboards using Tableau to provide insights on banking performance, market trends, and customer behavior. Collaborate with cross-functional teams to identify key performance indicators (KPIs) and develop data visualizations to drive business decisions. Desired Candidate Profile: 6–10 years of experience in Data Analytics or related fie…"
2026-09-26,data analyst / Data analytics,Aspyra Hr Services,"Pune, Maharashtra",,,2026-07-30T07:29:15Z,"SQL, Tableau",2,"Roles and Responsibilities: Extract, manipulate, and analyze large datasets from various sources such as Hive, SQL databases, and BI tools. Develop and maintain dashboards using Tableau to provide insights on banking performance, market trends, and customer behavior. Collaborate with cross-functional teams to identify key performance indicators (KPIs) and develop data visualizations to drive business decisions. Desired Candidate Profile: 3–8 years of experience in Data Analytics or a related fi…"
2026-09-26,Category Growth Analyst,Namshi.com,India,,,2026-09-15T07:08:15Z,,0,"About Namshi Are you ready to embark on an exciting journey in the world of beauty and e-commerce? Namshi, the 1 online fashion and beauty destination in the Middle East, is looking for talented individuals like you to join our dynamic team. We are a community built around young people who are making waves in the region. They’re changing the future, and we’re right next to them every step of the way. If you're passionate, innovative, and eager to be a part of a company whose mission is to be th…"
2026-09-26,Strategy Analyst,SPIRO,India,,,2026-09-12T01:05:05Z,,0,"Role Profile: Business Analyst- Energy Location: Bangalore/ Pune Reports to: Head Energy About Spiro SPIRO is a Time 100 Influential Company 2024. Our mission is to accelerate the access of affordable, clean energy technology in the mobility sector through excellent customer service and continued agility. Currently building manufacturing and assembling facilities, SPIRO will be the first company to manufacture e-bikes and batteries in Africa, helping to solve import-export imbalances, unlocking…"
2026-09-26,Azure Data Engineer,Recro,India,,,2026-09-16T17:28:31Z,"SQL, Python, Azure",3,"About the job We are seeking a skilled Azure Data Engineer with expertise in data engineering, cloud solutions, and experience with data pipeline development using Azure services. You will play a key role in designing and implementing scalable data solutions that drive insights and business decisions for our clients. Position-Azure Data Engineer Experience: 7 years Location: Hybrid- Hyderabad/ Bangalore/Pune Mandatory Skills: ADF, SQL, Pyspark, Python, Databricks Key Responsibilities Design, de…"
2026-09-26,Azure Data Engineer,KPI Partners,"Bangalore, Karnataka",,,2026-09-11T17:11:34Z,"SQL, Python, Azure",3,"KPI Partners is seeking a skilled Azure Data Engineer with expertise in data engineering, cloud solutions, and experience with data pipeline development using Azure services. You will play a key role in designing and implementing scalable data solutions that drive insights and business decisions for our clients. Position-Azure Data Engineer Experience: 7 years Location: Hybrid- Hyderabad/ Bangalore/Pune Mandatory Skills: ADF, SQL, Pyspark, Python, Databricks Key Responsibilities Design, develop…"
2026-09-26,Data Analyst Lead,TechnoGen,"Hyderabad, Telangana",,,2026-08-21T07:38:39Z,,0,"Objectives and Responsibilities Lead discussions with partner teams to elicit, define, and understand objectives, goals, and desired insights Provide subject matter expertise on the data needs for project deliveries, scope, acceptance, installation and deployment. Interpret data, analyze results using statistical techniques and provide ongoing reports Develop and implement databases, data collection systems, data analytics and other strategies that optimize statistical efficiency and quality Ac…"
2026-09-26,Data Analyst Trainee,Lead India,"Bangalore, Karnataka",,,2026-06-13T02:35:26Z,Azure,1,"Job Description: Data Analyst Lead India is looking for dynamic data analysts who has passion for data and a relentless focus on execution and delivery. The candidate is expected to come up with insightful data presentation to make informed decisions. As a data analyst your roles and responsibilities will be as follows: Experience: 0-1 years Technical Skills: Strong Work experience on Azure (App Insights, Stream analytics, Data Factory, Data warehouse, Azure Storage accounts, Blobs) Strong anal…"
2026-09-26,Data Analyst Intern,Optimspace,"Pune, Maharashtra",,,2025-11-20T00:58:19Z,,0,"Job Title: Data Analyst Intern Company: Optimspace.in Location: Remote Duration: 3 months Opportunity: Full-time based on performance, with a Certificate of Internship Optimspace.in Optimspace.in offers practical experience for students and graduates in data analysis to enhance career prospects and provide hands-on learning opportunities in a real-world environment. Responsibilities Collect, clean, and analyze datasets. Develop reports and data visualizations. Identify trends and patterns in da…"
2026-09-26,Sr. Data Analyst,Multi Recruit,"Bangalore, Karnataka",600000.0,1500000.0,2022-01-30T04:34:29Z,,0,"Managing and designing the reporting environment, including data sources, security, and metadata. Preparing reports for executive leadership that effectively communicate trends, patterns, and predictions using relevant data Establish KPIs to measure the effectiveness of business decisions. Work with management to prioritize business and information needs. Provide data solutions, tools, and capabilities to enable self-service frameworks for data consumers Provide expertise and translate the busi…"
2026-09-26,GSS Data Analyst,SLB,"Navi Mumbai, Maharashtra",,,2026-09-24T16:16:45Z,,0,"The GSS Data Analyst is responsible for delivering safe, efficient, and reliable PSD to customers. The GSS Data Analyst identifies opportunities to improve service delivery, implements standard work, and manages risk during service delivery. This person monitors the well to provide timely and factual information to our customers; maintains sensors, equipment, and data acquisition equipment; and delivers high quality data to the customer at the wellsite. Ensure job deliverables are accurate and …"
2026-09-26,Sr Data Analyst,Jobizo,India,700000.0,1000000.0,2025-06-19T05:22:26Z,"SQL, MongoDB",2,"About the Role: We are looking for a skilled and detail-oriented Data Analyst to join our team. The ideal candidate will be responsible for collecting, analyzing, and interpreting large datasets to support data-driven decision-making across the organization. Proficiency in MongoDB and SQL is essential for this role. Key Responsibilities: Collect, process, and clean structured and unstructured data from various sources. Analyze data using SQL queries and MongoDB aggregations to extract insights.…"
2026-09-26,Senior Data Analyst,Capco,India,,,2026-09-09T21:30:25Z,Python,1,"Job Title: Data Analyst (Python Pyspark) About Us “Capco, a Wipro company, is a global technology and management consulting firm. Awarded with Consultancy of the year in the British Bank Award and has been ranked Top 100 Best Companies for Women in India 2022 by Avtar & Seramount . With our presence across 32 cities across globe, we support 100 clients across banking, financial and Energy sectors. We are recognized for our deep transformation execution and delivery. WHY JOIN CAPCO? You will wor…"
2026-09-26,Data Analyst Fintech,EXL,"Bangalore, Karnataka",,,2026-09-13T16:12:49Z,,0,"Data Analyst – Strategic Finance Looking to work on high-impact data problems that influence business and financial decisions? This role sits at the intersection of data analytics, financial insights, and operational strategy, helping teams make faster and better decisions using data."
2026-09-26,"Data Analyst, NYC",Stripe,India,,,2026-09-11T16:11:16Z,,0,"Who we are About Stripe Stripe is a financial infrastructure platform for businesses. Millions of companies—from the world’s largest enterprises to the most ambitious startups—use Stripe to accept payments, grow their revenue, and accelerate new business opportunities. Our mission is to increase the GDP of the internet, and we have a staggering amount of work ahead. That means you have an unprecedented opportunity to put the global economy within everyone’s reach while doing the most important …"
2026-09-26,Data Analyst Intern,Portcast,India,,,2026-08-09T20:48:38Z,,0,"Portcast is a venture-backed, Singapore-based logistics technology startup building a real-time transportation visibility platform for global supply chains. We help shippers, manufacturers, and logistics service providers turn data into decisions and decisions into measurable business impact. Our platform goes beyond visibility. Portcast enables action at scale by surfacing the right risks early, helping teams prevent detention and demurrage, accelerate exception management, and close invoices …"
2026-09-26,Senior Data Analyst,PVH,"Bangalore, Karnataka",,,2026-09-24T10:02:35Z,,0,"Senior Data Analyst Design Your Future at PVHSenior Data Analyst POSITION TITLE: Senior Data Analyst (Business Analytics) – PVH Supply Data & Analytics DEPT. /DIVISION: Corporate Supply Data & Analytics POSITION REPORTS TO: Senior Manager, Data & Analytics LOCATION: Bangalore, India POSITION SUMMARY: The Supply Chain Data & Analytics (SDA) team sits within the corporate Supply Chain function at PVH and is passionate about powering a world-class, data-driven Supply Chain by delivering exceptiona…"
2026-09-26,Senior Data Analyst,Flipkart,"Bangalore, Karnataka",,,2026-08-07T07:31:54Z,"SQL, Oracle",2,"We are looking for data analyst expertized on Oracle SQL/PLSQL having 5-8 years of experience. Successful candidates will work as a part of a team and help us in building SQL Automations. As we help our clients target, measure and improve mission-critical business metrics and generate demonstrable return on investment, our SQL data analysts enjoy a high level of responsibility and immediate client interactions. In addition to technical excellence, you are expected to be excellent communicators …"
2026-09-26,Data Analyst Intern,Innovexis,"Bangalore, Karnataka",,,2026-09-23T07:13:32Z,,0,"Description Innovexis is seeking a Data Analyst Intern to join our team in Bengaluru, working remotely on a full internship basis. This is an excellent opportunity for aspiring data professionals to gain hands-on experience in the Information Technology industry while contributing to real-world data projects. As a Data Analyst Intern at Innovexis, you will work closely with our analytics and engineering teams to collect, clean, and interpret data that supports informed business decisions. You w…"
2026-09-26,Senior Data Analyst,r3 Consultant,"Pune, Maharashtra",,,2025-12-16T02:52:13Z,,0,"Description R3 Consultant is looking for a Senior Data Analyst to join our team in Pune. This full-time, on-site position offers an exciting opportunity to delve into data analytics within the staffing and recruiting industry, where your insights will drive strategic decision-making. As a Senior Data Analyst, you will play a pivotal role in analyzing complex datasets to identify trends, patterns, and insights that will enhance our recruitment strategies and improve client outcomes. You will col…"
2026-09-26,Senior Data Analyst,NeoGenCode Technologies Pvt Ltd,"Bangalore, Karnataka",1000000.0,1800000.0,2025-06-18T05:21:07Z,,0,"Position : Senior Data Analyst Experience Required : 5 to 8 Years Location : Hyderabad or Bangalore (Work Mode: Hybrid – 3 Days WFO) Shift Timing : 11:00 AM – 8:00 PM IST Notice Period : Immediate Joiners Only Job Summary : We are seeking a highly analytical and experienced Senior Data Analyst to lead complex data-driven initiatives that influence key business decisions. The ideal candidate will have a strong foundation in data analytics, cloud platforms, and BI tools, along with the ability to…"
2026-09-26,Data Analyst - Bilingual,Numerator,"Vadodara, Gujarat",,,2026-09-02T16:15:26Z,,0,"We’re reinventing the market research industry. Let’s reinvent it together. At Numerator, we believe tomorrow’s success starts with today’s market intelligence. We empower the world’s leading brands and retailers with unmatched insights into consumer behavior and the influencers that drive it. Data Analyst (Bi-lingual French) As a Data Analyst (Bi-lingual French), you will help Numerator improve its ever-growing database of products by using our custom-designed platform to match real-world prod…"
2026-09-26,Junior Data Analyst,Happiest Resume,"Delhi, India",100000.0,700000.0,2026-08-13T02:55:55Z,,0,"We are seeking a highly motivated and detail-oriented Junior Data Analyst to join our team. As a Junior Data Analyst, you will play a key role in supporting the Data Science, Risk, and Business teams by developing analytical datasets, dashboards, and actionable insights that enable data-driven lending decisions, portfolio monitoring, and operational excellence. You will work closely with cross-functional teams to identify business needs and develop data-driven solutions. Your primary responsibi…"
2026-09-26,Junior Data Analyst,Happiest Resume,"New Delhi, Delhi",100000.0,700000.0,2026-08-13T02:55:55Z,,0,"We are seeking a highly motivated and detail-oriented Junior Data Analyst to join our team. As a Junior Data Analyst, you will play a key role in supporting the Data Science, Risk, and Business teams by developing analytical datasets, dashboards, and actionable insights that enable data-driven lending decisions, portfolio monitoring, and operational excellence. You will work closely with cross-functional teams to drive business growth and improve operational efficiency. Your primary responsibil…"
2026-09-26,Big Data Analyst,MedTourEasy,India,600000.0,600000.0,2026-09-18T21:43:39Z,,0,"Company Overview MedTourEasy, a global healthcare company, provides you the informational resources needed to evaluate your global options. MedTourEasy provides analytical solutions to our partner healthcare providers globally. Job Title Big Data Analyst Job Location Bengaluru, India Gurgaon, India New Delhi, India Noida, India International Years of Experience 0-5 years Job Description As a Big Data Analyst at Medtoureasy, you will play a crucial role in analyzing and interpreting complex data…"
2026-09-26,Senior Data Analyst,Unison Group,"Bangalore, Karnataka",,,2026-09-09T16:12:53Z,SQL,1,"We are looking for an experienced Data Analyst with experience in data analytics, data management, and business intelligence. The ideal candidate should have strong hands-on experience with SAP BW or SAP ECC, along with Databricks, SQL, and reporting/visualization tools. The candidate will be responsible for understanding and analyzing data flows from SAP systems, extracting and transforming data using SQL and Databricks, and developing reports and dashboards to provide actionable business insi…"
2026-09-26,Lead Data Analyst,Ipsos,"Bangalore, Karnataka",,,2024-07-31T03:21:15Z,,0,"Description Analytics Team Lead Location: Bangalore Division: Ipsos Healthcare Ipsos is one of the world's largest research companies and currently the only one primarily managed by researchers, ranking as a 1 full-service research organization for four consecutive years. With over 75 different data-driven solutions, and presence in 90 markets, Ipsos brings together research, implementation, methodological, and subject-matter experts from around the world, combining thematic and technical exper…"
2026-09-26,Senior Data Analyst,PVH,India,,,2024-08-19T03:31:25Z,,0,"Design Your Future at PVH Senior Data Analyst POSITION TITLE: Senior Data Analyst (Business Analytics) – PVH Supply Data & Analytics DEPT. /DIVISION: Corporate Supply Data & Analytics POSITION REPORTS TO: Senior Manager, Data & Analytics LOCATION: Bangalore, India POSITION SUMMARY: The Supply Chain Data & Analytics (SDA) team sits within the corporate Supply Chain function at PVH and is passionate about powering a world-class, data-driven Supply Chain by delivering exceptional data & analytics,…"
2026-09-26,Master Data Analyst,SPX FLOW,"Bangalore, Karnataka",,,2026-08-07T20:57:12Z,,0,"Job Title: Master Data Analyst Accountability: SPX FLOW is a global multi-industry manufacturing leader with approximately $2.1 billion in annual revenue, operations in more than 35 countries and close to 7,000 employees. The company's highly-specialized, engineered products and innovative technologies are helping to meet rising global demand for electricity and processed foods and beverages, particularly in emerging markets. The Global Data Analytics and Data Governance Team is responsible for…"
2026-09-26,Executive Data Analyst,Ascendion Digital Solutions Private Limited,"Bangalore, Karnataka",,,2026-08-30T07:38:33Z,,0,I 9 Executions of all Collabera consultants Verifying I9 supporting documents prior to executing it E-Verify: Audit I9s and file I9/everify to be compliant with DHS/USCIS Assisting immigration team Verify I-9 form and support docs for all Collabera hires very precisely Learn new I-9 processes and e-verify processes through USCIS webinars and educate internal teams with new updates. Communicate I-9 and e-verify issues with manager and resolve them using USCIS resources and I-9 central help. Reso…
2026-09-26,Mirai- Data Analyst,Hindustan Unilever Hul,"Bangalore, Karnataka",,,2026-08-27T07:41:45Z,,0,"ABOUT UNILEVER: Every individual here can bring their purpose to life through their work. Join us and you ll be surrounded by inspiring leaders and supportive peers. Among them, you ll channel your purpose, bring fresh ideas to the table, and simply be you. As you work to make a real impact on the business and the world, we ll work to help you become a better you. Role Overview: We are undertaking enterprise transformation program focused on simplifying and modernizing its core systems and data…"
2026-09-26,Senior Data Analyst,PVH Corp.,"Bangalore, Karnataka",,,2026-09-17T11:11:15Z,,0,"Design Your Future at PVH Senior Data Analyst POSITION TITLE: Senior Data Analyst (Business Analytics) - PVH Supply Data & Analytics DEPT. /DIVISION: Corporate Supply Data & Analytics POSITION REPORTS TO: Senior Manager, Data & Analytics LOCATION: Bangalore, India POSITION SUMMARY: The Supply Chain Data & Analytics (SDA) team sits within the corporate Supply Chain function at PVH and is passionate about powering a world-class, data-driven Supply Chain by delivering exceptional data & analytics,…"
2026-09-26,Data Analyst (SQL),Merito,"Mumbai, Maharashtra",600000.0,800000.0,2023-10-22T13:49:04Z,,0,"About us :- Merito is a curated talent platform where we identify, assess, and connect candidates for matching job opportunities. We are working with the mission to change the way hiring is done. The company is founded by a team of alumni from IIM Ahmedabad, McKinsey with more than 2 decades of experience in recruitment, training, and coaching. About our Client :- Our client is an InsureTech platform backed by a major retail giant that offers contextual insurance in a blink. We are a team of co…"
2026-09-26,Data Analyst (MDM),Arrow,India,,,2026-07-17T03:19:40Z,,0,"Position: Data Analyst (MDM) Job Description: The Data Analyst is responsible for supporting and delivering value to the business through Data & Analytics initiatives. This position will work closely with subject matter experts, data stewards, and analytics teams to understand challenges and opportunities in core business data. It will support accuracy and consistency of data through analysis and maintenance activities. What You’ll Be Doing Work with key stakeholders to document and understand …"
2026-09-26,Data Analyst IV,Aditi Tech Consulting Private Limited,"Hyderabad, Telangana",,,2026-09-11T07:42:19Z,,0,"Summary: As a Data Analyst supporting the Customer Success Group, you will be pivotal in providing essential data analytics, reporting, and business intelligence to drive actionable insights. Reporting to a Manager, you will be responsible for fulfilling data requests, performing detailed analysis, and delivering results that directly support key business decisions within the Customer Success organization. Your role will begin with foundational reporting and data requests, with responsibilities…"
2026-09-26,Senior Data Analyst,EXL,"Bangalore, Karnataka",,,2026-06-11T02:35:35Z,"SQL, Power BI, Tableau",3,"Description Title : Senior Data Analyst Location : Bangalore Write and optimize complex SQL queries for data extraction, transformation, and analysis Design and develop interactive dashboards and reports using Power BI / Tableau Perform data analysis to identify trends, patterns, and actionable insights Work with stakeholders to gather requirements and translate them into analytical solutions Ensure data accuracy, consistency, and performance optimization Automate reporting processes and improv…"
2026-09-26,Senior Data Analyst,ShyftLabs,"Noida, Ghaziabad",,,2026-08-29T20:48:34Z,"SQL, Python, Power BI, Looker",4,"Position Overview: We are seeking a Senior Data Analyst to support our Data team projects, with a primary focus on business intelligence development, analytical asset creation, and data-driven insights. The role will contribute directly to the delivery of the first phase of the project and will be responsible for developing scalable, high-quality analytical solutions. The ideal candidate is highly experienced with Power BI and Looker, has strong Python and SQL skills, and brings strong analytic…"
2026-09-26,Senior Data Analyst,Robosoft Technologies,"Navi Mumbai, Maharashtra",,,2026-08-28T07:37:32Z,,0,We are looking for a skilled and proactive Senior Data Analyst to take ownership of multiple designated client accounts. The role involves applying analytics and visualization techniques to drive better business decision-making while independently managing client interactions and expectations. Responsibilities: Understand client brief and translate into tasks and analysis steps. Deliver insights and results back to the client independently. Design solutions to integrate with various downstream …
2026-09-26,Senior Data Analyst,Robosoft Technologies,"Bangalore, Karnataka",,,2026-08-28T07:37:33Z,,0,We are looking for a skilled and proactive Senior Data Analyst to take ownership of multiple designated client accounts. The role involves applying analytics and visualization techniques to drive better business decision-making while independently managing client interactions and expectations. Responsibilities: Understand client brief and translate into tasks and analysis steps. Deliver insights and results back to the client independently. Design solutions to integrate with various downstream …
2026-09-26,Data Analyst (MDM),Arrow Electronics,"Bangalore, Karnataka",,,2026-07-17T10:43:22Z,,0,"Position: Data Analyst (MDM) Job Description: The Data Analyst is responsible for supporting and delivering value to the business through Data & Analytics initiatives. This position will work closely with subject matter experts, data stewards, and analytics teams to understand challenges and opportunities in core business data. It will support accuracy and consistency of data through analysis and maintenance activities. What You'll Be Doing  Work with key stakeholders to document and understand…"
2026-09-26,Sr. Data Analyst,OnActive,India,2000000.0,2500000.0,2024-11-06T12:42:06Z,"SQL, Power BI",2,"Senior Data Analyst Experience: 8 Years Work Mode: Remote Full Time Responsibilities: • Analyze large datasets to uncover trends, patterns, and insights to support business goals. • Design, develop, and manage interactive dashboards and reports using Power BI. • Utilize DAX and SQL for advanced data querying and data modeling. • Create and manage complex SQL queries for data extraction, transformation, and loading processes. • Collaborate with cross-functional teams to understand data requireme…"
2026-09-26,Data Analyst - Surat,Mspire Ventures,"Vadodara, Gujarat",1200000.0,3600000.0,2026-05-13T02:19:05Z,,0,"Job Description: Job Title: Data Analyst Location: Surat Salary: upto 25k CTC Key Responsibilities:  Collect, validate, and follow up on data related to client-side and operations activities.  Review and verify client invoices to ensure accuracy and completeness.  Prepare and maintain riders’ payout and summary reports on a regular basis.  Present accurate data insights and reports to management as required.  Collaborate with cross-functional teams to ensure data accuracy and timely submis…"
2026-09-26,Senior Data Analyst,Mastercard,India,,,2026-08-22T11:20:29Z,,0,"Our Purpose _Mastercard powers economies and empowers people in 200 countries and territories worldwide. Together with our customers, we're helping build a sustainable economy where everyone can prosper. We support a wide range of digital payments choices, making transactions secure, simple, smart and accessible. Our technology and innovation, partnerships and networks combine to deliver a unique set of products and services that help people, businesses and governments realize their greatest po…"
2026-09-26,Senior Data Analyst,EXL,"Bangalore, Karnataka",,,2026-06-25T02:41:56Z,"SQL, Power BI, Tableau",3,"Description Title : Senior Data Analyst Location: Bangalore Analyze large and complex datasets using SQL to extract actionable insights Develop and maintain interactive dashboards using Power BI/Tableau for business reporting Translate business requirements into data-driven solutions and recommendations Apply strong problem-solving skills to identify trends, gaps, and opportunities Work closely with stakeholders to support strategic decision-making Ensure data accuracy, quality, and consistency…"
2026-09-26,Data Analyst III,F5 Networks,India,,,2026-08-26T20:58:59Z,,0,"At F5, we strive to bring a better digital world to life. Our teams empower organizations across the globe to create, secure, and run applications that enhance how we experience our evolving digital world. We are passionate about cybersecurity, from protecting consumers from fraud to enabling companies to focus on innovation. Everything we do centers around people. That means we obsess over how to make the lives of our customers, and their customers, better. And it means we prioritize a diverse…"
2026-09-26,Flight Data Analyst,Ametek Instruments India,"Bangalore, Karnataka",,,2026-08-22T07:33:28Z,,0,"Key Responsibilities: Perform detailed readouts and analysis of FDR and CVR data to support aircraft health monitoring and return-to-service processes. Construct and manage dataframes for organizing and analyzing large datasets from flight recorders. Collaborate with cross-functional teams, including engineers and data scientists, to interpret and present findings. Develop and maintain documentation and reports related to FDR/CVR readouts and data analysis. Ensure compliance with industry stand…"
2026-09-26,Senior Data Analyst,F5 Networks,India,,,2026-08-26T20:42:47Z,,0,"At F5, we strive to bring a better digital world to life. Our teams empower organizations across the globe to create, secure, and run applications that enhance how we experience our evolving digital world. We are passionate about cybersecurity, from protecting consumers from fraud to enabling companies to focus on innovation. Everything we do centers around people. That means we obsess over how to make the lives of our customers, and their customers, better. And it means we prioritize a diverse…"
2026-09-26,CX Data Analyst,Multitude,"Gurgaon, Haryana",,,2026-08-06T20:57:42Z,"Excel, Power BI",2,"About the Role We are looking for a highly analytical and detail-oriented Data Analyst to join our Customer Experience & Collections (CUX) team. This role plays a critical part in supporting business decisions through data-driven insights, operational reporting, and performance analysis across Customer Operations and Collections. The ideal candidate has strong analytical capabilities, excellent Power BI and Excel skills, and experience working with large datasets to build dashboards, identify t…"
2026-09-26,Senior Data Analyst,Vector Labs Tech,India,700000.0,2000000.0,2025-03-28T06:23:51Z,,0,"We are seeking a highly motivated and experienced Senior Data Analyst to join our dynamic team. The ideal candidate will be responsible for extracting, analyzing, and interpreting complex datasets to provide actionable insights that drive business strategy and improve operational efficiency. You will play a crucial role in transforming raw data into meaningful information, enabling stakeholders to make informed decisions. Responsibilities: Data Extraction and Manipulation: Extract data from var…"
2026-09-26,HR Data Analyst,Hiringhut Solutions Pvt Ltd,India,800000.0,1500000.0,2022-09-28T06:58:21Z,Excel,1,"Job Title: HR Data Analyst Reports To: HR Business Partner Duties Collect and compile HR metrics and data from the global HR team using internal SharePoint site as well as Excel files from local HRIS systems Analyze data on a monthly, quarterly, and annual basis regarding recruitment and attrition Prepare data reports using Excel and Power Point Ensure data integrity by identifying issues and fixing errors either in SharePoint or local HRIS system Track recruitment costs on a regional and globa…"
2026-09-26,Senior Data Analyst,Okta,"Bangalore, Karnataka",,,2026-06-11T02:41:59Z,,0,"Secure Every Identity, from AI to Human Identity is the key to unlocking the potential of AI. Okta secures AI by building the trusted, neutral infrastructure that enables organizations to safely embrace this new era. This work requires a relentless drive to solve complex challenges with real-world stakes. We are looking for builders and owners who operate with speed and urgency and execute with excellence. This is an opportunity to do career-defining work. We're all in on this mission. If you a…"
2026-09-26,Senior Data Analyst,Robosoft Technologies,"Bangalore, Karnataka",,,2026-08-28T07:37:33Z,"SQL, Python",2,"Front face customer to understand data requirements and analyse data Build solutions and systems to manage data and analytics workload Improve reliability, quality, and time-to-market of our suite of software solutions. Responsibilities: Using SQL/Python to extract data from primary and secondary sources Performing analysis to assess quality and meaning of data Working with programmers, engineers, and management heads to identify process improvement. Opportunities, propose system modifications,…"
2026-09-26,Senior Data Analyst,GSPANN,"Pune, Maharashtra",,,2026-08-28T07:36:56Z,,0,"Job description About the Company : Headquartered in California, U.S.A., GSPANN provides consulting and IT services to global clients. We help clients transform how they deliver business value by helping them optimize their IT capabilities, practices, and operations with our experience in retail, high-technology, and manufacturing. With five global delivery centers and 1900 employees, we provide the intimacy of a boutique consultancy with the capabilities of a large IT services firm. Role: Seni…"
2026-09-26,Senior Data Analyst,GSPANN,"Hyderabad, Telangana",,,2026-08-28T07:36:57Z,,0,"Job description About the Company : Headquartered in California, U.S.A., GSPANN provides consulting and IT services to global clients. We help clients transform how they deliver business value by helping them optimize their IT capabilities, practices, and operations with our experience in retail, high-technology, and manufacturing. With five global delivery centers and 1900 employees, we provide the intimacy of a boutique consultancy with the capabilities of a large IT services firm. Role: Seni…"
2026-09-26,Senior Data Analyst,Robosoft Technologies,"Navi Mumbai, Maharashtra",,,2026-08-28T07:37:32Z,"SQL, Python",2,"Front face customer to understand data requirements and analyse data Build solutions and systems to manage data and analytics workload Improve reliability, quality, and time-to-market of our suite of software solutions. Responsibilities: Using SQL/Python to extract data from primary and secondary sources Performing analysis to assess quality and meaning of data Working with programmers, engineers, and management heads to identify process improvement. Opportunities, propose system modifications,…"
2026-09-26,Senior Data Analyst,GSPANN,"Delhi, India",,,2026-08-28T07:36:56Z,,0,"Job description About the Company : Headquartered in California, U.S.A., GSPANN provides consulting and IT services to global clients. We help clients transform how they deliver business value by helping them optimize their IT capabilities, practices, and operations with our experience in retail, high-technology, and manufacturing. With five global delivery centers and 1900 employees, we provide the intimacy of a boutique consultancy with the capabilities of a large IT services firm. Role: Seni…"
2026-09-26,Data Analyst Fintech,EXL,"Bangalore, Karnataka",,,2026-04-16T01:58:39Z,,0,"Description Data Analyst – Strategic Finance Looking to work on high-impact data problems that influence business and financial decisions? This role sits at the intersection of data analytics, financial insights, and operational strategy, helping teams make faster and better decisions using data. Responsibilities What you’ll do: • Analyze large financial and operational datasets to generate actionable insights • Build and maintain dashboards and reporting frameworks for business stakeholders • …"
2026-09-26,Sr. Data Analyst,Simform,"Ahmedabad, Gujarat",,,2026-06-20T03:27:28Z,AWS,1,"Job Description Job Title: Sr. Data Analyst Experience: 5 to 8 Years Location: Ahmedabad/Remote Job Type: Full Time Department: Data Engineering About Simform: Simform is a premier digital engineering company specializing in Cloud, Data, AI/ML, and Experience Engineering to create seamless digital experiences and scalable products. Simform is a strong partner for Microsoft, AWS, Google Cloud, and Databricks. With a presence in 5 countries, Simform primarily serves North America, the UK, and the…"
2026-09-26,Master Data Analyst,Rockwell Automation,India,,,2026-09-24T21:19:23Z,,0,"Rockwell Automation is a global technology leader focused on helping the world’s manufacturers be more productive, sustainable, and agile. With more than 28,000 employees who make the world better every day, we know we have something special. Behind our customers - amazing companies that help feed the world, provide life-saving medicine on a global scale, and focus on clean water and green mobility - our people are energized problem solvers that take pride in how the work we do changes the worl…"
2026-09-26,Data Analyst_Offshore,Photon Group,India,,,2024-07-31T03:06:28Z,,0,"Description We are looking for a data analyst to join our team and help us transform data into insights and actions. You will be responsible for collecting, cleaning, analyzing, and reporting on various data sources and business processes. You will also collaborate with other teams and stakeholders to provide data-driven solutions and recommendations. Responsibilities Collect and integrate data from various sources, such as databases, APIs, files, and web services Perform data quality checks an…"
2026-09-26,Sr. Data Analyst,Straatix Partners,"Bangalore, Karnataka",2000000.0,4000000.0,2026-09-02T16:16:39Z,,0,"Define and obtain source data required to deliver insights and use cases. ● Determine data mapping and join multiple data sets across various sources. ● Develop methods to highlight and report data inconsistencies for user review. ● Propose and assist with suitable data migration sets for stakeholders. ● Support teams in processing data migration sets and coordinating migration activities. ● Plan, track, and coordinate the data migration team and migration run-book. ● Collaborate with stakehold…"
2026-09-26,Senior Data Analyst,Advanced Energy,"Pune, Maharashtra",,,2026-07-22T10:44:10Z,,0,"Senior Data Analyst About Advanced Energy Advanced Energy Industries, Inc. (NASDAQ: AEIS), enables design breakthroughs and drives growth for leading semiconductors and industrial customers. Our precision power and control technologies, along with our applications know-how, inspire close partnerships and innovation in thin-film and industrial manufacturing. We are proud of our rich heritage, award-winning technologies, and we value the talents and contributions of all Advanced Energy's employee…"
2026-09-26,Sr Data Analyst,Hunarstreet Technologies Pvt Ltd,"Gujarat, India",500000.0,600000.0,2026-05-20T12:46:00Z,,0,"Job Title: Senior Data Analyst Location: Sharnam Metrolinks, Amraiwadi, Ahmedabad Working Days: 6 Days a Week Department: MDO Reporting To: COO Employment Type: Full-Time Job Summary We are seeking a highly analytical and detail-oriented Senior Data Analyst to lead data management, reporting, automation, and system development initiatives across the organization. The role focuses on transforming raw data into meaningful insights, designing and implementing automated systems, strengthening data …"
2026-09-26,Data Analyst 5B,Genpact,India,,,2026-09-20T21:47:29Z,,0,"Data Analyst Ready to turn bold ideas into real-world impact? At Genpact, we don’t just adapt to change, we lead it. AI and digital innovation are transforming the way businesses work, and we’re at the forefront of it. Genpact’s AI Gigafactory , our industry-first accelerator, exemplifies how we scale advanced technology solutions to help global enterprises work smarter, grow faster, and transform at scale. Whether tackling complex challenges through large-scale models or agentic AI , our break…"
2026-09-26,Westfield Data Analyst,EXL,India,,,2026-01-22T00:53:03Z,"SQL, Snowflake",2,"Description Role : Business Data Analyst Location – Gurugram Exp : 3-6 Must-Have: 3-6 years of work experience in large-scale Data applications doing Data Analysis, Data Mapping, and Data Transformations. - Experience in Snowflake, Any relational DB , requirements gathering - Very good Verbal & Written communication & tracking skills - SQL - Should have exposure to data consolidation, transformation, and standardization - Experience with Insurance (Property and Casualty Insurance - P&C) Domain …"
2026-09-26,Senior Data Analyst,Sagility,India,,,2026-09-18T21:48:29Z,,0,"Sagility combines industry-leading technology and transformation-driven BPM services with decades of healthcare domain expertise to help clients draw closer to their members. The company optimizes the entire member/patient experience through service offerings for clinical, case management, member engagement, provider solutions, payment integrity, claims cost containment, and analytics. Sagility has more than 25,000 employees across 5 countries. Experience with large-scale data analysis projects…"
2026-09-26,Manager Data Analyst,Fidelity International,India,,,2026-09-12T21:39:49Z,,0,"About the Opportunity Job Type: Permanent Application Deadline: 20 September 2026 Job Description Title Manager Data Analyst Department AMP Platform, Research & Sustainability Location Bengaluru, India Reports To Data Product Owner, Business Analyst Level 5 We are proud to have been helping our clients build better financial futures, for over 50 years. How have we achieved this? By working together - and supporting each other - all over the world. So, join our Asset Management Platform (AMP) De…"
2026-09-26,Lead Data Analyst,Ameriprise,India,,,2026-09-24T21:16:13Z,,0,"About Our Company Ameriprise India LLP has been providing client based financial solutions to help clients plan and achieve their financial objectives for 20 years. We are part of Ameriprise Financial Inc., a US financial planning company headquartered in Minneapolis with a global presence and diversified financial services leader with more than $1.5 trillion in assets under management, administration and advisement as of year-end 2024. The firm’s focus areas include Asset Management and Advice…"
2026-09-26,Business and Data analyst,"NTT America, Inc.",India,,,2026-09-25T11:14:36Z,,0,"India T&M Special Bonus: Req ID: 391134 NTT DATA strives to hire exceptional, innovative and passionate individuals who want to grow with us. If you want to be part of an inclusive, adaptable, and forward-thinking organization, apply now. We are currently seeking a Business and Data analyst to join our team in Remote, Karnataka (IN-KA), India (IN). Role Summary We are currently seeking an experienced Business and Data analyst to join our team in Remote, Karnataka (IN-KA), India (IN) to support …"
2026-09-26,Data Analyst - India,InnovMetric Logiciels|Software,India,,,2026-03-14T08:44:52Z,,0,"You are curious, analytical, and a strong team player? Great, you’re exactly the kind of person we’d love to meet! The Gateway team is looking for a Data Analyst to create data enablement tools that support InnovMetric’s Digital Thread. In this role, y ou will design dashboards, build data integrations, and create API based solutions that make dimensional data accessible to internal teams, partners, and customers. You will collaborate closely with stakeholders across the organization and with i…"
2026-09-26,Business Data Analyst,EXL,India,,,2026-07-11T03:39:30Z,"SQL, Snowflake",2,"Description Role : Business Data Analyst Location – Gurugram Exp : 3-6 Years Must-Have: 3-6 years of work experience in large-scale Data applications doing Data Analysis, Data Mapping, and Data Transformations. - Experience in Snowflake, Any relational DB , BRD creation, requirements gathering - Very good Verbal & Written communication & tracking skills - SQL, business requirement gatherings, Source-to-target mappings (STTM) writing - Should have exposure to data consolidation, transformation, …"
2026-09-26,Lead Data Analyst,Purview India Consulting And Services Llp,"Pune, Maharashtra",,,2026-08-25T07:40:54Z,"SQL, Hadoop",2,"Description We are seeking a highly skilled Lead Data Analyst with extensive experience in the banking domain. The ideal candidate will possess a strong technical background in data analysis, particularly with tools like PySpark, Hadoop, and SQL. You will play a crucial role in leading data projects, managing stakeholder expectations, and driving data-driven decision-making within the organization. If you are a results-oriented professional with a passion for data and team leadership, we invite…"
2026-09-26,Senior Data Analyst,Thryve Digital,"Chennai, Tamil Nadu",,,2026-08-27T07:40:32Z,"SQL, Python, Power BI, PostgreSQL",4,"Senior Data Analyst Location: Chennai Shift: 3PM-12AM (Both ways cab) Mode of Work: Hybrid Job Summary: This role provides an opportunity to work in a dynamic environment, delivering quality solutions to global customers. The candidate should have strong data analytics expertise, including Power BI, ServiceNow, Python, SQL, and PostgreSQL. Responsibilities include developing and managing BI solutions, creating reports and dashboards, and ensuring effective communication of data-driven strategie…"
2026-09-26,Business Data Analyst,EXL,"Noida, Ghaziabad",,,2026-09-02T21:41:02Z,"SQL, Snowflake",2,"Description Role : Business Data Analyst Location – Gurugram Exp : 3-6 Years Must-Have: 3-6 years of work experience in large-scale Data applications doing Data Analysis, Data Mapping, and Data Transformations. - Experience in Snowflake, Any relational DB , BRD creation, requirements gathering - Very good Verbal & Written communication & tracking skills - SQL, business requirement gatherings, Source-to-target mappings (STTM) writing - Should have exposure to data consolidation, transformation, …"
2026-09-26,Data Analyst - Business,Plum Benefits,"Bangalore, Karnataka",,,2026-05-14T02:28:47Z,,0,"About the Role We’re looking for a detail-oriented, curious Business Analyst with 1–2 years of experience to join the Program Management team. This role is suited for someone who enjoys working with data, improving processes, and collaborating with different teams to solve operational challenges. You’ll work closely with Account Managers, Sales, Product, and Customer Success teams to help track performance, maintain reliable data, and identify opportunities to make workflows more efficient. The…"
2026-09-26,Portfolio Data Analyst,Arcana Analytics,"Coimbatore, Tamil Nadu",,,2025-12-19T23:54:35Z,,0,"We are seeking dynamic Portfolio Data Analysts to join our team and collaborate closely with our founders, financial analysts, product managers, and engineers. In this role, you'll play a pivotal part in supporting our client onboarding and success team. You'll need a strong ability to analyze financial data, translate insights into actionable strategies, and effectively guide clients through our platform's features to drive their success. Responsibilities: Analyze and onboard portfolio data fr…"
2026-09-26,Lead Data Analyst,Cohere Health,"Hyderabad, Telangana",,,2026-08-19T20:50:47Z,,0,"Opportunity Overview: We are seeking a Technical, Hands-on Manager to lead a team responsible for building and maintaining high-quality healthcare market datasets and analytics that power internal insights, benchmarking, and external thought leadership . In this role, you will lead a team of data analysts responsible for the development, quality assurance, and ongoing refresh of market data assets. You will combine strong people leadership with technical expertise in analytics and data science …"
2026-09-26,Senior Data Analyst,PVH,"Bangalore, Karnataka",,,2026-09-24T10:02:35Z,,0,"Senior Data Analyst About Us: We are brand builders who focus our passion and creativity to build Calvin Klein and TOMMY HILFIGER into the most desirable lifestyle brands in the world and at the same time position PVH as one of the best-performing brand groups in our sector. Guided by our values and enabled by our scale and global reach, we are driving fashion forward for good, as one team with one vision and one plan. That’s the Power of Us, that’s the Power of PVH. One of PVH’s greatest stren…"
2026-09-26,Marketing Data Analyst,LNW TECHNOLOGY CO LTD,India,100000.0,700000.0,2023-11-19T14:53:13Z,,0,"Marketing Operations is a critical team under the Marketing Communication BPO Operations umbrella that prioritizes the lead lifecycle, manages day-to-day marketing initiatives, and the organization’s MarTech stack. A Marketing and Communication Support company providing customer care & support, technical support services, and back-end support to accounts engaged in interactive online sports gaming activities. In this role, you can expect to: ● Work in a Business Process Outsourcing (BPO) Module…"
2026-09-26,Hiring for Data Analyst,RECEX,"Pune, Maharashtra",100000.0,600000.0,2026-05-15T02:13:52Z,,0,"Job Description: We’re seeking a seasoned Data Analyst to manage the accuracy, structure, and integrity of the Management Library dataset. You’ll oversee data consistency across companies, executives, and industries. The role requires both strategic thinking and hands-on data management— perfect for someone who enjoys ensuring structured precision in complex, high-volume datasets. You’ll collaborate across engineering, and operation teams to ensure every profile, transcript, and company in our …"
2026-09-26,Principal Data Analyst,Zynga,"Bangalore, Karnataka",,,2026-09-11T21:16:40Z,,0,"Level Up Your Career with Zynga! At Zynga, we bring people together through the power of play. As a global leader in interactive entertainment and a proud label of Take-Two Interactive, our games have been downloaded over 6 billion times—connecting players in 175 countries through fun, strategy, and a little friendly competition. From thrilling casino spins to epic strategy battles, mind-bending puzzles, and social word challenges, our diverse game portfolio has something for everyone. Fan-favo…"
2026-09-26,Senior Data Analyst,TekClan,"Chennai, Tamil Nadu",800000.0,1200000.0,2026-02-18T11:46:13Z,SQL,1,"About the Role: We are looking for a detail-oriented and analytical Senior Data Analyst to join our Chennai team. The ideal candidate will have strong skills in T-SQL/PL-SQL, data platform management, and reporting tools, along with experience in database administration and performance tuning. You will play a key role in transforming raw data into meaningful insights that drive business decisions. Key Responsibilities: Write complex queries using T-SQL / PL-SQL to extract, manipulate, and analy…"
2026-09-26,Data Analyst - SQL,Unnati,"Mumbai, Maharashtra",700000.0,1000000.0,2021-08-21T21:23:15Z,,0,"Want to join the trailblazing Fintech company which is leveraging software and technology to change the face of short-term financing in India Our client is an innovative Fintech company that is revolutionizing the business of short term finance. The company is an online lending startup that is driven by an app-enabled technology platform to solve the funding challenges of SMEs by offering quick-turnaround, paperless business loans without collateral. It counts over 2 million small businesses ac…"
2026-09-26,Lead Data Analyst,Robosoft Technologies,"Bangalore, Karnataka",,,2026-08-28T07:37:34Z,SQL,1,"We are looking for a meticulous and analytical Data Analyst with strong SQL skills and cloud experience to join our team. The ideal candidate will have a solid background in data analysis, statistical techniques, with specific expertise in using SQL to manage and analyze large datasets in cloud environments. You will be responsible for interpreting data, analyzing results, and providing actionable insights to drive business decisions. Responsibilities: Gather data from various sources, ensuring…"
2026-09-26,Lead Data Analyst,Robosoft Technologies,"Navi Mumbai, Maharashtra",,,2026-08-28T07:37:33Z,SQL,1,"We are looking for a meticulous and analytical Data Analyst with strong SQL skills and cloud experience to join our team. The ideal candidate will have a solid background in data analysis, statistical techniques, with specific expertise in using SQL to manage and analyze large datasets in cloud environments. You will be responsible for interpreting data, analyzing results, and providing actionable insights to drive business decisions. Responsibilities: Gather data from various sources, ensuring…"
2026-09-26,Quantitative Data Analyst,Zivanta Analytics,"Kolkata, West Bengal",,,2026-09-05T07:37:49Z,,0,About the job: We are seeking a highly motivated Quantitative Data Analyst to join our dynamic team. He/she will play a critical role in conducting quantitative analysis and supporting valuation processes. This position offers an exciting opportunity to work with innovative technology and contribute to strategic decision-making in the US banking sector. Key Responsibilities: Perform detailed analysis and modeling of US Banking products using advanced quantitative techniques and industry-standar…
2026-09-26,Product Data Analyst,Wroots Global Private Limited,"Indore, Madhya Pradesh",,,2026-07-23T06:47:39Z,,0,About the role Were hiring a Product Data Analyst to be the analytical backbone of how we build ship and improve our grant management platform Youll partner directly with PMs designers and engineers to turn product usage data into decisions what to build what to kill what to double down on This is a highleverage role your dashboards experiments and analyses will shape roadmap priorities and how thousands of foundations nonprofits and grantmakers experience our product Youll own the full analyti…
2026-09-26,Data Analyst - Operations,Kroll,"Bangalore, Karnataka",,,2026-08-08T20:46:00Z,,0,"Description Kroll is seeking a detail-oriented and analytical Data Analyst - Operations, to support their service line Operations teams in driving operational excellence across a global consulting practice. This role is ideal for an early-career professional who enjoys working with data, improving processes, supporting business operations, and collaborating with stakeholders across multiple functions. The Operations Analyst will help ensure the accuracy of operational data, support business rep…"
2026-09-26,Data Analyst - Senior,FedEx,India,,,2026-09-18T22:02:54Z,,0,"What can you expect as a FedEx team member? Career Mobility and Development : When you join FedEx, you’re joining a team with possibilities that literally span the world—from opportunities for advancement and location transfer, to training and leadership programs. Total Compensation and Benefits Package : We want to keep our employees for a long time, so we offer competitive benefits, opportunities for flexible work arrangements, and programs to support well-being. Equal Opportunities Our great…"
2026-09-26,Senior Data Analyst,Guardant Health,India,,,2026-08-16T21:03:09Z,,0,"Company Description Guardant Health is a leading precision oncology company focused on guarding wellness and giving every person more time free from cancer. Founded in 2012, Guardant® is transforming patient care and accelerating new cancer therapies by providing critical insights into what drives disease through its advanced blood and tissue tests, real-world data and AI analytics. Guardant tests help improve outcomes across all stages of care, including screening to find cancer early, monitor…"
2026-09-26,Data Analyst- Marketing,Unnati,"Delhi, India",0.0,1500000.0,2021-10-23T04:34:53Z,,0,"Are you looking for a team that is built on comradeship, lets you embrace your individuality and also pays you a handsome compensation? Then read on. Our client is one of the largest shopping and cashback website, that enables all its members to find products from various e-commerce sites like Amazon, Flipkart, Myntra, CliQ etc while allowing to comparing prices for similar products across these sites and also earning handsome cashback or discount coupons for every purchase. Their app and websi…"
2026-09-26,Senior Data Analyst,Hevo Data,"Bangalore, Karnataka",,,2026-04-26T02:01:30Z,,0,"About Hevo: Hevo ( www.hevodata.com ) is a simple, intuitive, and powerful No-code Data Pipeline platform that enables companies to consolidate data from multiple software for faster analytics. Hevo powers data analytics for 2000 data-driven companies across multiple industry verticals, including Cult.fit, Postman, ThoughtSpot, Jawa Motorcycles. By automating complex data integration tasks, Hevo allows data teams to focus on deriving groundbreaking insights and driving their businesses forward.…"
2026-09-26,Senior Data Analyst,QuaXigma IT solutions Private Limited,"Andhra Pradesh, India",700000.0,2500000.0,2026-09-11T16:12:42Z,SQL,1,"Role Overview We are seeking a skilled Senior Data Analyst with substantial hands-on experience in Source System Analysis, data mapping, data modeling, SQL analysis, and integration testing. The ideal candidate will support seamless data flow across business applications, ensure data accuracy, and contribute to system improvements. Key Responsibilities Conduct detailed data mapping between source and target systems, ensuring consistency and accuracy. Build and maintain data models to support bu…"
2026-09-26,CDP - Data Analyst,Tekion,India,,,2026-09-06T21:24:43Z,,0,"About Tekion: Positively disrupting an industry that has not seen any innovation in over 50 years, Tekion has challenged the paradigm with the first and fastest cloud-native automotive platform that includes the revolutionary Automotive Retail Cloud (ARC) for retailers, Automotive Enterprise Cloud (AEC) for manufacturers and other large automotive enterprises and Automotive Partner Cloud (APC) for technology and industry partners. Tekion connects the entire spectrum of the automotive retail eco…"
2026-09-26,Business and Data Analyst,Acura Solution,"Kanpur, Kanpur Dehat",,,2026-05-13T02:14:33Z,,0,"Job Description: The Business and Data Analyst is required to work closely with business stakeholders, project managers and users converting business requirements into technology solutions, overseeing their documentation and deployment, create intelligent designs for reports and dashboard based on analysis of data. The responsibilities include: • Elicits, analyses, specifies, and validates the business needs of stakeholders, (Customers and/or end users). • Collaborates with project sponsors to …"
2026-09-26,Environmental Data Analyst,Tradeweb,"Bangalore, Karnataka",,,2026-09-11T11:12:21Z,,0,"Company Description Tradeweb is a global leader in electronic trading across asset classes. As financial markets become increasingly interconnected, our technology enables efficient, multi-asset trading on a global scale. We serve more than 3,000 clients in more than 85 countries, including many of the world's largest banks, asset managers, hedge funds, insurers, corporations, and wealth managers. Creative collaboration and sharp client focus have helped fuel our organic growth. We facilitated …"
2026-09-26,Environmental Data Analyst,Tradeweb Markets,"Bangalore, Karnataka",,,2026-09-11T21:11:34Z,,0,"Description Company Description Tradeweb is a global leader in electronic trading across asset classes. As financial markets become increasingly interconnected, our technology enables efficient, multi-asset trading on a global scale. We serve more than 3,000 clients in more than 85 countries, including many of the world’s largest banks, asset managers, hedge funds, insurers, corporations, and wealth managers. Creative collaboration and sharp client focus have helped fuel our organic growth. We …"
2026-09-26,Financial Data Analyst,Nirvana Solutions,India,0.0,300000.0,2021-02-04T03:40:40Z,,0,"Job Title - Senior Financial Data Analyst. Experience Required - 2 - 4 years. Job Location - Gurugram (Haryana). Salary Offered - As per industry standard. Selection process - Aptitude test followed by F2F interview and Final HR interview Qualification - MBA Finance Shift - Night Shift About Nirvana Nirvana Solutions is a financial technology & services provider that delivers integrated and modular front, middle and back office solutions to a wide array of financial firms, including hedge funds…"
2026-09-26,Reliability Data Analyst,Pinnacle Reliability India,India,,,2026-07-12T03:21:23Z,,0,"We are building a team of trailblazers, who embody growth, impact, and excellence. Job Description As a Reliability Data Analyst, you will execute intermediate to advance level task work for engineering projects across multiple areas of reliability data gathering, organizing, analyzing, and strategizing. Job Duties Solve complex reliability problems using professional judgment to ensure tasks include the appropriate level of assessment, analysis, and evaluation while following best practices an…"
2026-09-26,Data Analyst Acquisition,Tangem,India,,,2026-09-09T16:12:39Z,,0,"Data Analyst (Acquisition) Affiliate, CRM, Web, Marketing About Tangem Tangem is a high-tech company in the blockchain sector, founded in 2017, headquartered in Zug, Switzerland, with branches in North America, Eastern Europe, and APAC. We bring digital assets to the masses through a smartcard-based hardware wallet and mobile apps: secure, simple UX in 220 countries, setup in under a minute, and multi-support for thousands of tokens in one wallet. SBI Crypto Investment Ltd. (wholly owned by SBI…"
2026-09-26,Senior Data Analyst,Fortive,India,,,2026-09-12T21:24:56Z,,0,"Description The Data Analyst will focus on advanced analytics, predictive modeling, and scalable BI development to support Sales leadership with forward-looking insights. This role is responsible for building and maintaining predictive, repeatable reporting frameworks across forecasting, top-of-funnel performance, and core sales KPIs. Advanced Analytics & Predictive Modeling Design and maintain predictive models to support revenue forecasting, pipeline movement, deal progression, and funnel con…"
2026-09-26,Senior Data Analyst,JLL,India,,,2026-09-25T21:26:20Z,,0,"JLL empowers you to shape a brighter way . Our people at JLL are shaping the future of real estate for a better world by combining world class services, advisory and technology for our clients. We are committed to hiring the best, most talented people and empowering them to thrive, grow meaningful careers and to find a place where they belong. Whether you’ve got deep experience in commercial real estate, skilled trades or technology, or you’re looking to apply your relevant experience to a new …"
2026-09-26,Senior Data Analyst,Netomi,India,,,2026-07-28T20:48:18Z,,0,"About the Company: Netomi is the leading agentic AI platform for enterprise customer experience. We work with the largest global brands like Delta Airlines, MetLife, United, and others to enable agentic automation at scale across the entire customer journey. Our no-code platform delivers the fastest time to market, lowest total cost of ownership, and simple, scalable management of AI agents for any CX use case. Backed by WndrCo, Y Combinator, and Index Ventures, we help enterprises drive effici…"
2026-09-26,Senior - Data Analyst,KPMG,"Bangalore, Karnataka",,,2026-07-31T07:24:38Z,,0,"We are looking for a dynamic and detail-oriented DP-Consultant specializing in Adobe Analytics to join our growing team. As a key member of our Data and Analytics practice, you will work closely with clients to design, implement, and optimize Adobe Analytics solutions that drive data-driven decision-making. Your expertise in Adobe Analytics will empower clients to extract actionable insights from their digital data, improve marketing performance, and accelerate business growth. You will also be…"
2026-09-26,"Data Analyst, Exploration",DRW,India,,,2026-09-24T16:14:48Z,,0,"DRW is a diversified trading firm with over 3 decades of experience bringing sophisticated technology and exceptional people together to operate in markets around the world. We value autonomy and the ability to quickly pivot to capture opportunities, so we operate using our own capital and trading at our own risk. Headquartered in Chicago with offices throughout the U.S., Canada, Europe, and Asia, we trade a variety of asset classes including Fixed Income, ETFs, Equities, FX, Commodities and En…"
2026-09-26,Marketing Data Analyst,Amex,"Gurgaon, Haryana",,,2026-09-24T21:14:07Z,,0,"Amex GBT is a place where colleagues find inspiration in travel as a force for good and – through their work – can make an impact on our industry. We’re here to help our colleagues achieve success and offer an inclusive and collaborative culture where your voice is valued. What You'll Do Dashboarding & Reporting Development Compose, build, and maintain dashboards that monitor lead generation performance, funnel conversion, and marketing return on investment Ensure dashboards are intuitive, perf…"
2026-09-26,Sr. Data Analyst,Multi Recruit,"Bangalore, Karnataka",2500000.0,3000000.0,2022-01-30T04:34:32Z,,0,"We are looking for a Senior Data Analyst who will support our product, sales, leadership, and marketing teams with data collection and organization of data in order to draw conclusions, make predictions, and drive informed decision making. The ideal candidate is adept at using large data sets to find opportunities for product and marketing optimization and using data models to test the effectiveness of different courses of action. Not just that, you also understand how to clean and organize dat…"
2026-09-26,Data Analyst I,Parker Group,India,22000.0,36000.0,2026-01-25T01:31:13Z,,0,"About the Role: Parker’s mission is simple but ambitious: to increase the number of financially independent people. We believe the best way to achieve this is by equipping independent business owners with the financial tools they need to scale profitably. Our core product combines a virtual corporate card with profitability-focused financial software , empowering eCommerce merchants to grow faster while maintaining control of their margins. We’ve raised over $180M in equity and debt from world-…"
2026-09-26,Advanced Data Analyst,Honeywell,"Pune, Maharashtra",,,2026-08-15T20:53:21Z,,0,"Description The Role: The Advanced Data Analyst will work across all PT lines of business and geographies to drive enterprise data quality, governance, and analytics initiatives supporting PT’s Digital Transformation, including S/4 HANA, digital customer experience, and enterprise analytics. The role will focus on improving master and transactional data quality, enabling efficient business processes across Quote-to-Cash, Plan-to-Produce, Source-to-Pay, and Record-to-Report, while driving measur…"
2026-09-26,RegTech Data Analyst,Tradeweb Markets,"Bangalore, Karnataka",,,2026-08-19T21:10:33Z,,0,"Description Company Description Tradeweb is a global leader in electronic trading across asset classes. As financial markets become increasingly interconnected, our technology enables efficient, multi-asset trading on a global scale. We serve more than 3,000 clients in more than 85 countries, including many of the world’s largest banks, asset managers, hedge funds, insurers, corporations, and wealth managers. Creative collaboration and sharp client focus have helped fuel our organic growth. We …"
2026-09-26,RegTech Data Analyst,Tradeweb,"Bangalore, Karnataka",,,2026-08-19T11:12:35Z,,0,"Company Description Tradeweb is a global leader in electronic trading across asset classes. As financial markets become increasingly interconnected, our technology enables efficient, multi-asset trading on a global scale. We serve more than 3,000 clients in more than 85 countries, including many of the world's largest banks, asset managers, hedge funds, insurers, corporations, and wealth managers. Creative collaboration and sharp client focus have helped fuel our organic growth. We facilitated …"
2026-09-26,Litigation Data Analyst,KLDiscovery,India,,,2026-09-17T21:50:05Z,Excel,1,"Description KLDiscovery, a leading global provider of electronic discovery, information governance and data recovery services, is currently seeking a Hosting Data Analyst/Litigation Support Analyst. The candidate will have experience using E-Discovery tools, Microsoft Office, specifically Microsoft Excel. This position does not require any license or certification in order to be considered Remote, work from home opportunity. Responsibilities Work as part of a team, candidate will be required to…"
2026-09-26,ERP Data Analyst,Greif,India,,,2026-05-11T02:23:40Z,,0,"Greif is a global leader in performance packaging located in 40 countries. The company delivers trusted, innovative, and tailored solutions that support some of the world's most in demand and fastest-growing industries. With a commitment to legendary customer service, operational excellence, and global sustainability, Greif packages life's essentials - and creates lasting value for its colleagues, customers, and other stakeholders. Learn more about the company's Customized Polymer , Sustainable…"
2026-09-26,Principal Data Analyst,Ethos Life,"Bangalore, Karnataka",,,2026-08-31T20:57:07Z,,0,"About Ethos Ethos is a leading life insurance technology company on a mission to protect families by democratizing access to life insurance and empowering agents at scale. With its robust three-sided technology platform, Ethos is transforming the life insurance experience for consumers, agents, and carriers alike. Ethos offers instant, accessible products and a seamless online process that requires no medical exams and just a few health questions; it eliminates traditional barriers, making it e…"
2026-09-26,Senior Data Analyst,Thoughtworks,"Bangalore, Karnataka",,,2026-09-23T21:52:40Z,,0,"Senior Data Analysts at Thoughtworks collect, process and analyze large datasets to provide valuable insights and support informed decision-making for our clients. They are responsible for the strategy, implementation, productionization and articulation of business impact. They collaborate with cross-functional teams and communicate findings to both technical and non-technical stakeholders. They stay up-to-date with industry advancements, ensure data quality and security, and actively mentor ot…"
2026-09-26,Staff Data Analyst,Coupang,"Bangalore, Karnataka",,,2026-08-22T20:41:03Z,,0,"Company Introduction We exist to wow our customers. We know we’re doing the right thing when we hear our customers say, “How did we ever live without Coupang?” Born out of an obsession to make shopping, eating, and living easier than ever, we’re collectively disrupting the multi-billion-dollar e-commerce industry from the ground up. We are one of the fastest-growing e-commerce companies that established an unparalleled reputation for being a dominant and reliable force in South Korean commerce.…"
2026-09-26,Senior Data Analyst,Zeta Global,"Hyderabad, Telangana",,,2026-06-08T02:34:31Z,,0,"Senior Data Analyst Location: Hyderabad, India (WFO) Reporting / Hours: 6:00 PM to 2:00 AM IST, as the candidate will need to collaborate closely with stakeholders in the US time zone. Primary Job Responsibilities: Zeta is looking for an exceptional Senior Business Analyst, Marketing Effectiveness to join our team in Hyderabad, India. This role is ideal for a business-minded analytics professional who can connect marketing strategy, measurement, and performance insights to practical business de…"
2026-09-26,Data Analyst I,TIAA,"Pune, Maharashtra",,,2026-08-21T20:45:56Z,Statistics,1,"Analyst - Business Intelligence - IN Professionals in this category use a set of methods and tools like Cognos, QlikView etc. to access and explore data to derive insights for decision making. Key Responsibilities and Duties They collaborate with business users and focus on counts, statistics, and visualization to improve performance and find strategic opportunities for the business. Their job involves the enablement of effective data management (collected from independent transaction systems) …"
2026-09-26,Advanced Data Analyst,Honeywell Technologies,"Gurgaon, Haryana",,,2026-08-16T11:22:03Z,,0,"The Role: The Advanced Data Analyst will work across all PT lines of business and geographies to drive enterprise data quality, governance, and analytics initiatives supporting PT's Digital Transformation, including S/4 HANA, digital customer experience, and enterprise analytics. The role will focus on improving master and transactional data quality, enabling efficient business processes across Quote-to-Cash, Plan-to-Produce, Source-to-Pay, and Record-to-Report, while driving measurable busines…"
2026-09-26,Advanced Data Analyst,Honeywell Technologies,"Pune, Maharashtra",,,2026-08-16T11:22:03Z,,0,"The Role: The Advanced Data Analyst will work across all PT lines of business and geographies to drive enterprise data quality, governance, and analytics initiatives supporting PT's Digital Transformation, including S/4 HANA, digital customer experience, and enterprise analytics. The role will focus on improving master and transactional data quality, enabling efficient business processes across Quote-to-Cash, Plan-to-Produce, Source-to-Pay, and Record-to-Report, while driving measurable busines…"
2026-09-26,Advanced Data Analyst,Honeywell Technologies,"Bangalore, Karnataka",,,2026-08-16T11:22:03Z,,0,"The Role: The Advanced Data Analyst will work across all PT lines of business and geographies to drive enterprise data quality, governance, and analytics initiatives supporting PT's Digital Transformation, including S/4 HANA, digital customer experience, and enterprise analytics. The role will focus on improving master and transactional data quality, enabling efficient business processes across Quote-to-Cash, Plan-to-Produce, Source-to-Pay, and Record-to-Report, while driving measurable busines…"
2026-09-26,Data Analyst I,Syneos Health,India,,,2026-09-19T21:48:59Z,,0,"Data Analyst I Syneos Health® is a leading fully-integrated life sciences services organization built to accelerate customer success. We partner with innovators at every point across the drug development and commercialization continuum, helping them navigate complexity, anticipate change and accelerate progress. Our Clinical Solutions team members act with a drug development mindset, applying their years of experience and deep expertise to truly understand customer needs and represent those in …"
2026-09-26,Data Analyst 5B,genpact,India,,,2026-09-21T21:52:59Z,,0,"Data Analyst Ready to turn bold ideas into real-world impact? At Genpact, we don’t just adapt to change, we lead it. AI and digital innovation are transforming the way businesses work, and we’re at the forefront of it. Genpact’s AI Gigafactory , our industry-first accelerator, exemplifies how we scale advanced technology solutions to help global enterprises work smarter, grow faster, and transform at scale. Whether tackling complex challenges through large-scale models or agentic AI , our break…"
2026-09-26,"Data Analyst, Labs",DoorDash,"Hyderabad, Telangana",,,2026-08-15T20:42:13Z,,0,"Hyderabad, preferred or remote About the Team DoorDash Labs is an independent team within DoorDash. We explore robotics and automation to transform last mile logistics in the long term. If you want to work on commercializing autonomy and robotics in a service used by millions of people, then we want to talk to you! About the Role Come help us redefine last-mile logistics through robotics, automation, and other advanced technologies! DoorDash Labs is an independent team inside of DoorDash incuba…"
2026-09-26,"Data Analyst, Stewardship",DRW,India,,,2026-09-24T16:14:52Z,,0,"DRW is a diversified trading firm with over 3 decades of experience bringing sophisticated technology and exceptional people together to operate in markets around the world. We value autonomy and the ability to quickly pivot to capture opportunities, so we operate using our own capital and trading at our own risk. Headquartered in Chicago with offices throughout the U.S., Canada, Europe, and Asia, we trade a variety of asset classes including Fixed Income, ETFs, Equities, FX, Commodities and En…"
2026-09-26,Senior Data Analyst,Fortive Corporation,India,,,2026-09-12T11:10:24Z,,0,"The Data Analyst will focus on advanced analytics, predictive modeling, and scalable BI development to support Sales leadership with forward-looking insights. This role is responsible for building and maintaining predictive, repeatable reporting frameworks across forecasting, top-of-funnel performance, and core sales KPIs. _Advanced Analytics & Predictive Modeling_  Design and maintain predictive models to support revenue forecasting, pipeline movement, deal progression, and funnel conversion. …"
2026-09-26,Senior Data Analyst,PVH,India,,,2026-09-09T21:19:00Z,,0,"About Us: We are brand builders who focus our passion and creativity to build Calvin Klein and TOMMY HILFIGER into the most desirable lifestyle brands in the world and at the same time position PVH as one of the best-performing brand groups in our sector. Guided by our values and enabled by our scale and global reach, we are driving fashion forward for good, as one team with one vision and one plan. That’s the Power of Us, that’s the Power of PVH. One of PVH’s greatest strengths is our people. …"
2026-09-26,Junior Data Analyst,Jobgether,India,,,2026-09-24T21:09:12Z,Power BI,1,"This position is listed on behalf of a partner company, who manages all applications and next steps. Our partner is looking for a Junior Data Analyst based in India. This role supports Talent Acquisition and HR teams by turning workforce and recruitment data into clear, actionable insights. You will design and maintain interactive Power BI dashboards, Workday reports, and recurring management information reports. The position combines data analysis, reporting automation, data quality management…"
2026-09-26,HR Data Analyst,ADM,"Bangalore, Karnataka",,,2026-08-20T11:09:50Z,,0,"Role Overview: The Global HR Data & Analytics team enables insight-led decision making across the enterprise by providing trusted, consistent, and scalable workforce data, reporting, and analytics support. As part of the Global Capability Center, the HR Data Analyst serves as a key member of a centralized analytics delivery model. This role provides scalable reporting, data validation, compliance data preparation, analytics operations, tool access support, and documentation across regions, func…"
2026-09-26,"Senior, Data Analyst",WM Global Technology Services India,India,,,2026-09-18T21:33:43Z,"Python, Power BI, GCP",3,"Position Summary What you'll do Job Summary: We are seeking a highly skilled and motivated Senior Data Analyst to join our Data Analytics team. The ideal candidate will have 5 years of experience building scalable reporting and business intelligence solutions, with deep expertise in Power BI, Google Cloud Platform (GCP), Python, and Dataiku. This role will be responsible for developing enterprise-grade dashboards, automating manual processes, generating actionable business insights, and leverag…"
2026-09-26,Senior Data Analyst,Priceline,"Mumbai, Maharashtra",,,2026-08-09T20:48:22Z,,0,"This role is eligible for our hybrid work model: Two days in-office. We’re a data-driven organization, which makes our Analytics and Data Science teams the brains of our operation. On the cutting edge of customer and business analytics, they make sure all our decisions and innovations are based on the latest insights. Why this job’s a big deal: As a Senior Data Analyst within our Finance team, you will lead high-profile, strategic initiatives. Collaborating closely with stakeholders across dive…"
2026-09-26,Senior Data Analyst,FinBox,"Bangalore, Karnataka",,,2026-09-19T16:13:51Z,,0,"FinBox: Where Fintech Meets Fun! Welcome to FinBox, the buzzing hive of tech innovation and creativity! Since our inception in 2017, FinBox has built some of the most advanced technologies in the financial services space that help lenders like Banks, NBFCs and large enterprises build and launch credit products within a matter of days, not months or years. FinBox is a Series B funded company which is expanding globally with offices in India, Vietnam, Indonesia and Philippines. Our vision is to b…"
2026-09-26,Marketing & Data Analyst,Jobgether,India,,,2026-09-20T21:50:10Z,,0,"This position is listed on behalf of a partner company, who manages all applications and next steps. Our partner is looking for a Marketing & Data Analyst based in India. This is a hands-on analytics role responsible for connecting marketing performance, product behavior, and customer retention data. You will own reporting and tracking across acquisition channels and help ensure business decisions are based on accurate, reliable information. The role spans the full customer journey, including a…"
2026-09-26,Marketing Data Analyst,Qualys,"Pune, Maharashtra",,,2026-09-19T21:32:18Z,,0,"Come work at a place where innovation and teamwork come together to support the most exciting missions in the world! Qualys is looking for a highly analytical, technically strong and business-oriented Marketing Data Analyst to join our Marketing Operations organization in Pune. This role sits at the intersection of Marketing, Sales, Revenue Operations, Marketing Technology, Data and Analytics. The ideal candidate will combine strong analytical capabilities with hands-on experience across CRM, m…"
2026-09-26,Senior Data Analyst,PVH Corp.,"Bangalore, Karnataka",,,2026-09-17T11:11:15Z,,0,"About Us: We are brand builders who focus our passion and creativity to build Calvin Klein and TOMMY HILFIGER into the most desirable lifestyle brands in the world and at the same time position PVH as one of the best-performing brand groups in our sector. Guided by our values and enabled by our scale and global reach, we are driving fashion forward for good, as one team with one vision and one plan. That's the Power of Us, that's the Power of PVH.??? One of PVH's greatest strengths is our peopl…"
2026-09-26,Data Analyst I,Tekion,"Bangalore, Karnataka",,,2026-08-28T07:37:17Z,,0,"We are seeking a skilled Data Business Intelligence Analyst to join one of the most fast-paced and exciting teams at Tekion. We are redefining and redesigning the automotive datascape with state-of-the-art data models and business intelligence tools. In this role, you will play a crucial part in modeling data, designing, developing, and maintaining BI solutions tailored for the automotive sector. You will collaborate closely with stakeholders to understand their business needs and translate the…"
